id_registro,titulo,autores,ano,periodico,doi,url,url_pdf_aberto,resumo,fontes,consultas_busca,pontuacao_relevancia,status_pre_triagem_ia,escore_aderencia_ia,recomendacao_ia,confianca_ia,bloco_tematico_ia,criterio_inclusao_ia,criterio_exclusao_ia,justificativa_ia,decisao_titulo_resumo,motivo_exclusao_titulo_resumo,texto_completo_local,decisao_texto_completo,motivo_exclusao_texto_completo,incluir_final,observacoes,pais_contexto,objetivo_estudo,desenho_metodo,amostra_base,achados_principais,limitacoes,contribuicao_pergunta
openalex:https://openalex.org/W2016129290,"Evaluation of work disability and the international classification of functioning, disability and health: what to expect and what not",Jessica Anner; Urban Schwegler; Regina Kunz; Bruno Trezzini; Wout de Boer,2012,BMC Public Health,10.1186/1471-2458-12-470,https://doi.org/10.1186/1471-2458-12-470,https://bmcpublichealth.biomedcentral.com/counter/pdf/10.1186/1471-2458-12-470,"BACKGROUND: Individuals who are sick and unable to work may receive wage replacement benefits from an insurer. For these provisions, a disability evaluation is required. This disability evaluation is criticised for lack of standardisation and transparency. The International Classification of Functioning, Disability and Health (ICF) was developed to express the situation of people with disability. We discuss potential benefits of the ICF to structure and phrase disability evaluation in the field of social insurance. We describe core features of disability evaluation of the ICF across countries. We address how and to what extent the ICF may be applied in disability evaluation. DISCUSSION: The medical reports in disability evaluation contain the following core features: health condition, functional capacity, socio-medical history, feasibility of interventions and prognosis of work disability. Reports also address consistency, causal relations according to legal requirements, and ability to work. The ICF consists of a conceptual framework of functioning, disability and health, definitions referring to functioning, disability and health, and a hierarchical classification of these definitions. The ICF component 'activities and participation' is suited to capture functional capacity. Interventions can be described as environmental factors but these would need an additional qualifier to indicate feasibility. The components 'participation' and 'environmental factors' are suited to capture work requirements. The socio-medical history, the prognosis, and legal requirements are problematic to capture with both the ICF framework and classification. SUMMARY: The ICF framework reflects modern thinking in disability evaluation. It allows for the medical expert to describe work disability as a bio-psycho-social concept, and what components are of importance in disability evaluation for the medical expert. The ICF definitions for body functions, structures, activity and participation, and environmental factors cover essential parts of disability evaluation. The ICF framework and definitions are however limited with respect to comprehensive descriptions of work disability.",openalex,openalex:analise_documental_elegibilidade:analise_documental_elegibilidade_3,0.0,CONCLUIDA,90.0,PRIORIDADE_ALTA,97.0,Benefícios por incapacidade e avaliação médico-pericial,"Estudo que analisa avaliação de incapacidade para benefícios, relatórios médicos, padronização, transparência e decisão em seguro social.",Nenhum critério de exclusão claramente aplicável.,"O resumo trata diretamente de avaliação de incapacidade para reposição salarial por seguradora, estrutura de relatórios médicos, capacidade funcional, requisitos legais, transparência e padronização. É altamente aderente ao eixo de avaliação médico-pericial e qualidade decisória.",PENDENTE,,,NAO_INICIADO,,PENDENTE,,,,,,,,
semantic_scholar:daf0642c3cc63c4fe571e7d8a2c7fd20371e796d,Telehealth Intervention: A Proposal for a Telemedicine Manual to Ascertain the Civil Disability Status in Italy,N. Di Fazio; G. Delogu; D. Morena; Eugenia Carfora; Dalila Tripi; R. Rinaldi; P. Frati; V. Fineschi,2024,International Journal of Environmental Research and Public Health,10.3390/ijerph21030253,https://www.semanticscholar.org/paper/daf0642c3cc63c4fe571e7d8a2c7fd20371e796d,https://www.mdpi.com/1660-4601/21/3/253/pdf?version=1708613056,"(1) This paper aims to propose a telematic method for assessing the state of disability by a social worker member of the Medico-Legal Commissions of INPS. (2) We have proceeded to delve into and compare the current methods with new strategies to enhance the experience linked to the assessment of the status of disability in terms of timing and accessibility, eliminating the need for a direct visit. (3) The proposed protocol can be applied in cases where patients cannot be physically moved, following a medical visit at home, and when the mere evaluation of documents is sufficient. In both cases, a remote session with the Commission is necessary to fill in the required information about the socio-environmental section. This protocol can be applied to different platforms such as Skype™ since it is free and widely used throughout the country. (4) It should be noted that telemedicine solutions cannot completely replace face-to-face interaction; however, in some limited cases, they can optimize the process and timing, avoiding the need to move or interact only by telephone.",semantic_scholar,semantic_scholar:telepericia_avaliacao_remota:telepericia_avaliacao_remota_1; semantic_scholar:telepericia_avaliacao_remota:telepericia_avaliacao_remota_2,0.0,CONCLUIDA,90.0,PRIORIDADE_ALTA,96.0,Teleperícia e avaliação remota,"Estudos que examinem teleperícia, avaliação médica remota, modalidades híbridas de avaliação; estudos sobre análise documental, elegibilidade e acesso.",Nenhum critério de exclusão evidente no título/resumo.,"Resumo descreve proposta de telemedicina para apuração do status civil de deficiência na Itália, com comparação de métodos atuais, uso de documentos, sessão remota com comissão, e foco em tempo e acessibilidade. Alta aderência aos eixos de teleperícia, análise documental e desenho de fluxo híbrido.",PENDENTE,,,NAO_INICIADO,,PENDENTE,,,,,,,,
semantic_scholar:38751410ad9679234d66dc6f80e9c29dc676e894,Medical certification in sickness benefit schemes (I): theoretical perspectives and return-to-work,Yangwoo Kim; Inah Kim,2025,Annals of Occupational and Environmental Medicine,10.35371/aoem.2025.37.e23,https://www.semanticscholar.org/paper/38751410ad9679234d66dc6f80e9c29dc676e894,https://europepmc.org/articles/PMC12671951?pdf=render,"This study explores the theoretical foundations and practical applications of medical certification within the sickness benefit systems, particularly in the context of Korea’s pilot program and its planned national rollout. While sickness benefit systems have long existed in many Organization for Economic Cooperation and Development (OECD) countries, Korea has only recently initiated pilot projects, largely prompted by the coronavirus disease 2019 pandemic. These systems aim to compensate for income loss due to illness or injury, and medical certification plays a central role in determining eligibility and work ability. This study defines medical certification as a two-stage process: clinical diagnosis and formal assessment of a worker’s ability to return-to-work. The dual nature highlights the distinct objectives of the medical treatment and social security policies. Drawing on international practices, this study reviews the International Classification of Functioning, Disability, and Health (ICF) as a key global framework for assessing disability and work ability, although it acknowledges the limitations of its application to sickness benefits. The research emphasizes a shift in global trends toward return-to-work–oriented certification models, such as the UK’s “fit note” system, which focuses on evaluating fitness-for-work rather than merely documenting illness. Sweden and Japan also offer models that integrate rehabilitation with flexible work accommodations. Three key issues were identified in Korea’s system: the role of medical certification and concerns about moral hazard, the burden of proof and workload on physicians, and public perceptions of the program’s purpose. We believe that medical certification should not only verify illness but also support early intervention and a healthy workforce. Ultimately, this study advocates for a balanced and efficient medical certification system tailored to Korea’s healthcare context closely aligning with labor market policies to ensure long-term sustenance and integration of the sickness benefit program.",europe_pmc; pubmed; semantic_scholar,europe_pmc:analise_documental_elegibilidade:analise_documental_elegibilidade_2; europe_pmc:beneficios_incapacidade_avaliacao_medico_pericial:beneficios_incapacidade_avaliacao_medico_pericial_3; pubmed:analise_documental_elegibilidade:analise_documental_elegibilidade_2; pubmed:beneficios_incapacidade_avaliacao_medico_pericial:beneficios_incapacidade_avaliacao_medico_pericial_3; semantic_scholar:beneficios_incapacidade_avaliacao_medico_pericial:beneficios_incapacidade_avaliacao_medico_pericial_3,0.0,CONCLUIDA,90.0,PRIORIDADE_ALTA,95.0,Análise documental e elegibilidade,"Estudos que analisem benefícios por incapacidade, certificação médica ou avaliação médico-pericial; estudos que abordem elegibilidade, análise de documentos médicos ou processos de decisão sobre incapacidade.",,"Resumo trata diretamente de sistemas de benefício por doença, certificação médica, elegibilidade, capacidade para o trabalho e fundamentos teóricos da avaliação. Muito aderente ao redesenho de fluxos decisórios.",PENDENTE,,,NAO_INICIADO,,PENDENTE,,,,,,,,
crossref:10.1080/09638288.2017.1366556,Assessing work disability for social security benefits: international models for the direct assessment of work capacity,Geiger; Garthwaite; Warren; Bambra,2018,Disability and Rehabilitation,10.1080/09638288.2017.1366556,https://doi.org/10.1080/09638288.2017.1366556,https://www.tandfonline.com/doi/pdf/10.1080/09638288.2017.1366556?needAccess=true,"PURPOSE: It has been argued that social security disability assessments should directly assess claimants' work capacity, rather than relying on proxies such as on functioning. However, there is little academic discussion of how such assessments could be conducted. METHOD: The article presents an account of different models of direct disability assessments based on case studies of the Netherlands, Germany, Denmark, Norway, the United States of America, Canada, Australia, and New Zealand, utilising over 150 documents and 40 expert interviews. RESULTS: Three models of direct work disability assessments can be observed: (i) structured assessment, which measures the functional demands of jobs across the national economy and compares these to claimants' functional capacities; (ii) demonstrated assessment, which looks at claimants' actual experiences in the labour market and infers a lack of work capacity from the failure of a concerned rehabilitation attempt; and (iii) expert assessment, based on the judgement of skilled professionals. CONCLUSIONS: Direct disability assessment within social security is not just theoretically desirable, but can be implemented in practice. We have shown that there are three distinct ways that this can be done, each with different strengths and weaknesses. Further research is needed to clarify the costs, validity/legitimacy, and consequences of these different models. Implications for rehabilitation It has recently been argued that social security disability assessments should directly assess work capacity rather than simply assessing functioning - but we have no understanding about how this can be done in practice. Based on case studies of nine countries, we show that direct disability assessment can be implemented, and argue that there are three different ways of doing it. These are ""demonstrated assessment"" (using claimants' experiences in the labour market), ""structured assessment"" (matching functional requirements to workplace demands), and ""expert assessment"" (the judgement of skilled professionals). While it is possible to implement a direct assessment of work capacity for social security benefits, further research is necessary to understand how best to maximise validity, legitimacy, and cost-effectiveness.",crossref; openalex; pubmed,crossref:beneficios_incapacidade_avaliacao_medico_pericial:beneficios_incapacidade_avaliacao_medico_pericial_1; openalex:analise_documental_elegibilidade:analise_documental_elegibilidade_1; pubmed:beneficios_incapacidade_avaliacao_medico_pericial:beneficios_incapacidade_avaliacao_medico_pericial_1,0.0,CONCLUIDA,90.0,PRIORIDADE_ALTA,94.0,Benefícios por incapacidade e avaliação médico-pericial,"Estudo analisa modelos internacionais de avaliação direta da capacidade laboral para benefícios de seguridade social, com foco explícito em processos de avaliação e decisão sobre incapacidade.","Não aborda explicitamente teleperícia ou filas, mas isso não compromete a aderência principal.","Resumo claramente pertinente: compara modelos de avaliação de incapacidade para benefícios previdenciários/seguridade social em vários países, com base documental e entrevistas com especialistas. Contribui diretamente para desenho de processos decisórios e critérios de avaliação.",PENDENTE,,,NAO_INICIADO,,PENDENTE,,,,,,,,
semantic_scholar:d7b58cfe7a153fb0b4c887111eaa4a9a9850e463,Medical certification in sickness benefit scheme (II): practical approaches for evaluating work disability,Yangwoo Kim; Inah Kim,2025,Annals of Occupational and Environmental Medicine,10.35371/aoem.2025.37.e24,https://www.semanticscholar.org/paper/d7b58cfe7a153fb0b4c887111eaa4a9a9850e463,https://europepmc.org/articles/PMC12671957?pdf=render,"Work disability evaluation plays a central role in medical certification in sickness benefit schemes. This guides effective decision making for return-to-work timelines. Countries that incorporate it have varied approaches. To improve fairness and consistency, Sweden adopted disease-specific guidelines, particularly for complex health conditions such as mental disorders, cancer, and neurological diseases, whereas in the United Kingdom, a fit note system highlights the ease of fitness-for-work assessments in clinical settings. For a successful implementation of the sickness benefit scheme in Korea, it is essential to review international acumen in work disability evaluation and medical certification. This study also examines challenges that physicians face in certification, factors influencing assessments, and the usefulness of disease-specific guidelines. In many countries, administrative burdens, uncertainty in diagnosis, and ethical conflicts complicate physicians' tasks. Countries such as Sweden, France, and Ireland, have addressed these issues by developing structured certification tools and support systems. Learnings from the recent Korean pilot programs, this review identifies the following core priorities: developing disease-specific guidelines, providing clinical support for physicians’ decisions, and integrating occupational health expertise. These guidelines should function not only as administrative checklists, but also as potential clinical tools that consider both patient functionality and job characteristics. Finally, this study offers policy and practical insights to help design a consistent and fair medical certification system for Korea’s sickness benefit program that encourages timely medical intervention, prevents presenteeism, and promotes sustainable workforce reintegration.",europe_pmc; pubmed; semantic_scholar,europe_pmc:beneficios_incapacidade_avaliacao_medico_pericial:beneficios_incapacidade_avaliacao_medico_pericial_3; pubmed:analise_documental_elegibilidade:analise_documental_elegibilidade_2; pubmed:beneficios_incapacidade_avaliacao_medico_pericial:beneficios_incapacidade_avaliacao_medico_pericial_3; semantic_scholar:analise_documental_elegibilidade:analise_documental_elegibilidade_2; semantic_scholar:beneficios_incapacidade_avaliacao_medico_pericial:beneficios_incapacidade_avaliacao_medico_pericial_3,0.0,CONCLUIDA,88.0,PRIORIDADE_ALTA,95.0,Benefícios por incapacidade e avaliação médico-pericial,"Estudos que analisem benefícios por incapacidade, certificação médica ou avaliação médico-pericial; estudos que abordem triagem documental, elegibilidade, análise de documentos médicos ou processos de decisão sobre incapacidade.",,"Revisão explicitamente centrada em certificação médica em esquemas de benefício por doença, avaliação de incapacidade laboral, diretrizes estruturadas e desafios decisórios dos médicos. Alta aderência ao eixo de elegibilidade e avaliação pericial.",PENDENTE,,,NAO_INICIADO,,PENDENTE,,,,,,,,
openalex:https://openalex.org/W2623186831,Who Is Screened Out? Application Costs and the Targeting of Disability Programs,Manasi Deshpande; Yue Li,2019,American Economic Journal Economic Policy,10.1257/pol.20180076,https://doi.org/10.1257/pol.20180076,https://www.aeaweb.org/articles/pdf/doi/10.1257/pol.20180076,"We study the effect of application costs on the targeting of disability programs. We identify these effects using the closings of Social Security Administration field offices, which provide assistance with filing disability applications. Closings lead to a persistent 16 percent decline in the number of disability recipients in surrounding areas, with the largest effects for applicants with moderately severe conditions and low education levels. Disability applications fall by only 10 percent, implying that the closings reduce targeting efficiency based on current eligibility standards. Increased congestion at neighboring offices appears more important as a channel than higher travel or information costs. (JEL H55, I13, I18, J14)",openalex,openalex:capacidade_filas_alocacao:capacidade_filas_alocacao_1,0.0,CONCLUIDA,88.0,PRIORIDADE_ALTA,95.0,"Equidade territorial, qualidade e controle","Analisa programas de disability, custos de aplicação, acesso territorial/fechamento de escritórios, congestionamento e eficiência de focalização/eligibilidade.",Nenhum aparente pelos metadados.,"Muito aderente: trata de programas de incapacidade, barreiras de acesso, congestionamento operacional e efeitos sobre focalização/eligibilidade, elementos diretamente úteis para desenho de fluxo e equidade territorial.",PENDENTE,,,NAO_INICIADO,,PENDENTE,,,,,,,,
openalex:https://openalex.org/W2276328784,Medical evidence and Incapacity Benefit: evaluation of a pilot study,Roy Sainsbury; Anne Corden; Nancy Moses Finch,2003,"White Rose Research Online (University of Leeds, The University of Sheffield, University of York)",,https://openalex.org/W2276328784,https://eprints.whiterose.ac.uk/id/eprint/73270/1/Document.pdf,"'A report of research carried out by the Social Policy Research Unit, University of York on behalf of the Department for Work and Pensions'. Includes bibliographical references: p. 107",openalex,openalex:analise_documental_elegibilidade:analise_documental_elegibilidade_3,0.0,CONCLUIDA,88.0,PRIORIDADE_ALTA,93.0,Análise documental e elegibilidade,"Estudo sobre evidência médica e benefício por incapacidade, com avaliação de piloto potencialmente ligado à análise documental e decisão de elegibilidade.",Nenhum claramente aplicável a partir dos metadados.,"O título aponta diretamente para evidência médica e Incapacity Benefit, além de avaliar um estudo piloto. Mesmo com resumo limitado, a pertinência ao eixo de análise documental/elegibilidade e decisão administrativa é forte.",PENDENTE,,,NAO_INICIADO,,PENDENTE,,,,,,,,
semantic_scholar:55269e61b1d9649932b430a933ca9e6b0531f791,‘Working is out of the question’: a qualitative text analysis of medical certificates of disability,Guri Aarseth; B. Natvig; Eivind Engebretsen; A. Lie,2017,BMC Family Practice,10.1186/s12875-017-0627-z,https://www.semanticscholar.org/paper/55269e61b1d9649932b430a933ca9e6b0531f791,https://bmcfampract.biomedcentral.com/track/pdf/10.1186/s12875-017-0627-z,"BackgroundMedical certificates influence the distribution of economic benefits in welfare states; however, the qualitative aspects of these texts remain largely unexplored. The present study is the first systematic investigation done of these texts. Our aim was to investigate how GPs select and mediate information about their patients’ health and how they support their conclusions about illness, functioning and fitness for work in medical certificates.MethodsWe performed a textual analysis of thirty-three medical certificates produced by general practitioners (GP) in Norway at the request of the Norwegian Labour and Welfare Administration (NAV).The certificates were subjected to critical reading using the combined analytic methods of narratology and linguistics.ResultsSome of the medical information was unclear, ambiguous, and possibly misleading. Evaluations of functioning related to illness were scarce or absent, regardless of diagnosis, and, hence, the basis of working incapacity was unclear. Voices in the text frequently conflated, obscuring the source of speaker. In some documents, the expert’s subtle use of language implied doubts about the claimant’s credibility, but explicit advocacy also occurred. GPs show little insight into their patients’ working lives, but rather than express uncertainty and incompetence, they may resort to making too absolute and too general statements about patients’ working capacity, and fail to report thorough assessments.ConclusionsA number of the texts in our material may not function as sufficient or reliable sources for making decisions regarding social benefits. Certificates as these may be deficient for several reasons, and textual incompetence may be one of them. Physicians in Norway receive no systematic training in professional writing. High-quality medical certificates, we believe, might be economical in the long term: it might increase the efficiency with which NAV processes cases and save costs by eliminating the need for unnecessary and expensive specialist reports. Moreover, correct and coherent medical certificates can strengthen legal protection for claimants. Eventually, reducing advocacy in these documents may contribute to a fairer evaluation of whether claimants are eligible for disability benefits or not. Therefore, we believe that professional writing skills should be validated as an important part of medical practice and should be integrated in medical schools and in further education as a discipline in its own right, preferably involving humanities professors.",pubmed; semantic_scholar,pubmed:beneficios_incapacidade_avaliacao_medico_pericial:beneficios_incapacidade_avaliacao_medico_pericial_2; semantic_scholar:analise_documental_elegibilidade:analise_documental_elegibilidade_2,0.0,CONCLUIDA,88.0,PRIORIDADE_ALTA,93.0,Análise documental e elegibilidade,"Examina certificados médicos de incapacidade, seleção/mediação de informações, suporte à conclusão sobre funcionalidade e aptidão para o trabalho.",,"O resumo é diretamente alinhado ao eixo de análise documental e qualidade decisória: investiga conteúdo, clareza e ambiguidades em certificados médicos usados pela administração laboral/previdenciária, incluindo base para incapacidade laboral e credibilidade do requerente.",PENDENTE,,,NAO_INICIADO,,PENDENTE,,,,,,,,
openalex:https://openalex.org/W1489873298,Judging without criteria? Sickness certification in Dutch disability schemes,Agnes Meershoek; Anja Krumeich; Rein Vos,2007,Sociology of Health & Illness,10.1111/j.1467-9566.2007.01009.x,https://doi.org/10.1111/j.1467-9566.2007.01009.x,,"The gate-keeping function that physicians perform in determining clients' physical and mental incapacities is widely assumed to be the main reason for the rising numbers of disabled people. The sharp rise in the number of disabled has led many to claim that the disability benefits schemes are untenable. In order to regain public control and to make disabled eligibility procedures more transparent guidelines have been introduced in which medical evaluations are conceptualised as formal rational decisions. It is, however, questionable whether such measures are helpful in achieving their stated aims. This paper is based on ethnographic research on the ways physicians evaluate the eligibility of clients for disability benefits. It argues that assessing incapacity involves much more than formal rational decision-making. Doctors' reasoning is contextual and deliberative in character, and thus their assessment of a client's incapacity is less a technical matter than a normative one. Instead of generating transparency, guidelines based on formal rationality make the complex deliberations on which such judgments are based invisible, because they deny the normative dimension of medical expert decision-making. Therefore, different measures have to be developed that allow this normative dimension to be articulated, since insight into this normative dimension is a necessary pre-condition to be able to criticise disability judgments at all.",openalex,openalex:analise_documental_elegibilidade:analise_documental_elegibilidade_2; openalex:beneficios_incapacidade_avaliacao_medico_pericial:beneficios_incapacidade_avaliacao_medico_pericial_2,0.0,CONCLUIDA,88.0,PRIORIDADE_ALTA,92.0,Benefícios por incapacidade e avaliação médico-pericial,"Estudos que analisem benefícios por incapacidade, afastamento por doença, seguro por incapacidade, certificação médica ou avaliação médico-pericial.; Estudos que tratem de qualidade decisória, confiabilidade, auditoria, controle, integridade, prevenção de fraude, revisão de deci…",,"O título e resumo tratam diretamente de certificação por doença e elegibilidade em esquemas de incapacidade na Holanda, discutindo julgamento médico, transparência, diretrizes e qualidade/controle decisório. Alta aderência ao eixo de avaliação médico-pericial e qualidade decisória.",PENDENTE,,,NAO_INICIADO,,PENDENTE,,,,,,,,
semantic_scholar:a449992ea8567c2e5793d748e371f226bb0e18e5,Certification of disability: A Scoping review,Jaime Moreno-Chaparro; Lina Franco-Ibarra; O. B. Guzmán-Suárez; Flor Esperanza Rodríguez-Ferro; J. M. Arango-Soler; O. L. Peñas-Felizzola,2024,Revista de la Facultad de Medicina,10.15446/revfacmed.v72n4.113654,https://www.semanticscholar.org/paper/a449992ea8567c2e5793d748e371f226bb0e18e5,https://revistas.unal.edu.co/index.php/revfacmed/article/download/113654/94115,"Introduction: The certification of disability emerged as a form of access to rights for persons with disabilities. However, aspects such as its denomination, approval and issuance process, and uses/benefits vary worldwide. Objective: To analyze available information on the disability certification process, whether it is referred to as certification, recognition, credential, or any other similar document. Materials and methods: Scoping review (OSF protocol record: 10.17605/OSF.IO/AHRB7). A search was conducted in Medline (PubMed), EMBASE, SCOPUS, LILACS (VHL regional portal), Web of Science, and additional literature sources and web pages of Latin American and OECD member countries' agencies and institutional entities. Studies and documents published between December 13, 2006, and August 21, 2023, in English, Spanish or Portuguese were considered. Results are presented in a descriptive-narrative form with a meta-aggregate approach and with emphasis on the concept. Results: Database searches resulted in the inclusion of 46 studies, with the majority being from India (n=20, 43.47%). In addition, 25 documents issued by 22 countries were included in the review based on searches in agency and institutional websites. Of these 22 countries, 19 (86.36%) use the World Health Organization definition and 13 (59.09%) refer to the document certifying the disability as a “disability certificate”. In all 22 countries, the process of issuing a certification is regulated by government entities and operated by health personnel, and they all require a valid identity document to initiate the certification process, with 95.45% of them basing the process on a medical diagnosis. The main benefits of this certificate include discounts on taxes and public transportation, and access to labor inclusion programs. Conclusions: The process of certifying disability in the 22 OECD and Latin American countries for which documents on disability certification were found is based on the globally accepted concept of disability, is regulated by government agencies, and is mostly based on a medical diagnosis (medical history review or evaluation by a medical board).",semantic_scholar,semantic_scholar:analise_documental_elegibilidade:analise_documental_elegibilidade_2,0.0,CONCLUIDA,86.0,PRIORIDADE_ALTA,91.0,Análise documental e elegibilidade,"Revisão de escopo sobre processos de certificação de deficiência, emissão, aprovação, usos/benefícios e documentos institucionais em múltiplos países.",,"Trata-se de revisão de escopo explicitamente sobre certificação de deficiência, cobrindo processo de emissão/aprovação e usos para acesso a direitos. Tem potencial alto para informar alternativas institucionais e critérios de elegibilidade/documentação.",PENDENTE,,,NAO_INICIADO,,PENDENTE,,,,,,,,
semantic_scholar:dcc0a648dcf5829d05336342d7a2a6a94bc8df2a,Clinician Experiences Assessing Work Disability Related to Mental Disorders,C. Dewa; H. Hees; L. Trojanowski; A. Schene,2015,PLoS ONE,10.1371/journal.pone.0119009,https://www.semanticscholar.org/paper/dcc0a648dcf5829d05336342d7a2a6a94bc8df2a,https://journals.plos.org/plosone/article/file?id=10.1371/journal.pone.0119009&type=printable,"Objective Medical certification is one of the basic administrative mechanisms used by social policies aimed at income protection. The assessment of work disability is central to the income protection application. Yet, there is evidence suggesting that determining work disability related to mental disorders is challenging. Although essential to the disability application process, few studies have looked at physician and other clinician experiences with the process. However, this type of information is critical to developing processes to support providers who participate in the assessments. This purpose of this paper is to explore the experiences of physicians and other clinicians assessing public long-term work disability related to mental disorders. Methods This is an exploratory and descriptive study using qualitative methods. Clinician input was gathered through focus groups and individual in-depth interviews. Verbatim transcripts were analyzed to identify recurrent and significant themes that arose during the focus groups and individual interviews. Results Many of the experiences that the clinicians in this sample discussed related to the difficulty of trying to fill the roles of advocate and medical expert as well as the challenge of determining the impact of functional capacity and work ability. The findings also highlight the current gap in knowledge about the factors that affect successful functioning in general and at work in particular. Conclusions Given the challenges created by the current state of knowledge, it may be useful to consider a category of “partial disability”. In addition, the fact that work disability depends on the interaction between the experience of the mental disorder and specific job requirements and the fact that people applying for public long-term disability are not working, it might be helpful to offer a clear description and guidelines of the meaning of work ability.",semantic_scholar,semantic_scholar:beneficios_incapacidade_avaliacao_medico_pericial:beneficios_incapacidade_avaliacao_medico_pericial_3,0.0,CONCLUIDA,85.0,PRIORIDADE_ALTA,88.0,Benefícios por incapacidade e avaliação médico-pericial,"Estudo empírico sobre experiências de clínicos na avaliação de incapacidade laboral em política pública de proteção de renda, diretamente ligado à certificação médica e processo decisório.","Não aborda explicitamente teleperícia, filas ou análise documental no resumo.","O resumo descreve estudo qualitativo sobre avaliação de incapacidade para benefícios públicos, com foco em dificuldades do processo de certificação, especialmente em transtornos mentais. É claramente pertinente ao eixo de avaliação médico-pericial e qualidade decisória, podendo informar desenho de processos e suporte aos avaliadores.",PENDENTE,,,NAO_INICIADO,,PENDENTE,,,,,,,,
openalex:https://openalex.org/W2161815684,Regional trends in awards of incapacity benefit by cause,Anna Cattrell; E Clare Harris; K Palmer; M. Kim; Mansel Aylward; David Coggon,2011,Occupational Medicine,10.1093/occmed/kqr008,https://doi.org/10.1093/occmed/kqr008,https://academic.oup.com/occmed/article-pdf/61/3/148/4346980/kqr008.pdf,"BACKGROUND: Since the early 1990s, rates of incapacity benefit (IB) in Britain for musculoskeletal complaints have declined, and they have been overtaken by mental and behavioural disorders as the main reason for award of IB. AIMS: To explore reasons for this change. METHODS: Using data supplied by the Department for Work and Pensions, we analysed trends in the ratio of new IB awards for mental and behavioural disorders to those for musculoskeletal disorders during 1997-2007 by Government region. RESULTS: In Great Britain overall, the above ratio more than doubled over the study period, as a consequence of falling numbers of new awards for musculoskeletal disorders. The extent to which the ratio increased was smallest in London (50%) and South-East England (56%), and was progressively larger in more northerly regions (>150% in North-East England and Scotland). CONCLUSIONS: The differences in trends between regions seem too large to be explained by differential changes in working conditions, patterns of employment or the rigour with which claims were assessed. An alternative explanation could be that the main driver for the trends has been culturally determined changes in health beliefs and expectations, and that these cultural changes began in London and the South-East, only later spreading to other parts of Britain.",openalex,openalex:beneficios_incapacidade_avaliacao_medico_pericial:beneficios_incapacidade_avaliacao_medico_pericial_2,0.0,CONCLUIDA,84.0,PRIORIDADE_ALTA,90.0,"Equidade territorial, qualidade e controle","Estudos que analisem benefícios por incapacidade e discutam acesso territorial, desigualdades regionais ou padrões de concessão/avaliação.",Não aborda explicitamente teleperícia ou triagem documental.,"Resumo trata diretamente de tendências regionais em concessões de incapacity benefit por causa, explorando diferenças entre regiões e possíveis efeitos de rigor de avaliação. Alta aderência aos eixos de benefícios por incapacidade, equidade territorial e controle decisório.",PENDENTE,,,NAO_INICIADO,,PENDENTE,,,,,,,,
openalex:https://openalex.org/W2037745283,Permanent Disability Benefits in Workers' Compensation,Monroe Berkowitz; John Burton,1987,,10.17848/9780880995894,https://doi.org/10.17848/9780880995894,https://research.upjohn.org/cgi/viewcontent.cgi?article=1117&context=up_press,"Berkowitz and Burton provide a detailed examination of the adequacy and equity of permanent partial disability benefits, and the efficiency of the system delivering those benefits. A ten-state study is presented that examines states' criteria for awarding scheduled and nonscheduled benefits. Three of those states are then used for a wage-loss study illustrating the relationship among workers' disability ratings, the workers' WC benefits, and losses of earnings caused by work-related injuries.",openalex,openalex:capacidade_filas_alocacao:capacidade_filas_alocacao_1,0.0,CONCLUIDA,82.0,PRIORIDADE_ALTA,90.0,Benefícios por incapacidade e avaliação médico-pericial,"Analisa benefícios por incapacidade permanente em workers' compensation, critérios de concessão, adequação, equidade e eficiência do sistema.",Nenhum aparente pelos metadados.,"Alta aderência aparente: aborda benefícios por incapacidade, critérios de concessão e eficiência/equidade do sistema, componentes centrais da revisão, ainda que não mencione teleperícia.",PENDENTE,,,NAO_INICIADO,,PENDENTE,,,,,,,,
openalex:https://openalex.org/W2159370636,The development of instruments to measure the work disability assessment behaviour of insurance physicians,Romy Steenbeek; Antonius JM Schellart; Henny Mulders; Johannes R. Anema; Herman Kroneman; Jan Besseling,2011,BMC Public Health,10.1186/1471-2458-11-1,https://doi.org/10.1186/1471-2458-11-1,https://bmcpublichealth.biomedcentral.com/counter/pdf/10.1186/1471-2458-11-1,"BACKGROUND: Variation in assessments is a universal given, and work disability assessments by insurance physicians are no exception. Little is known about the considerations and views of insurance physicians that may partly explain such variation. On the basis of the Attitude--Social norm--self Efficacy (ASE) model, we have developed measurement instruments for assessment behaviour and its determinants. METHODS: Based on theory and interviews with insurance physicians the questionnaire included blocks of items concerning background variables, intentions, attitudes, social norms, self-efficacy, knowledge, barriers and behaviour of the insurance physicians in relation to work disability assessment issues. The responses of 231 insurance physicians were suitable for further analysis. Factor analysis and reliability analysis were used to form scale variables and homogeneity analysis was used to form dimension variables. Thus, we included 169 of the 177 original items. RESULTS: Factor analysis and reliability analysis yielded 29 scales with sufficient reliability. Homogeneity analysis yielded 19 dimensions. Scales and dimensions fitted with the concepts of the ASE model. We slightly modified the ASE model by dividing behaviour into two blocks: behaviour that reflects the assessment process and behaviour that reflects assessment behaviour.The picture that emerged from the descriptive results was of a group of physicians who were motivated in their job and positive about the Dutch social security system in general. However, only half of them had a positive opinion about the Dutch Work and Income (Capacity for Work) Act (WIA). They also reported serious barriers, the most common of which was work pressure. Finally, 73% of the insurance physicians described the majority of their cases as 'difficult'. CONCLUSIONS: The scales and dimensions developed appear to be valid and offer a promising basis for future research. The results suggest that the underlying ASE model, in modified form, is suitable for describing the assessment behaviour of insurance physicians and the determinants of this behaviour. The next step in this line of research should be to validate the model using structural equation modelling. Finally, the predictive value should be tested in relation to outcome measurements of work disability assessments.",openalex,openalex:analise_documental_elegibilidade:analise_documental_elegibilidade_2; openalex:beneficios_incapacidade_avaliacao_medico_pericial:beneficios_incapacidade_avaliacao_medico_pericial_3,0.0,CONCLUIDA,82.0,PRIORIDADE_ALTA,90.0,Benefícios por incapacidade e avaliação médico-pericial,"Estudos que analisem benefícios por incapacidade, afastamento por doença, seguro por incapacidade, certificação médica ou avaliação médico-pericial.; Estudos que tratem de qualidade decisória, confiabilidade, auditoria, controle, integridade, prevenção de fraude, revisão de deci…",,"Trata diretamente do comportamento de avaliação de incapacidade laboral por médicos peritos/insurance physicians e da variação nas avaliações. Tem aderência clara aos eixos de avaliação médico-pericial, confiabilidade e qualidade decisória.",PENDENTE,,,NAO_INICIADO,,PENDENTE,,,,,,,,
semantic_scholar:b16936f4c78a9b45f3c6369864fbf8ad9ff74074,A RELEVÂNCIA DO ASSISTENTE SOCIAL NA ANÁLISE DO BENEFÍCIO DE PRESTAÇÃO CONTINUADA (BPC/LOAS) À PESSOA COM DEFICIÊNCIA JUNTO AO INSTITUTO NACIONAL DO SEGURO SOCIAL1.,V. G. D. Silva; D. Xavier,2024,Revista ft,10.69849/revistaft/pa10202409291311,https://www.semanticscholar.org/paper/b16936f4c78a9b45f3c6369864fbf8ad9ff74074,http://www.cfess.org.br/arquivos/historico_defesaAS_inss.pdf,"This research consists of discussing the real importance of professional social workers when analyzing the granting of continuous provision benefits carried out by the National Social Security Institute. To this end, the theme of the benefit in question is initially addressed, its concepts, requirements and disability assessment procedure, carried out by social assessment and medical expertise. Understanding the disability assessment tool demonstrates the progress that the inclusion of social services has brought to the concession process. However, it makes it clear that improvements need to be sought to fairly guarantee the rights of the vulnerable population. The study was carried out through a bibliographic and documentary survey, about books, dissertations and scientific articles with an approach around the analyzed topic, with the aim of building a well- founded theoretical framework. In short, it was concluded that the presence of the social worker in the evaluation stages for granting social support is fundamental, although it requires reforms in the evaluation tools used by the social security authority, to achieve the right to social security established in the Brazilian system.",semantic_scholar,semantic_scholar:analise_documental_elegibilidade:analise_documental_elegibilidade_1,0.0,CONCLUIDA,82.0,PRIORIDADE_ALTA,86.0,Benefícios por incapacidade e avaliação médico-pericial,"Estudo sobre análise do BPC/LOAS no INSS, procedimento de avaliação da deficiência por avaliação social e perícia médica, com discussão de ferramentas de avaliação e necessidade de melhorias.",Pode ter foco mais normativo/bibliográfico do que empírico-operacional.,"O resumo mostra aderência direta ao processo brasileiro de concessão de benefício com avaliação social e médica, incluindo instrumentos de avaliação e reformas necessárias. Embora não trate explicitamente de teleperícia ou filas, é fortemente relevante ao eixo de avaliação e elegibilidade institucional.",PENDENTE,,,NAO_INICIADO,,PENDENTE,,,,,,,,
pubmed:7977918,Occupational impairment and disability among applicants for Social Security disability benefits in Pennsylvania.,Bresnitz EA; Frumkin H; Goldstein L; Neumark D; Hodgson M; Needleman C,1994,American journal of public health,10.2105/ajph.84.11.1786,https://pubmed.ncbi.nlm.nih.gov/7977918/,,,pubmed,pubmed:beneficios_incapacidade_avaliacao_medico_pericial:beneficios_incapacidade_avaliacao_medico_pericial_1,0.0,CONCLUIDA,82.0,PRIORIDADE_ALTA,86.0,Benefícios por incapacidade e avaliação médico-pericial,"Estudos que analisem benefícios por incapacidade, afastamento por doença, seguro por incapacidade, certificação médica ou avaliação médico-pericial.",,"Título menciona explicitamente candidatos a benefícios de incapacidade da seguridade social, com foco em comprometimento ocupacional e deficiência; alta relevância potencial para compreensão do público e da avaliação.",PENDENTE,,,NAO_INICIADO,,PENDENTE,,,,,,,,
pubmed:23531580,Epilepsy and social security: general aspects of the insured claimants and medical decisions.,Ferreira LS; Palhares D; Gava M; Seguti VF; Marasciulo AC,2013,"Work (Reading, Mass.)",10.3233/wor-131620,https://pubmed.ncbi.nlm.nih.gov/23531580/,,,pubmed,pubmed:beneficios_incapacidade_avaliacao_medico_pericial:beneficios_incapacidade_avaliacao_medico_pericial_2,0.0,CONCLUIDA,80.0,PRIORIDADE_ALTA,85.0,Benefícios por incapacidade e avaliação médico-pericial,"Estudos que analisem benefícios por incapacidade, certificação médica ou avaliação médico-pericial.",,"Título menciona seguridade social, características de requerentes segurados e decisões médicas, com aderência direta ao eixo de avaliação médico-pericial em benefícios.",PENDENTE,,,NAO_INICIADO,,PENDENTE,,,,,,,,
semantic_scholar:7dd77881be214bb3e0788cf971366e51bbbedf6b,WAITING TO BENEFIT: AGE-BASED DISABILITY REGULATIONS AND PATHWAYS TO SUPPLEMENTAL SECURITY INCOME IN LATER LIFE,Callie Freitag,2024,Innovation in aging,10.1093/geroni/igae098.2172,https://www.semanticscholar.org/paper/7dd77881be214bb3e0788cf971366e51bbbedf6b,https://academic.oup.com/innovateage/article-pdf/8/Supplement_1/664/61308190/igae098.2172.pdf,"Abstract Supplemental Security Income (SSI) is an important resource for low-income older adults and people with disabilities, but it is notoriously difficult to be deemed eligible. Older SSI applicants may have an easier time getting approved. Starting at age 45, the Social Security Administration (SSA) relaxes the disability requirements for certain groups every five years until they are eliminated at age 65. If the age-based rules prevent otherwise-eligible people from receiving SSI benefits, then the consequences for this economically vulnerable group could be particularly dire. This paper has two aims. First, I estimate the SSI take-up rate by age and test whether discontinuities in SSI take-up exist when SSA disability determination rules are relaxed (at ages 45, 50, 55, and 60) and eliminated (at age 65). Second, I identify patterns of employment, homelessness, and public assistance use among SSI recipients in the five years prior to SSI take-up and examine how these patterns vary by age. I conduct these analyses with administrative microdata from multiple agencies in Washington state spanning from 2010 through 2017. I find strong evidence of discontinuous increases in SSI take-up when the disability rules are relaxed at age 55 and eliminated at age 65, suggesting the program rules may act as gatekeepers for otherwise eligible applicants. Adults face significant financial hardship in the five years prior to receiving SSI. People who took up SSI between the ages of 40 and 59 were more likely to have been homeless than employed prior to receiving SSI.",semantic_scholar,semantic_scholar:capacidade_filas_alocacao:capacidade_filas_alocacao_1,0.0,CONCLUIDA,78.0,PRIORIDADE_ALTA,90.0,Benefícios por incapacidade e avaliação médico-pericial,"Estudos que analisem benefícios por incapacidade, afastamento por doença, seguro por incapacidade, certificação médica ou avaliação médico-pericial; Estudos que abordem elegibilidade e processos de decisão sobre incapacidade.",,"O resumo trata diretamente de Supplemental Security Income, elegibilidade por incapacidade, regras regulatórias por idade e padrões de acesso/aprovação com uso de microdados administrativos. Tem alta aderência ao eixo de benefícios por incapacidade e decisão administrativa, ainda que não trate explicitamente de teleperícia.",PENDENTE,,,NAO_INICIADO,,PENDENTE,,,,,,,,
crossref:10.1192/pb.20.7.434,Mental health aspects of incapacity benefit,Measey,1996,Psychiatric Bulletin,10.1192/pb.20.7.434,https://doi.org/10.1192/pb.20.7.434,https://www.cambridge.org/core/services/aop-cambridge-core/content/view/81D0E6F7D6E4ECAC35E75F26F4ADD248/S0955603600075449a.pdf/div-class-title-mental-health-aspects-of-incapacity-benefit-div.pdf,"In February 1994 the Royal College of Psychiatrists contacted the Benefits Agency Medical Services (BAMS) to take part in their consultation exercise before bringing in the new Incapacity Benefit (IB) in April 1995. This new benefit was to replace the then existing Invalidity Benefit which was being paid to over 250 000 people with a primary diagnosis of mental illness. The main changes were that a patient's own general practitioner (GP) would certify incapacity for work for the first 29 weeks of sickness and after this the continuation of benefit (IB) would require assessment by a BAMS doctor, with some illness categories being exempt from medical examination. The aim was to create standardised criteria across the UK and to do so in an objective fashion, based on function rather than diagnosis. The test is designed to look at ability to work in any capacity rather than the claimant's own work which is the criterion for the first 29 weeks.",crossref,crossref:beneficios_incapacidade_avaliacao_medico_pericial:beneficios_incapacidade_avaliacao_medico_pericial_2,0.0,CONCLUIDA,78.0,PRIORIDADE_ALTA,89.0,Benefícios por incapacidade e avaliação médico-pericial,"Aborda diretamente benefício por incapacidade, certificação médica, avaliação por médico do sistema, critérios padronizados e processo decisório sobre incapacidade laboral.",Nenhum critério de exclusão evidente no resumo.,"O resumo descreve explicitamente o desenho do benefício, a transição entre certificação por GP e avaliação por médico do serviço de benefícios, critérios padronizados e exame funcional para continuidade do benefício, altamente pertinente à revisão.",PENDENTE,,,NAO_INICIADO,,PENDENTE,,,,,,,,
crossref:10.1186/2193-9004-3-1,How do people with disabilities cope while waiting for disability insurance benefits?,Coe; Lindner; Wong; Wu,2014,IZA Journal of Labor Policy,10.1186/2193-9004-3-1,https://doi.org/10.1186/2193-9004-3-1,https://doi.org/10.1186/2193-9004-3-1,"Abstract Disability Insurance waiting time varies from a few months to several years. We estimate the causal effect of longer waiting times on the use of five financial coping strategies. We find that SNAP benefits are the most responsive to longer waiting times. Moreover, while spousal employment is not responsive to longer wait times, spousal employment leads to longer waiting times, presumably because these applicants are more able to appeal. Together, these results suggest that coping strategies are used to both help applicants during the wait time and to extend the waiting time and increase their probability of success. JEL Classification Code H53; J08; I3",crossref; semantic_scholar,crossref:capacidade_filas_alocacao:capacidade_filas_alocacao_1; semantic_scholar:capacidade_filas_alocacao:capacidade_filas_alocacao_1,0.0,CONCLUIDA,78.0,PRIORIDADE_ALTA,88.0,"Capacidade, filas e alocação de serviços",Estudos que analisem benefícios por incapacidade e tempo de espera/filas em sistemas de benefícios.,"Não aborda explicitamente teleperícia, triagem documental ou desenho operacional da perícia, o que limita aderência a alguns eixos.","O estudo trata diretamente de espera por benefícios de seguro por incapacidade e efeitos do tempo de espera sobre estratégias dos requerentes. Embora foque mais nos impactos da demora do que no desenho do fluxo pericial, é claramente pertinente ao eixo de filas e tempo de espera em benefícios por incapacidade.",PENDENTE,,,NAO_INICIADO,,PENDENTE,,,,,,,,
openalex:https://openalex.org/W2150738744,NICE guidance on long-term sickness and incapacity,Mark Gabbay; Lorraine C. Taylor; Linda Sheppard; Jim Hillage; Clare Bambra; Fiona Ford; Richard Preece; Nichole Taske; Michael P. Kelly,2011,British Journal of General Practice,10.3399/bjgp11x561221,https://doi.org/10.3399/bjgp11x561221,https://bjgp.org/content/bjgp/61/584/e118.full.pdf,"Long-term sickness absence and incapacity benefits (disability pension) rates have increased across industrialised countries. Effective measures are needed to support return to work. The recommendations of this guidance were informed by the most appropriate available evidence of effectiveness and cost-effectiveness. Public health evidence was provided by research using a variety of study designs that attempted to determine the outcome of a particular intervention by evaluating status before and after the intervention had been effected, and was not limited to randomised control trials. Where the evidence base was depleted or underdeveloped, expert witnesses were called to give their opinion on the best available evidence and emerging interventions. The process enabled challenge and contestability from stakeholder groups at different points as the guidance was developed. Forty-five heterogeneous studies were included in the review of interventions to reduce long-term sickness absence and transitions from short-term to long-term absence (mainly covering the former and also mainly examining musculoskeletal conditions). The analysis of evidence was restricted to descriptive synthesis. Three general themes emerged from an analysis of the studies that were more likely to report positive results: early interventions; multidisciplinary approaches; and interventions with a workplace component. Two further reviews were undertaken, one on interventions to reduce the re-occurrence of sickness absence, which identified seven studies on lower back pain, and concluded that early intervention and direct workplace input are important factors. The final evidence review focused on six studies of interventions for those in receipt of incapacity benefit. The evidence was that work-focused interviews coupled with access to tailored support are effective and cost-effective interventions. Practitioners should consider the impact of interventions and management options on work ability for patients of working age. Work ability should be considered a key outcome for future intervention studies.",openalex,openalex:beneficios_incapacidade_avaliacao_medico_pericial:beneficios_incapacidade_avaliacao_medico_pericial_2,0.0,CONCLUIDA,78.0,PRIORIDADE_ALTA,88.0,Benefícios por incapacidade e avaliação médico-pericial,"Estudos/revisões que analisem afastamento por doença, incapacidade, intervenções e evidências úteis para políticas e gestão relacionadas.",Não aborda explicitamente teleperícia ou análise documental.,"Resumo descreve guidance NICE sobre long-term sickness and incapacity, com revisão de evidências e efetividade/custo-efetividade de intervenções. Relevante para políticas de incapacidade e desenho institucional, ainda que não centrado no fluxo pericial.",PENDENTE,,,NAO_INICIADO,,PENDENTE,,,,,,,,
semantic_scholar:460f3dd9b19143dcd676fa772e5b2de5b7bf2315,What happens when you wait? Effects of Social Security Disability Insurance wait time on health and financial well-being.,Sarah Prenovitz,2020,Health Economics,10.1002/hec.4203,https://www.semanticscholar.org/paper/460f3dd9b19143dcd676fa772e5b2de5b7bf2315,,"While waiting for a decision, individuals who apply for Social Security Disability Insurance face strong incentives to remain out of the labor force and receive no support from the program. An extended period with low income, high uncertainty, and lowered access to health insurance has the potential to harm applicants' well-being along many dimensions. In this study, I estimate the effect of initial wait time on health, healthcare access, and financial well-being, using the prevailing wait at the time an applicant applied as an instrument for their own initial wait. I find that a longer wait decreases the likelihood that an applicant has benefits terminated at the time of survey and increases the likelihood that they are currently receiving benefits, consistent with prior findings that longer waits decrease future work and earnings. Wait time also increases the number of conditions causing activity limitations. This suggests that new or worsening medical conditions contribute to the effect of wait time on employment and earnings, and that wait time has effects that extend beyond labor force outcomes.",pubmed; semantic_scholar,pubmed:capacidade_filas_alocacao:capacidade_filas_alocacao_1; semantic_scholar:capacidade_filas_alocacao:capacidade_filas_alocacao_1,0.0,CONCLUIDA,78.0,PRIORIDADE_ALTA,86.0,"Capacidade, filas e alocação de serviços",Estudos que analisem benefícios por incapacidade e tempo de espera/filas no processo decisório.,"Não aborda diretamente teleperícia, análise documental ou desenho operacional do fluxo entre modalidades.","O resumo trata explicitamente de Social Security Disability Insurance, tempo de espera por decisão e efeitos do wait time sobre bem-estar. É aderente ao eixo de filas/tempo de espera em benefícios por incapacidade, ainda que mais focado em efeitos do atraso do que em alternativas operacionais de alocação.",PENDENTE,,,NAO_INICIADO,,PENDENTE,,,,,,,,
pubmed:19779804,Reliability and validity of the Disability Assessment Structured Interview (DASI): a tool for assessing functional limitations in claimants.,Spanjer J; Krol B; Brouwer S; Popping R; Groothoff JW; van der Klink JJ,2010,Journal of occupational rehabilitation,10.1007/s10926-009-9203-2,https://pubmed.ncbi.nlm.nih.gov/19779804/,https://link.springer.com/content/pdf/10.1007/s10926-009-9203-2.pdf,,pubmed,pubmed:beneficios_incapacidade_avaliacao_medico_pericial:beneficios_incapacidade_avaliacao_medico_pericial_1,0.0,CONCLUIDA,78.0,PRIORIDADE_ALTA,84.0,"Equidade territorial, qualidade e controle","Estudos que tratem de qualidade decisória, confiabilidade, auditoria, controle, integridade, prevenção de fraude, revisão de decisões ou riscos associados à avaliação remota ou documental.",,"Título indica estudo de confiabilidade e validade de instrumento estruturado para avaliar limitações funcionais em requerentes, diretamente relacionado à avaliação de incapacidade e qualidade decisória.",PENDENTE,,,NAO_INICIADO,,PENDENTE,,,,,,,,
openalex:https://openalex.org/W3215066749,"International Classification of Functioning, Disability, and Health augmented by telemedicine and artificial intelligence for assessment of functional disability",Abhimanyu Vasudeva; Nishat Ahmed Sheikh; Samantak Sahu,2021,Journal of Family Medicine and Primary Care,10.4103/jfmpc.jfmpc_692_21,https://doi.org/10.4103/jfmpc.jfmpc_692_21,https://doi.org/10.4103/jfmpc.jfmpc_692_21,"The concept of functional disability is aligned with the biopsycho-social model of disability. However, there are reasons why the antiquated measurement of medical impairment continues to be in use. We propose solutions for a fairer process using the International Classification of Functioning, Disability, and Health (ICF) at the level of the medical boards augmented by telemedicine and artificial intelligence (AI). The proposed technologies (Level 1 and Level 2 AI) need to be tried in pilot projects. It will accomplish two goals, the first being the measurement of disability and not merely the impairment. Second, and perhaps more importantly, making the process more transparent in creating a ""just"" society.",openalex; semantic_scholar,openalex:telepericia_avaliacao_remota:telepericia_avaliacao_remota_2; semantic_scholar:telepericia_avaliacao_remota:telepericia_avaliacao_remota_2,0.0,CONCLUIDA,78.0,PRIORIDADE_ALTA,79.0,Benefícios por incapacidade e avaliação médico-pericial,"Estudos que analisem certificação médica ou avaliação médico-pericial; qualidade decisória, transparência e uso de avaliação remota.",,"O título e resumo tratam explicitamente de avaliação de deficiência funcional no nível de juntas médicas, propondo uso de telemedicina e IA para tornar o processo mais justo e transparente. Apesar de parecer mais conceitual/propositivo, tem aderência temática direta à avaliação pericial.",PENDENTE,,,NAO_INICIADO,,PENDENTE,,,,,,,,
pubmed:30428268,The Uneven Foci of Work Disability Research Across Cause-based and Comprehensive Social Security Systems.,MacEachen E; Varatharajan S; Du B; Bartel E; Ekberg K,2019,"International journal of health services : planning, administration, evaluation",10.1177/0020731418809857,https://pubmed.ncbi.nlm.nih.gov/30428268/,https://journals.sagepub.com/doi/pdf/10.1177/0020731418809857,,pubmed,pubmed:beneficios_incapacidade_avaliacao_medico_pericial:beneficios_incapacidade_avaliacao_medico_pericial_3,0.0,CONCLUIDA,78.0,PRIORIDADE_ALTA,79.0,Benefícios por incapacidade e avaliação médico-pericial,Estudos que analisem benefícios por incapacidade e avaliações de política pública com evidência útil para a pergunta de pesquisa.,Nenhum claramente aplicável pelo título.,"O título aborda pesquisa em incapacidade laboral em diferentes sistemas de seguridade social, com comparação entre sistemas baseados em causas e abrangentes. Tem alta pertinência potencial para desenho institucional, critérios e organização de benefícios por incapacidade.",PENDENTE,,,NAO_INICIADO,,PENDENTE,,,,,,,,
pubmed:36502361,Perceptions of medical advisers on ICF core-sets' use for evaluating work incapacity related to back pain in French-speaking Belgium.,Otte T; Decuman S; Gelade W; Duyver C,2023,"Work (Reading, Mass.)",10.3233/wor-210247,https://pubmed.ncbi.nlm.nih.gov/36502361/,http://hdl.handle.net/2078.1/268675,,pubmed,pubmed:beneficios_incapacidade_avaliacao_medico_pericial:beneficios_incapacidade_avaliacao_medico_pericial_2,0.0,CONCLUIDA,76.0,PRIORIDADE_ALTA,82.0,Benefícios por incapacidade e avaliação médico-pericial,"Estudos que analisem avaliação médico-pericial; estudos que tratem de qualidade decisória, confiabilidade, auditoria, controle ou revisão de decisões.",,"Título aborda percepções de assessores médicos sobre uso de core sets da CIF para avaliar incapacidade laboral, claramente ligado à prática avaliativa e padronização decisória.",PENDENTE,,,NAO_INICIADO,,PENDENTE,,,,,,,,
pubmed:30228222,Acting by persuasion- values and rhetoric in medical certificates of work incapacity: A qualitative document analysis.,Aarseth G; Natvig B; Engebretsen E; Lie AK,2019,Medical humanities,10.1136/medhum-2018-011496,https://pubmed.ncbi.nlm.nih.gov/30228222/,,,pubmed,pubmed:beneficios_incapacidade_avaliacao_medico_pericial:beneficios_incapacidade_avaliacao_medico_pericial_2; pubmed:beneficios_incapacidade_avaliacao_medico_pericial:beneficios_incapacidade_avaliacao_medico_pericial_3,0.0,CONCLUIDA,74.0,PRIORIDADE_ALTA,83.0,Análise documental e elegibilidade,"Estudos que abordem triagem documental, elegibilidade, análise de documentos médicos, validação de atestados ou processos de decisão sobre incapacidade.",,"Título trata de certificados médicos de incapacidade para o trabalho e análise documental qualitativa, diretamente pertinente ao eixo de documentos médicos e decisão sobre incapacidade.",PENDENTE,,,NAO_INICIADO,,PENDENTE,,,,,,,,
semantic_scholar:b8f321c6f44534309da8d37e35b21ccb03853566,Moral Hazard and Claims Deterrence in Private Disability Insurance,David H. Autor; M. Duggan; J. Gruber,2014,,10.1257/app.6.4.110,https://www.semanticscholar.org/paper/b8f321c6f44534309da8d37e35b21ccb03853566,https://doi.org/10.3386/w18172,"We provide a detailed analysis of the incidence, duration and determinants of claims made on private Long Term Disability (LTD) policies using a database of approximately 10,000 policies and 1 million workers from a major LTD insurer. We document that LTD claims rates are much lower than claims rates on the public analogue to LTD, the Social Security Disability Insurance program, yet LTD policies have a much higher return-to-work rate among initial claimants. Nevertheless, our analysis indicates that the impact of moral hazard on LTD claims is substantial. Using within firm, over time variation in plan parameters, we find that a higher replacement rate and a shorter waiting time to benefits receipt--also known as the Elimination Period or EP--significantly increase the likelihood that workers claim LTD. About sixty percent of the effect of a longer EP is due to censoring of shorter claims, while the remainder is due to deterrence: workers facing a longer EP are less likely to claim benefits for impairments that would lead to a only a brief period of LTD receipt. This deterrence effect is equally large among high and low-income workers, suggesting that moral hazard rather than liquidity underlies the behavioral response. Consistent with this interpretation, the response of LTD claims to plan parameters is driven primarily by the behavior of the healthiest disabled, those who would return to work after receiving LTD.",semantic_scholar,semantic_scholar:capacidade_filas_alocacao:capacidade_filas_alocacao_1,0.0,CONCLUIDA,72.0,PRIORIDADE_ALTA,82.0,Benefícios por incapacidade e avaliação médico-pericial,"Estudos sobre seguro/benefícios por incapacidade, claims, waiting time e riscos de fraude/moral hazard.","Foco em seguro privado e desenho contratual; pode não tratar diretamente de perícia médica, triagem documental ou fluxo operacional público.","O resumo analisa claims em private disability insurance, duração, determinantes, waiting time para recebimento e deterrence/moral hazard. Tem aderência relevante aos eixos de benefícios por incapacidade, controle/integridade e efeitos de regras de espera, embora em contexto privado.",PENDENTE,,,NAO_INICIADO,,PENDENTE,,,,,,,,
openalex:https://openalex.org/W2888771238,"Toward a low-cost, in-home, telemedicine-enabled assessment of disability in multiple sclerosis",Riley Bove; Carolyn Bevan; Elizabeth Crabtree; Chao Zhao; Refujia Gomez; Priya Garcha; John Morrissey; Jason Dierkhising; Ari Green; Stephen L. Hauser; Bruce Cree; Mitchell T. Wallin; Jeffrey M. Gelfand,2018,Multiple Sclerosis Journal,10.1177/1352458518793527,https://doi.org/10.1177/1352458518793527,,"Background: Remote assessment of neurological disability in people with multiple sclerosis (MS) could improve access to clinical care and efficiency of clinical research. Objective: To develop and validate a telemedicine-based MS disability examination that does not require an in-home examiner. Methods: Adults with MS were recruited after a standardized in-person Expanded Disability Status Scale (EDSS) evaluation, and within 1 week underwent a blinded televideo-enabled EDSS examination with a different clinician. EDSS and tele-EDSS scores were compared. Results: Overall, 41 adults participated (mean (standard deviation (SD)) age: 47.0 years (11.6); median EDSS: 2 (range: 0–7)); 37 required no in-home assistance for the tele-EDSS evaluation (e.g. help positioning camera). Mean difference between EDSS and tele-EDSS was 0.34 (95% confidence interval (CI): 0.07–0.61). For 88% of evaluations, tele-EDSS and EDSS scores were within 1 point (similar to reported in-person inter-rater differences). Unweighted kappa for agreement within 0.5 point was 0.72. Correlation for individual functional systems (FS) ranged from modest (vision: 0.37) to high (bowel/bladder: 0.79). Overall correlation between EDSS and tele-EDSS was 0.89 ( p &lt; 0.0001); and 0.98 ( p &lt; 0.0001) at EDSS range: 4–7. Conclusion: In this proof of principle study, disability evaluation in mild to moderate MS is feasible using telemedicine without an aide at the patient’s location.",openalex; pubmed; semantic_scholar,openalex:telepericia_avaliacao_remota:telepericia_avaliacao_remota_2; pubmed:telepericia_avaliacao_remota:telepericia_avaliacao_remota_2; semantic_scholar:telepericia_avaliacao_remota:telepericia_avaliacao_remota_2,0.0,CONCLUIDA,72.0,PRIORIDADE_ALTA,82.0,Teleperícia e avaliação remota,"Estudos que examinem avaliação médica remota, videoperícia ou modalidades híbridas de avaliação; qualidade decisória e confiabilidade.",,"Estudo empírico de validação de exame de incapacidade/disabilidade em esclerose múltipla por televídeo, comparando avaliação remota e presencial com medidas de concordância. Embora em contexto clínico-específico, dialoga diretamente com avaliação remota de incapacidade e confiabilidade decisória.",PENDENTE,,,NAO_INICIADO,,PENDENTE,,,,,,,,
semantic_scholar:7e45eb187ffafa5a5254e6913fcd899c1cc329be,"An innovative case management intervention for people at high risk of permanent work disability to improve rehabilitation coverage and coordination of health services: a randomized controlled trial (AktiFAME, DRKS00024648)",Lea Remus; Marei Grope; Stella Lemke; M. Bethge,2022,BMC Health Services Research,10.1186/s12913-022-07482-9,https://www.semanticscholar.org/paper/7e45eb187ffafa5a5254e6913fcd899c1cc329be,https://bmchealthservres.biomedcentral.com/track/pdf/10.1186/s12913-022-07482-9,"Background German social law offers services from various providers and agencies for people with chronic disease or disability. Claiming services requires a high level of information and communication. Dealing with a multitude of actors, such as pension insurance agencies, job centers, employers, physicians, and psychotherapists, and coordinating between and with these actors can delay or prevent the utilization of necessary measures like medical or vocational rehabilitation. We developed a case management intervention for people at high risk of receiving a disability pension to address these challenges. Methods/design Our randomized controlled trial tests the effectiveness of the multi-component AktiFAME strategy (Active access, counseling, and case management for people at high risk of permanent work disability). This strategy is comprised of four modules: screening and postal contact, telephone counseling, an initial one-on-one interview, and case management. The randomized controlled trial is complemented by an observational study that exclusively involves the individuals participating in case management and accompanies the implementation of the case management intervention. We enroll 9000 individuals aged 18 to 65 years who were identified as being at increased risk for receiving a disability pension based on administrative data from the German Pension Insurance North but who have not yet applied for rehabilitation. Half of the individuals are randomly assigned to the intervention group and the other half to the control group. The intervention group is contacted and informed about a case management intervention, whereas the control group is not. The primary outcome of the randomized controlled trial is the utilization of rehabilitation services from the German Pension Insurance North (medical or vocational rehabilitation). Data on rehabilitation will be provided by the German Pension Insurance North 1 year after random allocation. Secondary and tertiary outcomes cover additional administrative data (e.g., employment and welfare benefits) and a range of patient-reported outcome measures. Discussion This randomized controlled trial is designed to determine the effectiveness of a newly implemented multi-component strategy to promote participation and rehabilitation coverage among individuals at high risk of receiving a disability pension. Trial registration German Clinical Trials Register (DRKS00024648, April 27, 2021).",pubmed; semantic_scholar,pubmed:capacidade_filas_alocacao:capacidade_filas_alocacao_3; semantic_scholar:capacidade_filas_alocacao:capacidade_filas_alocacao_3,0.0,CONCLUIDA,62.0,PRIORIDADE_ALTA,86.0,Benefícios por incapacidade e avaliação médico-pericial,"Estudo empírico sobre pessoas em alto risco de incapacidade laboral permanente, envolvendo triagem, aconselhamento telefônico, gestão de casos e coordenação entre agências/serviços.","Não aborda explicitamente teleperícia ou análise documental de atestados, mas permanece substantivamente ligado ao fluxo de incapacidade e utilização de serviços relacionados.","O resumo trata de intervenção para pessoas com alto risco de aposentadoria/pensão por incapacidade, incluindo screening, contato postal, aconselhamento telefônico e gestão de casos entre múltiplos atores institucionais. Há aderência relevante aos eixos de incapacidade, coordenação de fluxo e acesso a medidas, ainda que não seja perícia médica estrita.",PENDENTE,,,NAO_INICIADO,,PENDENTE,,,,,,,,
semantic_scholar:ef7c836e98172ac251ad4818ee56e3c1f71ae56d,Epistemic Fairness in Disability Evaluation: A Case for Grassroot Epistemology of Austim,Piotr Krawczyk; M. Wodziński; Anastazja Szula; Marcin Moskalewicz,2025,"Philosophy, Psychiatry, &amp; Psychology",10.1353/ppp.2025.a978090,https://www.semanticscholar.org/paper/ef7c836e98172ac251ad4818ee56e3c1f71ae56d,,"Abstract:Drawing on an online survey that combined closed-and open-ended questions analyzed in a grounded theory paradigm, this study explores the experiences of 155 families of autistic individuals assessed by the Polish Disability Assessment Board, a key institution responsible for issuing certificates necessary for receiving state support. The research presents a case for developing an empirically grounded, bottom-up epistemology of autism. The results indicate a pervasive lack of autism-specific expertise among Disability Assessment Board members, who are inadequately informed and influenced by stereotypes, resulting in often unfair decisions. Based on these results, we argue that the scarcity of transparent, standardized epistemic criteria and the asymmetrical power relations between service users and providers generate conditions where the credibility and authority to define autistic “disability” remain unevenly distributed. We thus call into question the legitimacy of the psychiatric knowledge acted upon by the case-study system and propose to build future disability assessment frameworks with the full and active participation of service users and their families. We argue it is essential to separate clinical diagnosis, disability evaluation, and support allocation. We thus provide factual and critical insights for policymakers and professionals beyond the Polish cultural context, where different normative and biased assumptions about the bodily and cognitive functioning of people on the autism spectrum might control the disability certification process.",semantic_scholar,semantic_scholar:capacidade_filas_alocacao:capacidade_filas_alocacao_3,0.0,CONCLUIDA,58.0,PRIORIDADE_ALTA,84.0,"Equidade territorial, qualidade e controle","Analisa avaliação de deficiência/certificação estatal, qualidade decisória, critérios padronizados, expertise dos avaliadores e justiça das decisões.","Não trata explicitamente de filas, teleperícia ou análise documental, e o foco é em autismo/certificação na Polônia.","O resumo examina experiências de famílias avaliadas por um conselho oficial de avaliação de deficiência responsável por emitir certificados para acesso a apoio estatal. Discute falta de expertise, critérios transparentes e decisões injustas, alinhando-se fortemente aos eixos de qualidade decisória, controle e avaliação de incapacidade.",PENDENTE,,,NAO_INICIADO,,PENDENTE,,,,,,,,
openalex:https://openalex.org/W2139117699,"A comparison of WMT, CARB, and TOMM failure rates in non-head injury disability claimants",R GERVAIS,2003,Archives of Clinical Neuropsychology,10.1016/j.acn.2003.05.001,https://doi.org/10.1016/j.acn.2003.05.001,https://academic.oup.com/acn/article-pdf/19/4/475/8749/19-4-475.pdf,"Two-alternative forced-choice procedures have been the most widely employed for detecting incomplete effort and exaggeration of cognitive impairment. However, it cannot be assumed that different symptom validity tests (SVTs) are of equal sensitivity. In this study, 519 claimants referred for disability or personal injury related assessments were administered three SVTs, one based on digit recognition (Computerized Assessment of Response Bias, CARB), one using pictorial stimuli (Test of Memory Malingering, TOMM) and one employing verbal recognition memory (Word Memory Test, WMT). More than twice as many people failed the WMT than TOMM. CARB failure rates were intermediate between those on the other two tests. Thus, tests of recognition memory using digits, pictorial stimuli or verbal stimuli, all of which are objectively extremely easy tasks, resulted in widely different failure rates. This suggests that, while these tests may be highly specific, they vary substantially in their sensitivity to response bias.",openalex,openalex:telepericia_avaliacao_remota:telepericia_avaliacao_remota_1,0.0,CONCLUIDA,38.0,PRIORIDADE_ALTA,84.0,"Equidade territorial, qualidade e controle","Estudos que analisem benefícios por incapacidade ou avaliação médico-pericial; estudos que tratem de qualidade decisória, controle, integridade ou prevenção de fraude.",Nenhum claramente aplicável pelos metadados.,"O resumo descreve estudo com reclamantes de benefícios por incapacidade, comparando testes de validade de sintomas e viés de resposta em avaliações relacionadas a disability claims. Há aderência direta ao eixo de qualidade, controle e integridade em avaliações de incapacidade.",PENDENTE,,,NAO_INICIADO,,PENDENTE,,,,,,,,
semantic_scholar:bec67173821e64110022127ee32224dccc015cf5,[Disability claim review by non-physicians to meet the legal requirement of Dutch work disability certification laws].,S. Knepper,2000,Nederlandsch tijdschrift voor geneeskunde,,https://www.semanticscholar.org/paper/bec67173821e64110022127ee32224dccc015cf5,,,semantic_scholar,semantic_scholar:beneficios_incapacidade_avaliacao_medico_pericial:beneficios_incapacidade_avaliacao_medico_pericial_3,0.0,CONCLUIDA,78.0,REVISAR_HUMANO,67.0,Benefícios por incapacidade e avaliação médico-pericial,"Título sugere revisão de pedidos de incapacidade e certificação legal por não médicos, potencialmente relevante para organização do fluxo decisório e elegibilidade.","Resumo ausente; pode tratar de debate jurídico/profissional específico sem evidência útil sobre triagem, alocação ou avaliação pericial.","O título indica relação direta com certificação de incapacidade laboral e possível redistribuição de tarefas no processo de análise, tema próximo ao redesenho de fluxo. Contudo, sem resumo, não é possível confirmar escopo empírico nem utilidade para análise documental ou gestão operacional.",PENDENTE,,,NAO_INICIADO,,PENDENTE,,,,,,,,
openalex:https://openalex.org/W104243845,Routes Onto Incapacity Benefits: Findings from Qualitative Research,Roy Sainsbury; Jo Davidson,2006,"White Rose Research Online (University of Leeds, The University of Sheffield, University of York)",,https://openalex.org/W104243845,https://eprints.whiterose.ac.uk/73244/1/Document.pdf,"This report presents findings from a qualitative research project to investigate the routes by which people become recipients of incapacity benefits ('Incapacity benefits' include not only Incapacity Benefit itself, but also Income Support (IS) with disability premium, and National Insurance 'credit only' cases). The study was aimed at increasing our understanding of how people become Incapacity Benefit recipients so that further policy development can take place around more 'preventive' job retention and rehabilitation measures. Although producing standalone findings that can inform policy thinking, it is also the first stage in a two part project, the second part of which is a large quantitative survey of new Incapacity Benefit claimants to be conducted in 2006.",openalex,openalex:analise_documental_elegibilidade:analise_documental_elegibilidade_3,0.0,CONCLUIDA,72.0,REVISAR_HUMANO,84.0,Benefícios por incapacidade e avaliação médico-pericial,"Estudo sobre beneficiários de incapacity benefits e trajetórias de entrada no benefício, com utilidade para desenho de políticas e compreensão da demanda.","Não aborda explicitamente triagem documental, teleperícia ou fluxo operacional de avaliação.","O estudo é diretamente sobre rotas de entrada em benefícios por incapacidade e visa informar desenvolvimento de políticas. Parece relevante ao contexto de demanda e perfil dos requerentes, mas a aderência ao redesenho do fluxo pericial é indireta.",PENDENTE,,,NAO_INICIADO,,PENDENTE,,,,,,,,
openalex:https://openalex.org/W2170942295,Preventing incapacity in people with musculoskeletal disorders,G Waddell,2006,British Medical Bulletin,10.1093/bmb/ldl008,https://doi.org/10.1093/bmb/ldl008,https://academic.oup.com/bmb/article-pdf/77-78/1/55/925196/ldl008.pdf,"Musculoskeletal disorders are among the most common causes of sickness absence, long-term incapacity for work and ill-health retirement. The number of Incapacity Benefit (IB) recipients in the United Kingdom has trebled since 1979, despite improvement in objective measures of health. Most of the trend is in non-specific conditions (largely subjective complaints, often with little objective pathology or impairment). Understanding incapacity requires a biopsychosocial model that addresses all the physical, psychological and social factors involved in human illness and disability. Rehabilitation should be directed to overcome biopsychosocial obstacles to recovery and return to work. These principles are fundamental to better clinical and occupational management and minimizing incapacity. Sickness absence and incapacity from non-specific musculoskeletal conditions could be reduced by 33-50%, but that depends on getting all stakeholders onside and a fundamental shift in thinking about these conditions-in health care, in the workplace and in society.",openalex,openalex:beneficios_incapacidade_avaliacao_medico_pericial:beneficios_incapacidade_avaliacao_medico_pericial_2,0.0,CONCLUIDA,72.0,REVISAR_HUMANO,82.0,Benefícios por incapacidade e avaliação médico-pericial,"Estudos que analisem benefícios por incapacidade, afastamento por doença ou avaliação relacionada à incapacidade para o trabalho.","Não aborda explicitamente triagem documental, teleperícia ou desenho de fluxo pericial.","Resumo trata diretamente de incapacidade para o trabalho, ausência por doença e benefício por incapacidade, com discussão sobre gestão clínica/ocupacional e retorno ao trabalho. Relevância temática parcial, embora não focalize o fluxo pericial.",PENDENTE,,,NAO_INICIADO,,PENDENTE,,,,,,,,
semantic_scholar:433e5083c9bc52359912b88b5939f538a2df8f2c,"THE CURRENT STATUS OF CHORNOBYL CATASTROPHE VICTIMS-COHORTS AND EXPERIENCE OF MEDICAL EXPERTISE FOR ESTABLISH CAUSATION OF DISEASE, LEADING TO LOSS OF HEALTH, DISABILITY AND DEATH WITH THE ACTION OF IONIZING RADIATION AND OTHER HARMFUL FACTORS OF THE CHORNOBYL NPP ACCIDENT",V. O. Sushko; O. Kolosynska; I. Lurin; V. Vdovenko,2025,Проблеми радіаційної медицини та радіобіології = Problems of Radiation Medicine and Radiobiology,10.33145/2304-8336-2025-30-538-546,https://www.semanticscholar.org/paper/433e5083c9bc52359912b88b5939f538a2df8f2c,https://radiationproblems.org.ua/30_2025/Book_NRCRMHO_2025_32.pdf,"Introduction. Nearly four decades after the Chornobyl Nuclear Power Plant accident, its medical and social consequences continue to require systematic evaluation, particularly in the context of formal medical expertise aimed at certifying causal relationships between disease outcomes and radiation exposure associated with the accident. In the remote post-accidental period, medical expertise plays a central role within the national system of social protection, providing legally substantiated conclusions on health loss, disability, and causes of death among affected population. Objective: to study and characterize the number and structure of affected population categories (clean-up workers and victims) based on materials from the National Social Service of Ukraine Register and expert cases of the Central Interdepartmental Expert Commission of the Ministry of Health of Ukraine (CIEC) in the remote post-accidental period. Methods. A retrospective study was conducted using data from the National Social Service of Ukraine Register (2008–2025) and materials from medical expert cases reviewed by the Central Interdepartmental Expert Commission of the Ministry of Health of Ukraine during 2023–2025. Expert documentation was analyzed using a systematic approach, including verification of diagnoses and assessment of medical and non-medical parameters in accordance with current regulatory requirements. Descriptive analytical methods were applied. Results. The affected population demonstrated a sustained long-term decline, primarily reflecting cohort ageing and administrative status changes. Despite this reduction, the volume of medical expertise activity remained substantial. Oncological diseases constituted the predominant category of expert assessments, followed by severe chronic non-oncological conditions, mainly cerebrovascular and cardiovascular diseases with complications. Distinct differences were observed between lifetime and postmortem expert assessments, reflecting variations in disease severity, clinical course, and fatal outcomes rather than population-level disease patterns. Conclusions. In the remote post-accidental period, medical expert assessments related to the Chornobyl accident continue to be dominated by malignant neoplasms and advanced chronic diseases of circulatory system leading to significant loss of health, increasing disability and mortality. Expert-based data provide a specific and complementary perspective on the enduring medical and social consequences of the accident and remain essential for informed decision-making within the national system of health protection and social support. Key words: radiation exposure; medical expertise of radiation effect; long-term health effects; Chornobyl survivor cohorts.",semantic_scholar,semantic_scholar:telepericia_avaliacao_remota:telepericia_avaliacao_remota_1,0.0,CONCLUIDA,72.0,REVISAR_HUMANO,82.0,Benefícios por incapacidade e avaliação médico-pericial,Estudos que analisem certificação médica ou avaliação médico-pericial; qualidade decisória e controle.,"Publicações em idioma diferente de português, inglês ou espanhol quando não houver informação suficiente para avaliação confiável.","Resumo aborda explicitamente 'medical expertise' para estabelecer causalidade de doença, perda de saúde, deficiência e morte, com base em registros e casos periciais. É aderente ao eixo de avaliação médico-pericial e controle, embora o periódico/metadados indiquem possível barreira de idioma e o foco não seja diretamente fluxo de benefícios.",PENDENTE,,,NAO_INICIADO,,PENDENTE,,,,,,,,
crossref:10.1093/eurpub/ckaa166.633,"Medical certificate of disability: a descriptive analysis of Aveiro region, from 2010 to 2016",Sá; Matos,2020,European Journal of Public Health,10.1093/eurpub/ckaa166.633,https://doi.org/10.1093/eurpub/ckaa166.633,https://doi.org/10.1093/eurpub/ckaa166.633,"Abstract Background In Portugal, Public Health Physicians attribute the medical certificate of disability (MCD). This document is mainly used for fiscal benefits or from other kind, as priority parking card and non-medical public services are increasing its requirement. The threshold to determine benefits is 60% of incapacity by law. Oncological, musculoskeletal and psychiatric diseases account for most of the cases. This activity is highly time-consuming and is not part of the Essential Public Health Operations or the competences of Public Health Physicians according to the Medical Professional Order. The aim of this study is to characterize the evolution of this procedure and the obtained incapacity values from 2010 to 2016 in the Public Health Unit of Baixo Vouga Primary Healthcare Cluster. Methods A descriptive analysis was made with the registers of production of MCD in four municipalities of the Aveiro Region from 2010 to 2016. Results An increase in the number of MCD was verified, going from 274 in 2010 to 550 in 2016, in a total of 3087. Two thousand and fifteen was the year with the greatest frequencies, with 632 certificates. The median value of incapacity was 60% (64% of total MCDs), with an interquartile amplitude of 12, varying from 6% to 99%. Incapacity values have an increasing tendency over the years, showing a cohort effect. Conclusions The increase of MCD reflects an enormous burden for the Public Health Services that consequently have fewer resources to deal with Essential Public Health Operations. Human resources or task distribution should be rethought in order to respond to population's needs. Cohort effects might be explained by the law-fixed re-evaluation, required every 5 years for oncological cases. In fact, this incapacity is the main cause of requirement of the MCD. Further studies should address this problematic in order to better organize the health services and understand the effectiveness of this procedure. Key messages The number of issued MCD is growing, overloading Health Services. The median incapacity is 60%, which is the threshold to attribute benefits. Further investigation is needed to address this issue.",crossref; semantic_scholar,crossref:analise_documental_elegibilidade:analise_documental_elegibilidade_2; semantic_scholar:analise_documental_elegibilidade:analise_documental_elegibilidade_2,0.0,CONCLUIDA,72.0,REVISAR_HUMANO,79.0,Análise documental e elegibilidade,"Estudo descritivo sobre certificado médico de incapacidade, valores de incapacidade e evolução do procedimento administrativo.","Pode estar mais centrado em caracterização epidemiológica/administrativa local do que em fluxo de alocação, teleperícia ou gestão de filas.","O resumo mostra relação direta com certificação de incapacidade para acesso a benefícios e destaca carga de trabalho do procedimento. Tem utilidade potencial para análise de elegibilidade e capacidade operacional, embora não trate claramente de teleperícia ou desenho de fluxo.",PENDENTE,,,NAO_INICIADO,,PENDENTE,,,,,,,,
pubmed:30676105,A limb to stand on? A scoping review of employability assessment in Australian total and permanent disability insurance claims.,Black M; Matthews LR; Millington MJ,2020,Disability and rehabilitation,10.1080/09638288.2018.1542462,https://pubmed.ncbi.nlm.nih.gov/30676105/,,,pubmed,pubmed:beneficios_incapacidade_avaliacao_medico_pericial:beneficios_incapacidade_avaliacao_medico_pericial_1,0.0,CONCLUIDA,72.0,REVISAR_HUMANO,74.0,Benefícios por incapacidade e avaliação médico-pericial,"Estudos que analisem benefícios por incapacidade, seguro por incapacidade, certificação médica ou avaliação médico-pericial.",,"Título indica revisão de avaliação de empregabilidade em sinistros de seguro por invalidez total e permanente, potencialmente relevante para processos decisórios em benefícios por incapacidade. Sem resumo, não é possível confirmar aderência aos eixos de fluxo, triagem ou controle.",PENDENTE,,,NAO_INICIADO,,PENDENTE,,,,,,,,
crossref:10.2139/ssrn.2290537,"Statement before the House Committee on Veterans’ Affairs, Subcommittee on Disability Assistance and Memorial Affairs, on 'Why Are Veterans Waiting Years on Appeal?: A Review of the Post-Decision Process for Appealed Veterans’ Disability Benefits Claims'",Ridgway,2013,SSRN Electronic Journal,10.2139/ssrn.2290537,https://doi.org/10.2139/ssrn.2290537,https://doi.org/10.2139/ssrn.2290537,,crossref,crossref:capacidade_filas_alocacao:capacidade_filas_alocacao_1,0.0,CONCLUIDA,72.0,REVISAR_HUMANO,70.0,Benefícios por incapacidade e avaliação médico-pericial,"Estudos que analisem benefícios por incapacidade, avaliação médico-pericial, processos decisórios e filas/tempo de espera em sistemas de benefícios.","Resumo ausente e natureza possivelmente testemunhal/depoimento, o que pode limitar contribuição analítica verificável.","O título indica forte relação com benefícios por incapacidade de veteranos, processo pós-decisão e longa espera em apelações, alinhando-se aos eixos de filas, tempo de espera e gestão do fluxo decisório. Contudo, não há resumo e o registro parece ser um statement perante comitê legislativo, podendo se enquadrar como material não analítico dependendo do conteúdo efetivo.",PENDENTE,,,NAO_INICIADO,,PENDENTE,,,,,,,,
crossref:10.1111/j.1468-246x.1981.tb00705.x,Assessing the severity of disability for the allocation of benefits and services,Walker,1981,International Social Security Review,10.1111/j.1468-246x.1981.tb00705.x,https://doi.org/10.1111/j.1468-246x.1981.tb00705.x,,,crossref,crossref:capacidade_filas_alocacao:capacidade_filas_alocacao_3,0.0,CONCLUIDA,72.0,REVISAR_HUMANO,68.0,Benefícios por incapacidade e avaliação médico-pericial,"Estudos que analisem benefícios por incapacidade, seguro por incapacidade, certificação médica ou avaliação médico-pericial.",,"Título indica avaliação da gravidade da deficiência para alocação de benefícios e serviços, com aderência direta ao eixo de elegibilidade/decisão sobre incapacidade. Ausência de resumo impede verificar se aborda processos periciais, critérios auditáveis ou desenho de fluxo, mas merece revisão humana.",PENDENTE,,,NAO_INICIADO,,PENDENTE,,,,,,,,
pubmed:40441195,Evaluation of specialized medical examinations in disability assessment: A cross-sectional study.,Duc Nhu D; Thanh Trung N; Ngoc Thanh N; Ngoc Nghia N; Lam Toi P; Huynh Phuong Anh N; Thi Ly T; Trong Khoa N; Huy Luong D; Quoc Thang T; Vuong The Vinh T; Thi Thu Ha L; Ngoc Quang L,2025,Medicine,10.1097/md.0000000000042439,https://pubmed.ncbi.nlm.nih.gov/40441195/,https://doi.org/10.1097/md.0000000000042439,,pubmed,pubmed:beneficios_incapacidade_avaliacao_medico_pericial:beneficios_incapacidade_avaliacao_medico_pericial_1,0.0,CONCLUIDA,72.0,REVISAR_HUMANO,67.0,Benefícios por incapacidade e avaliação médico-pericial,"Estudos que analisem benefícios por incapacidade, certificação médica ou avaliação médico-pericial.",Nenhum claramente aplicável apenas pelo título/metadados.,"O título menciona explicitamente exames médicos especializados em avaliação de incapacidade e estudo transversal, o que sugere aderência ao eixo de avaliação médico-pericial. Contudo, sem resumo não é possível verificar se trata de benefício/decisão administrativa, fluxo, qualidade decisória ou apenas aspecto clínico da avaliação.",PENDENTE,,,NAO_INICIADO,,PENDENTE,,,,,,,,
pubmed:12428516,The U.S. study of work incapacity and reintegration.,Wheeler PM; Kearney JR; Harrison CA,2001,Social security bulletin,,https://pubmed.ncbi.nlm.nih.gov/12428516/,,,pubmed,pubmed:beneficios_incapacidade_avaliacao_medico_pericial:beneficios_incapacidade_avaliacao_medico_pericial_2,0.0,CONCLUIDA,72.0,REVISAR_HUMANO,67.0,Benefícios por incapacidade e avaliação médico-pericial,"Estudos empíricos, avaliações de política pública ou revisões com evidência útil sobre benefícios por incapacidade.","Registros sem título, resumo ou metadados suficientes para triagem humana.","O título menciona estudo dos EUA sobre incapacidade para o trabalho e reintegração, em periódico de seguridade social, sugerindo pertinência ao campo de benefícios por incapacidade. Sem resumo, permanece incerto se aborda avaliação, elegibilidade ou gestão do fluxo.",PENDENTE,,,NAO_INICIADO,,PENDENTE,,,,,,,,
openalex:https://openalex.org/W2166737545,Retrenching Incapacity Benefit: Employment Support Allowance and Paid Work,Linda Piggott; Chris Grover,2009,Social Policy and Society,10.1017/s1474746408004697,https://doi.org/10.1017/s1474746408004697,https://www.cambridge.org/core/services/aop-cambridge-core/content/view/3AD40139918EB9628B15CD07FFB143B8/S1474746408004697a.pdf/div-class-title-retrenching-incapacity-benefit-employment-support-allowance-and-paid-work-div.pdf,"In October 2008 in the UK Incapacity Benefit (IB) (the main income replacement benefit for sick and disabled claimants) was replaced by the Employment and Support Allowance (ESA) for new claimants. Drawing upon recent work on the retrenchment of welfare benefits and services this paper examines the context for the changes, the marketisation of the job placement services for ESA claimants and the extension of conditionality to sick and disabled benefit claimants. The paper argues that the introduction of ESA is a good example of the retrenchment of benefits for the majority of sick and disabled people. The paper concludes that ESA can be interpreted as creating a group of disadvantaged people through which the private sector can profit.",openalex,openalex:beneficios_incapacidade_avaliacao_medico_pericial:beneficios_incapacidade_avaliacao_medico_pericial_2,0.0,CONCLUIDA,70.0,REVISAR_HUMANO,84.0,Benefícios por incapacidade e avaliação médico-pericial,Estudos que analisem benefícios por incapacidade e mudanças de política pública relacionadas a elegibilidade e trabalho.,"Não aborda explicitamente triagem documental, teleperícia, perícia presencial ou gestão operacional de filas.","Artigo sobre substituição do Incapacity Benefit pelo Employment and Support Allowance, com foco em política pública e efeitos sobre trabalho. Relevante ao campo de benefícios por incapacidade, mas aderência indireta ao redesenho do fluxo pericial.",PENDENTE,,,NAO_INICIADO,,PENDENTE,,,,,,,,
semantic_scholar:060a98dd24050676d335921eba2b6a43c0b831ce,HOW DO THE DISABLED COPE WHILE WAITING FOR SSDI,Norma B. Coe; S. Lindner; Kendrew S. K. Wong; A. Wu,2013,,10.2139/ssrn.2277639,https://www.semanticscholar.org/paper/060a98dd24050676d335921eba2b6a43c0b831ce,http://crr.bc.edu/wp-content/uploads/2013/06/wp_2013-12.pdf,,semantic_scholar,semantic_scholar:capacidade_filas_alocacao:capacidade_filas_alocacao_1,0.0,CONCLUIDA,68.0,REVISAR_HUMANO,74.0,"Capacidade, filas e alocação de serviços",Benefícios por incapacidade e efeitos/condições durante a espera por SSDI.,"Sem resumo; pode focar apenas estratégias de sobrevivência econômica dos requerentes, sem contribuição para desenho do fluxo pericial.","O título menciona explicitamente espera por SSDI, o que é pertinente ao eixo de benefícios por incapacidade e tempo de espera. A ausência de resumo impede confirmar utilidade para gestão de filas ou alocação entre modalidades.",PENDENTE,,,NAO_INICIADO,,PENDENTE,,,,,,,,
crossref:10.2147/jmdh.s17138,"Disability, sickness, and unemployment benefits among long-term sickness absentees five years before, during, and after a multidisciplinary medical assessment",Gustafsson; Lundh; Pia Svedberg; Linder; Kristina Alexanderson; Staffan Marklund,2011,Journal of Multidisciplinary Healthcare,10.2147/jmdh.s17138,https://doi.org/10.2147/jmdh.s17138,https://www.dovepress.com/getfile.php?fileID=9199,,crossref,crossref:beneficios_incapacidade_avaliacao_medico_pericial:beneficios_incapacidade_avaliacao_medico_pericial_1,0.0,CONCLUIDA,65.0,REVISAR_HUMANO,67.0,Benefícios por incapacidade e avaliação médico-pericial,"Título indica análise longitudinal de benefícios por incapacidade, doença e desemprego em torno de uma avaliação médica multidisciplinar, potencialmente relevante para processos de avaliação e decisão.",Resumo ausente; não está claro se o foco é administrativo/pericial ou apenas desfechos de pacientes após avaliação clínica.,"Há forte sinal de pertinência ao eixo de avaliação médico-pericial e benefícios, pois menciona explicitamente 'medical assessment' e trajetória de benefícios. Ainda assim, sem resumo, a utilidade para redesenho de fluxo e controle precisa de confirmação humana.",PENDENTE,,,NAO_INICIADO,,PENDENTE,,,,,,,,
pubmed:26552320,"[What Psychiatrists Should Know about the Medical Documentation They Issue: Admission for Medical Care and Protection, Medical Treatment for Persons with Disabilities, Mental Health Disability Certification, etc].",Yamasaki M,2015,Seishin shinkeigaku zasshi = Psychiatria et neurologia Japonica,,https://pubmed.ncbi.nlm.nih.gov/26552320/,,,pubmed,pubmed:beneficios_incapacidade_avaliacao_medico_pericial:beneficios_incapacidade_avaliacao_medico_pericial_3,0.0,CONCLUIDA,64.0,REVISAR_HUMANO,68.0,Análise documental e elegibilidade,"Estudos que abordem análise de documentos médicos, validação de atestados ou certificação médica.","Publicações em idioma diferente de português, inglês ou espanhol quando não houver informação suficiente para avaliação confiável.","O título indica discussão sobre documentação médica emitida por psiquiatras, incluindo certificação de deficiência em saúde mental. Isso sugere pertinência à análise documental/certificação, embora o idioma e a ausência de resumo impeçam confirmar escopo e utilidade para fluxo pericial.",PENDENTE,,,NAO_INICIADO,,PENDENTE,,,,,,,,
crossref:10.71279/epw.v61i06.42922,Does Having a Disability Certificate Ensure Benefits?,Rajasulochana; Mohd Imran Khan,2026,Economic &amp; Political Weekly,10.71279/epw.v61i06.42922,https://doi.org/10.71279/epw.v61i06.42922,,"Access to disability certificates is limited to less than one-third of Persons with Disabilities (PwD). Only 52 percent of those who possess such a certificate receive government benefits. Gaps in the identification, access, and inclusion of PwD need to be addressed.",crossref,crossref:analise_documental_elegibilidade:analise_documental_elegibilidade_2,0.0,CONCLUIDA,62.0,REVISAR_HUMANO,74.0,"Equidade territorial, qualidade e controle","Estudos que discutam acesso, inclusão, elegibilidade e benefícios associados à certificação de deficiência.","Pode não abordar avaliação médico-pericial, triagem documental, teleperícia ou gestão operacional do fluxo.","Resumo indica análise de acesso a certificados de deficiência e recebimento efetivo de benefícios, com foco em lacunas de identificação, acesso e inclusão. Há aderência parcial aos eixos de elegibilidade e acesso, mas a conexão com fluxo pericial e alocação entre modalidades de avaliação não está explícita.",PENDENTE,,,NAO_INICIADO,,PENDENTE,,,,,,,,
crossref:10.33540/2047,Making up incapacity for work?,Dijkstra,,,10.33540/2047,https://doi.org/10.33540/2047,,"In 1901 the Ongevallenwet, the first act regulating the insurance of workers in cases of accidents, was introduced in the Netherlands. In the historiography of the welfare state, introductions of acts like the Ongevallenwet mark a moment in time in which the collective started to take care of individual misfortune. This new form of state funded compensation for the loss of income due to disabilities came with a pressing individual responsibility to not misuse this social security arrangement. The regulations have constantly been tightened to make sure ‘the right people’ receive benefits. But when was a person truly incapable to work? Social security legislation necessitated classification. As philosophers of science have shown, classifications are moving targets that interact with our investigations. Interaction with the classification therefore ‘makes up’ the label that is being described. In line with these insights, this research examines the search for identifying properties of incapacity to work as a process of making up incapacity to work. This dissertation provides a fresh look at the ways in which incapacity for work has historically been produced. It analyses the actions and practices that have created and sustained the phenomenon of incapacity for work. It examines how it was enacted not only through the Ongevallenwet, but also through the interactions between the officials who implemented policies, the medical experts who testified about the nature, veracity and severity of the incapacity for work, and the individuals whose working capacity was under scrutiny. This research has shown how the three actors enacted incapacity for work in different ways, taking into account their position, knowledge, interests, (professional) rationalisations and values. Each actor undertook its own situated search for the properties of incapacity, resulting in a variety of realities of incapacity. Each assessment, however, required mediation, navigation and negotiation between legal frameworks, values and interests. Each actor had to deal with doubt and used their own rationales and techniques, and did so in interaction with the other actors involved. In that process, the characteristics of incapacity were constantly changing. This thesis has shown that there is no such thing as a fixed category of disabled workers, instead this category is created in the process of claim assessment. This conclusion has far-reaching implications for the way we look at social security legislation. It is much more than the allocation of money: the process establishes categories associated with all sorts of socio-material realities. By recognising that the targeted group of people who earn benefits are shaped in the process, we can further explore what hierarchical dynamics are at work, how the narratives and perspectives of the actors involved are valued and taken seriously, and what rationalisations and prejudices about people claiming benefits shape examination practices.",crossref,crossref:analise_documental_elegibilidade:analise_documental_elegibilidade_3,0.0,CONCLUIDA,62.0,REVISAR_HUMANO,73.0,Benefícios por incapacidade e avaliação médico-pericial,Resumo aborda historicamente a classificação da incapacidade para o trabalho e a definição de elegibilidade em arranjos de seguridade social.,"Pode ser dissertação/obra histórica-teórica, com utilidade indireta e sem foco explícito em desenho operacional contemporâneo, teleperícia ou filas.","Tem relação substantiva com produção institucional da incapacidade para o trabalho e critérios de classificação, o que pode informar elegibilidade e decisão administrativa, embora a aderência ao fluxo operacional seja indireta.",PENDENTE,,,NAO_INICIADO,,PENDENTE,,,,,,,,
semantic_scholar:9ddee658319a918e011834acc91ea547c760b2fb,Digitization of disability certification using technology to curtail infringement of dignity,Abhimanyu Vasudeva; N. Sheikh; Samantak Sahu,2021,Journal of Family Medicine and Primary Care,10.4103/jfmpc.jfmpc_961_21,https://www.semanticscholar.org/paper/9ddee658319a918e011834acc91ea547c760b2fb,https://doi.org/10.4103/jfmpc.jfmpc_961_21,"Privacy and dignity are the rights of every human being. The disability certificate issued has the medical diagnosis mentioned explicitly as well as the patients' photograph. A person with disability needs to produce a certificate to avail the benefits, which the law of the land accords. This article discusses the dignity and privacy issues, which may be felt while producing such a certificate before competent authorities and proposes a blinded disability certificate. Besides, the proposed certificate uses advanced technologies to link a functioning profile to a cloud-based central database.",semantic_scholar,semantic_scholar:analise_documental_elegibilidade:analise_documental_elegibilidade_2,0.0,CONCLUIDA,61.0,REVISAR_HUMANO,86.0,"Equidade territorial, qualidade e controle","Estudos que tratem de qualidade decisória, auditoria, controle, integridade ou riscos associados à avaliação documental; estudos sobre certificação médica.",,"Discute digitalização da certificação de deficiência, privacidade, dignidade e proposta de certificado vinculado a base central em nuvem. Relevante para desenho institucional, controle e integridade documental, embora não trate diretamente de benefícios por incapacidade laboral.",PENDENTE,,,NAO_INICIADO,,PENDENTE,,,,,,,,
pubmed:26679500,[Ophthalmological assessment in procedures for disability benefits for the blind : Why medical certificates alone are insufficient].,von Livonius B; Pause H; Ulbig M,2016,Der Ophthalmologe : Zeitschrift der Deutschen Ophthalmologischen Gesellschaft,10.1007/s00347-015-0189-1,https://pubmed.ncbi.nlm.nih.gov/26679500/,,,pubmed,pubmed:analise_documental_elegibilidade:analise_documental_elegibilidade_2; pubmed:beneficios_incapacidade_avaliacao_medico_pericial:beneficios_incapacidade_avaliacao_medico_pericial_1,0.0,CONCLUIDA,61.0,REVISAR_HUMANO,71.0,Análise documental e elegibilidade,"Estudos que abordem triagem documental, elegibilidade, análise de documentos médicos, validação de atestados ou processos de decisão sobre incapacidade.","Publicações em idioma diferente de português, inglês ou espanhol quando não houver informação suficiente para avaliação confiável.","O título trata explicitamente de avaliação oftalmológica em procedimentos para benefícios por incapacidade para cegos e afirma que certificados médicos isolados são insuficientes, o que é pertinente ao eixo de análise documental/elegibilidade. Contudo, o periódico está em alemão e não há resumo para confirmar escopo, desenho e utilidade para o redesenho do fluxo.",PENDENTE,,,NAO_INICIADO,,PENDENTE,,,,,,,,
semantic_scholar:dda9f861c640b80a732eeee382510ea0ca9589a0,[Ex post opinion on work disability in a payment decision case].,E. Meissner; M. Barzdo; Leszek Żydek; L. Markuszewski; S. Szram; J. Berent,2005,Archives of Forensic Medicine and Criminology,,https://www.semanticscholar.org/paper/dda9f861c640b80a732eeee382510ea0ca9589a0,,,semantic_scholar,semantic_scholar:beneficios_incapacidade_avaliacao_medico_pericial:beneficios_incapacidade_avaliacao_medico_pericial_3,0.0,CONCLUIDA,61.0,REVISAR_HUMANO,58.0,"Equidade territorial, qualidade e controle","Título sugere parecer ex post sobre incapacidade laboral em caso de decisão de pagamento, potencialmente ligado a revisão de decisões, auditoria e controle.",Resumo ausente; pode ser relato jurídico-pericial isolado sem utilidade para redesenho de fluxo.,"A menção a opinião ex post em decisão de pagamento sugere interface com revisão/auditoria de decisões periciais, mas faltam elementos para confirmar desenho, dados e aplicabilidade.",PENDENTE,,,NAO_INICIADO,,PENDENTE,,,,,,,,
semantic_scholar:467ed51651d10cd8d58d48f3a3bc2aef27214ef7,Profile of patients coming to the department of physical medicine and rehabilitation for locomotor disability certification: a 5-years observational study,Sucheta Saha; S. K. Gupt; S. Mandal,2024,International Journal of Community Medicine and Public Health,10.18203/2394-6040.ijcmph20241289,https://www.semanticscholar.org/paper/467ed51651d10cd8d58d48f3a3bc2aef27214ef7,https://www.ijcmph.com/index.php/ijcmph/article/download/12511/7543,"Background: The persons with locomotor disability are eligible for various social welfare benefits from the Government under ‘The persons with disabilities (Equal opportunities, protection of rights and full participation) Act, 1995’ along with other causes of disabilities like blindness, hearing impairment etc. and recent enactment of the Rights of Persons with Disabilities (RPwD) Act, 2016. Understanding the utilization of services is crucial in enhancing assistance for individuals with certifiable disabilities. This study aimed to observe the clinico-demographic profile of patients coming to outpatient Department of Physical Medicine and Rehabilitations for locomotor disabilities certification and 5 years’ trend in the number of patients getting disability certificate. Methods: This retrospective study was based on the data taken at time of disability certification in a multispecialty tertiary care government medical college in Northern India. All persons with locomotor disability who were issued disability certificate between 2014 and 2018 were included in the study. Results: A total of 857 patients were issued disability certificates during the study period of 2014 to 2018. Among the 744 adult patients, only 149 (20%) were female. Most of them were urban residents. In locomotor disability, post-polio residual paralysis was the most common diagnosis encountered, followed by amputations and cerebral palsy. Most of the applicants were having a disability of 40-50%. Conclusions: Awareness has to be generated about the disability benefits and disability certification. Utilisation of services by females should be encouraged. Robust data and literature need to be built up for prevention and management of locomotor disability.",semantic_scholar,semantic_scholar:analise_documental_elegibilidade:analise_documental_elegibilidade_2,0.0,CONCLUIDA,58.0,REVISAR_HUMANO,82.0,Benefícios por incapacidade e avaliação médico-pericial,"Estudos que analisem certificação médica ou avaliação médico-pericial; estudos que analisem capacidade operacional, produtividade ou gestão de demanda em serviços periciais.",,"Estudo observacional sobre perfil de pacientes que buscam certificação de deficiência locomotora e tendência de emissão de certificados ao longo de 5 anos. Tem aderência parcial por tratar de certificação e utilização do serviço, embora não foque explicitamente em fluxo entre modalidades de avaliação.",PENDENTE,,,NAO_INICIADO,,PENDENTE,,,,,,,,
openalex:https://openalex.org/W2155854162,Cost-benefit analysis of psychological therapy,Richard Layard; David M. Clark; Martín Knapp; Guy Mayraz,2007,National Institute Economic Review,10.1177/0027950107086171,https://doi.org/10.1177/0027950107086171,https://www.cambridge.org/core/services/aop-cambridge-core/content/view/CBEC26AB2AB0ABC47D0C3F570E0FFA21/S0027950100012631a.pdf/div-class-title-cost-benefit-analysis-of-psychological-therapy-div.pdf,"At present six million people are suffering from clinical depression or anxiety disorders, but only a quarter of them are in treatment. NICE Guidelines prescribe the offer of evidence-based psychological therapy, but they are not implemented, due to lack of therapists within the NHS. We therefore estimate the economic costs and benefits of providing psychological therapy to people not now in treatment. The cost to the governement would be fully covered by the savings in incapacity benefits and extra taxes that result from more people being able to work. On our estimates, the cost could be recovered within two years - and certainly within five. And the benefits to the whole economy are greater still. This is not because we expect the extra therapy to be targeted especially at people with problems about work. It is because the cost of the therapy is so small (£750 in total), the recovery rates are so high (50 per cent) and the cost of a person on IB is so large (£750 per month ). These findings strongly reinforce the humanitatian case for implementing the NICE Guidelines. Current proposals for doing this would require some 8,000 extra psychological therapists withing the NHS over the six years.",openalex,openalex:beneficios_incapacidade_avaliacao_medico_pericial:beneficios_incapacidade_avaliacao_medico_pericial_2,0.0,CONCLUIDA,58.0,REVISAR_HUMANO,78.0,Benefícios por incapacidade e avaliação médico-pericial,"Estudos que analisem benefícios por incapacidade ou afastamento por doença, inclusive impactos econômicos e retorno ao trabalho.","Não aborda explicitamente avaliação médico-pericial, triagem documental, teleperícia ou organização do fluxo de requerimentos.","Resumo menciona explicitamente savings in incapacity benefits e retorno ao trabalho, mas o foco principal é custo-benefício de terapia psicológica, não o processo pericial ou a alocação entre modalidades de avaliação.",PENDENTE,,,NAO_INICIADO,,PENDENTE,,,,,,,,
semantic_scholar:ab7dd4abee54ec6e81a777170a5b4a577bf56bd3,"Making invalidity fair: schizophrenia, medical uncertainty and the certification of war disability pensions in post-war Britain",Alfred Freeborn,2026,BJHS Themes,10.1017/bjt.2026.10033,https://www.semanticscholar.org/paper/ab7dd4abee54ec6e81a777170a5b4a577bf56bd3,https://www.cambridge.org/core/services/aop-cambridge-core/content/view/1DED06DB287E34FE0D28FFFD4387327C/S2058850X26100332a.pdf/div-class-title-making-invalidity-fair-schizophrenia-medical-uncertainty-and-the-certification-of-war-disability-pensions-in-post-war-britain-div.pdf,"In post-war Britain there was cross-party political pressure to ensure that disabled veterans received fair compensation. This produced a particular challenge to the state’s deployment of psychiatric knowledge. In 1943 new laws governing the pension appeal tribunals were passed to give veterans the benefit of the doubt in their appeals, throwing the spotlight on diseases considered by psychiatrists to have hereditary aetiologies, such as schizophrenia. This paper reconstructs the medico-legal history of schizophrenia appeal cases to better understand both how the pursuit of judicial procedure interacted with medical uncertainty and how post-war sympathies for veterans helped to normalize schizophrenia in public life. Making invalidity fair meant ensuring that the government was held to the standards of legal procedure in its award of war disability pensions. Moreover, in the case of schizophrenia, it also meant using legal means to force the psychiatric profession to be more honest about the limits of its disease theories. The interaction of medical and legal epistemic practices produced a hybrid entity, stress-triggered schizophrenia, as a socially acceptable solution to the problem of medical uncertainty.",semantic_scholar,semantic_scholar:analise_documental_elegibilidade:analise_documental_elegibilidade_2,0.0,CONCLUIDA,58.0,REVISAR_HUMANO,71.0,"Equidade territorial, qualidade e controle","Discute certificação de pensões por invalidez, incerteza médica, apelações e padrões de justiça/legalidade na decisão sobre incapacidade.","Enfoque histórico e específico de pensões de guerra, sem conexão aparente com desenho operacional contemporâneo de fluxos, teleperícia ou gestão de filas.","Há aderência ao eixo de avaliação/certificação de incapacidade e revisão de decisões, com ênfase em incerteza médica e controle jurídico. Contudo, por ser estudo histórico sobre pensões de guerra, a aplicabilidade direta ao fluxo administrativo atual é limitada e deve ser avaliada por humano.",PENDENTE,,,NAO_INICIADO,,PENDENTE,,,,,,,,
pubmed:37192074,Disability Evaluations: Common Questions and Answers.,Evensen AE; Hartman J,2023,American family physician,,https://pubmed.ncbi.nlm.nih.gov/37192074/,,,pubmed,pubmed:beneficios_incapacidade_avaliacao_medico_pericial:beneficios_incapacidade_avaliacao_medico_pericial_1,0.0,CONCLUIDA,58.0,REVISAR_HUMANO,63.0,Benefícios por incapacidade e avaliação médico-pericial,Estudos que analisem certificação médica ou avaliação médico-pericial.,"Editorial, comentário, notícia, apresentação, resumo de congresso ou opinião sem análise, dados, revisão ou contribuição institucional verificável.","O título indica conteúdo sobre avaliações de incapacidade e perguntas frequentes, potencialmente útil para compreensão do processo pericial. Porém, o periódico e o formato sugerem possível artigo narrativo/prático, e sem resumo não é possível confirmar contribuição analítica substantiva para a pergunta da revisão.",PENDENTE,,,NAO_INICIADO,,PENDENTE,,,,,,,,
semantic_scholar:dfa05eabaf8bc2164f111562a2f5ed614830cd18,[Medical certification problems associated with the so-called social pension--the error underlying the notion of such a medical certifying solution].,T. Zyss; J. Boroń; R. Hese,2007,Archives of Forensic Medicine and Criminology,,https://www.semanticscholar.org/paper/dfa05eabaf8bc2164f111562a2f5ed614830cd18,,,semantic_scholar,semantic_scholar:beneficios_incapacidade_avaliacao_medico_pericial:beneficios_incapacidade_avaliacao_medico_pericial_3,0.0,CONCLUIDA,58.0,REVISAR_HUMANO,56.0,Benefícios por incapacidade e avaliação médico-pericial,"Título indica problemas de certificação médica associados a benefício/pensão social, potencialmente relevante para elegibilidade e controle.","Resumo ausente; pode ser ensaio conceitual ou opinião sem dados, revisão ou contribuição institucional verificável.","Há aderência temática aparente com certificação médica e benefícios, mas a ausência de resumo impede verificar se se trata de análise empírica, jurídica ou meramente opinativa.",PENDENTE,,,NAO_INICIADO,,PENDENTE,,,,,,,,
openalex:https://openalex.org/W1964352664,The Rise in the Disability Rolls and the Decline in Unemployment,David Autor; Mark Duggan,2003,The Quarterly Journal of Economics,10.1162/00335530360535171,https://doi.org/10.1162/00335530360535171,https://repository.upenn.edu/bitstreams/ab456613-8aeb-437b-9cf6-2383f4827d7b/download,"Between 1984 and 2001, the share of nonelderly adults receiving Social Security Disability Insurance income (DI) rose by 60 percent to 5.3 million beneficiaries. Rapid program growth despite improving aggregate health appears to be explained by reduced screening stringency, declining demand for less skilled workers, and an unforeseen increase in the earnings replacement rate. We estimate that the sum of these forces doubled the labor force exit propensity of displaced high school dropouts after 1984, lowering measured U. S. unemployment by one-half a percentage point. Steady state calculations augur a further 40 percent increase in the rate of DI receipt.",openalex,openalex:analise_documental_elegibilidade:analise_documental_elegibilidade_2; openalex:beneficios_incapacidade_avaliacao_medico_pericial:beneficios_incapacidade_avaliacao_medico_pericial_3,0.0,CONCLUIDA,55.0,REVISAR_HUMANO,81.0,Análise documental e elegibilidade,"Estudos que analisem benefícios por incapacidade, afastamento por doença, seguro por incapacidade, certificação médica ou avaliação médico-pericial.; Estudos que abordem triagem documental, elegibilidade, análise de documentos médicos, validação de atestados ou processos de deci…",,"Analisa crescimento do Disability Insurance e atribui parte do fenômeno à menor rigidez de screening. Embora não trate de fluxo operacional, aborda elegibilidade e stringência de triagem, com utilidade potencial para a revisão.",PENDENTE,,,NAO_INICIADO,,PENDENTE,,,,,,,,
semantic_scholar:b285b351433d9ae5e06a3974968c90ccc2c3aab1,"Patterns in the access, utilisation and budget allocation of National Disability Insurance Scheme (NDIS) psychosocial support for Aboriginal and Torres Strait Islander peoples with mental health needs: a case study from South East Queensland",Xiaoyun Zhou; Claudia Pagliaro; Manuel Wailan; Carmel Nelson; Shuichi Suetani; Randall Frazer; Tamsyn Borton; Rayno Potgieter; T. Basit; Hayley M. Williams; Yan Liu; Lihong Zhang; Xiang-Yu Hou; Roxanne Bainbridge; H. Whiteford; S. Diminic,2025,BMC Health Services Research,10.1186/s12913-025-13634-4,https://www.semanticscholar.org/paper/b285b351433d9ae5e06a3974968c90ccc2c3aab1,https://europepmc.org/articles/PMC12628878?pdf=render,"Equity in access to disability support services is critical for addressing health disparities faced by Aboriginal and Torres Strait Islander peoples (hereafter respectfully referred to as Indigenous Australians) in Australia. Since its rollout in 2016, the National Disability Insurance Scheme (NDIS) has faced criticism for limited access among Indigenous Australians. While systemic barriers have been identified, the extent of disparities and factors influencing access and funding remain unclear. We examined NDIS psychosocial support access and utilisation among Indigenous Australians in South East Queensland (SEQ), focusing on disparities and determinants of access and budget allocation. This study analysed Australian Bureau of Statistics Personal Level Integrated Data Asset, 2021 Census, 2021 NDIS and Medicare datasets. We examined the sociodemographic and service-related factors that were associated with access rates and budget allocation for NDIS support for psychosocial disability as primary disability among Indigenous Australians with mental health needs. Multivariate logistic regression and linear regression were used to assess associations with access and budget allocation, respectively. Indigenous Australians in SEQ accessed NDIS psychosocial support at higher rates than non-Indigenous Australians (1.75% versus 0.88%, p < 0.001), though budget allocations were comparable ($94,310.90 versus $86,371.78 per capita, p = 0.062). Access varied within Indigenous Australians based on sociodemographic factors, health service regions, and levels of need. Stable housing, lower income, and higher mental health needs were associated with greater access, whereas post-secondary education and chronic conditions were associated with lower access. Budget allocation was higher for those in group/lone households and those with greater functional impairment. However, 88% of individual level utilisation data were missing, and only 69.57% of Indigenous participants were correctly identified as Indigenous in NDIS data. In SEQ, Indigenous Australians demonstrated higher access to NDIS psychosocial support. Differences in access to and budget allocation of NDIS psychosocial support benefit those most in need. Nonetheless, systemic challenges remain including under-identification of Indigenous status, missing data on utilisation, and barriers associated with housing instability. Addressing these issues and strengthening culturally safe processes are critical to improving access to psychosocial disability support for Indigenous Australians.",europe_pmc; pubmed; semantic_scholar,europe_pmc:capacidade_filas_alocacao:capacidade_filas_alocacao_3; pubmed:capacidade_filas_alocacao:capacidade_filas_alocacao_3; semantic_scholar:capacidade_filas_alocacao:capacidade_filas_alocacao_3,0.0,CONCLUIDA,55.0,REVISAR_HUMANO,71.0,"Equidade territorial, qualidade e controle","Estudo sobre acesso, utilização e alocação orçamentária em esquema nacional de deficiência, com foco em equidade e barreiras de acesso.","Pode não tratar de avaliação médico-pericial, certificação, triagem documental ou fluxo entre modalidades de avaliação.","O registro é potencialmente relevante por tratar de acesso e alocação em programa nacional de deficiência, incluindo desigualdades para população indígena. Contudo, pelo resumo, o foco parece ser suporte psicossocial no NDIS e orçamento/acesso, sem explicitar processos de avaliação pericial, elegibilidade documental ou teleavaliação. Merece revisão humana pela proximidade com benefícios por incapacidade e equidade.",PENDENTE,,,NAO_INICIADO,,PENDENTE,,,,,,,,
semantic_scholar:11c4cee29b5698cd87960aa3140cc23d88915026,Early intervention in temporary DI: A randomized natural field experiment reducing waiting time in vocational rehabilitation,K. Hauge; S. Markussen; R. Frisch,2021,,,https://www.semanticscholar.org/paper/11c4cee29b5698cd87960aa3140cc23d88915026,,,semantic_scholar,semantic_scholar:capacidade_filas_alocacao:capacidade_filas_alocacao_1,0.0,CONCLUIDA,55.0,REVISAR_HUMANO,67.0,"Capacidade, filas e alocação de serviços",Estudos sobre benefícios por incapacidade e redução de tempo de espera em reabilitação/fluxo associado à incapacidade.,"Resumo ausente; pode focar intervenção em reabilitação vocacional sem tratar de avaliação médico-pericial, triagem ou alocação entre modalidades.","O título menciona temporary DI e redução de waiting time, o que sugere aderência parcial ao eixo de benefícios por incapacidade e gestão do tempo de espera. Contudo, sem resumo não é possível confirmar se aborda decisão administrativa/pericial ou apenas reabilitação.",PENDENTE,,,NAO_INICIADO,,PENDENTE,,,,,,,,
pubmed:24120308,Recommendations for fitness for work medical evaluations in chronic respiratory patients. Spanish Society of Pulmonology and Thoracic Surgery (SEPAR).,Martínez González C; González Barcala FJ; Belda Ramírez J; González Ros I; Alfageme Michavila I; Orejas Martínez C; González Rodríguez-Moro JM; Rodríguez Portal JA; Fernández Álvarez R; Spanish Society of Pulmonology and Thoracic Surgery (SEPAR),2013,Archivos de bronconeumologia,10.1016/j.arbres.2013.06.004,https://pubmed.ncbi.nlm.nih.gov/24120308/,http://hdl.handle.net/10651/24132,,pubmed,pubmed:beneficios_incapacidade_avaliacao_medico_pericial:beneficios_incapacidade_avaliacao_medico_pericial_2,0.0,CONCLUIDA,55.0,REVISAR_HUMANO,63.0,Benefícios por incapacidade e avaliação médico-pericial,"Estudos que analisem benefícios por incapacidade, certificação médica ou avaliação médico-pericial.",Textos sem relação substantiva com a pergunta de pesquisa ou com ao menos um eixo da matriz analítica.,"O título indica recomendações para avaliações médicas de aptidão para o trabalho em pacientes respiratórios crônicos, o que sugere relação com avaliação médico-pericial/certificação. Porém, sem resumo, não é possível verificar se aborda fluxo, triagem, elegibilidade, gestão de demanda ou apenas orientação clínica.",PENDENTE,,,NAO_INICIADO,,PENDENTE,,,,,,,,
crossref:10.1057/9781137314277.0017,Fit for Purpose? Lessons for Policies to Address the Disability Benefits âCrisisâ,Houston; Lindsay,,"Disability Benefits, Welfare Reform and Employment Policy",10.1057/9781137314277.0017,https://doi.org/10.1057/9781137314277.0017,,,crossref,crossref:beneficios_incapacidade_avaliacao_medico_pericial:beneficios_incapacidade_avaliacao_medico_pericial_1,0.0,CONCLUIDA,55.0,REVISAR_HUMANO,58.0,Benefícios por incapacidade e avaliação médico-pericial,"Título sugere lições para políticas voltadas à crise dos benefícios por incapacidade, potencialmente relevante para desenho institucional e gestão da demanda.",Sem resumo; pode ser discussão normativa ampla sem evidência empírica ou sem foco em avaliação pericial/fluxo operacional.,"Há aderência temática razoável ao debate sobre políticas de benefícios por incapacidade. Contudo, os metadados não permitem confirmar se o capítulo oferece evidência útil para alocação entre modalidades de avaliação.",PENDENTE,,,NAO_INICIADO,,PENDENTE,,,,,,,,
semantic_scholar:83323c8c3857bcc6179490d9d6d221306d963c66,Return to Work After Injuries: Legal Challenges for Seafarers in Canada,Desai Shan; A. Medley; Barbara Neis; Contessa Small,2025,New solutions : a journal of environmental and occupational health policy : NS,10.1177/10482911251317583,https://www.semanticscholar.org/paper/83323c8c3857bcc6179490d9d6d221306d963c66,https://bdp.parl.ca/staticfiles/PublicWebsite/Home/ResearchPublications/BackgroundPapers/PDF/2012-01-e.pdf,"Return to work (RTW) after injury requires strong stakeholder coordination. Seafaring work is associated with high injury rates, but seafarers’ RTW is understudied. As federally regulated workers, Canadian seafarers are protected by the Canadian Human Rights Act, which prohibits discrimination based on disability. Following a work-related injury or illness, seafarers are eligible for provincial workers’ compensation benefits and RTW; however, RTW is also subject to federal regulations, including the requirement to have a valid marine medical certificate (MMC). This complex regulatory landscape may negatively influence seafarer RTW. Drawing upon a sociolegal study, we find that MMC-related human rights complaints against the federal government highlight the legal challenges seafarers face in the RTW process. Interview findings suggest that to ensure a valid MMC and employment eligibility, injured seafarers might avoid filing compensation claims or RTW before recovery. We recommend the federal-provincial agencies adopt more efficient coordination policies to support seafarers’ RTW.",semantic_scholar,semantic_scholar:analise_documental_elegibilidade:analise_documental_elegibilidade_2,0.0,CONCLUIDA,54.0,REVISAR_HUMANO,80.0,Benefícios por incapacidade e avaliação médico-pericial,"Estudos que analisem benefícios por incapacidade, afastamento por doença, certificação médica ou avaliação de elegibilidade.",,"Estudo sociojurídico sobre retorno ao trabalho, benefícios compensatórios e exigência de certificado médico marítimo para elegibilidade laboral. Pode contribuir para entender interação entre certificação, benefícios e barreiras regulatórias, embora não trate de teleperícia ou triagem documental.",PENDENTE,,,NAO_INICIADO,,PENDENTE,,,,,,,,
semantic_scholar:3e207b85908afc9f30251be69c53c83b6b6f09ff,How does Access to Short Term Disability Insurance Impact SSDI Claiming,David H. Autor; M. Duggan,2013,,,https://www.semanticscholar.org/paper/3e207b85908afc9f30251be69c53c83b6b6f09ff,,,semantic_scholar,semantic_scholar:capacidade_filas_alocacao:capacidade_filas_alocacao_1,0.0,CONCLUIDA,52.0,REVISAR_HUMANO,66.0,Benefícios por incapacidade e avaliação médico-pericial,Estudos sobre impacto do acesso a short term disability insurance no claiming de SSDI.,Sem resumo; pode focar comportamento de demanda/seguro sem abordar avaliação pericial ou gestão de fluxos.,"O título é pertinente ao universo de benefícios por incapacidade e dinâmica de requerimentos ao SSDI. Pode informar demanda e alocação indireta, mas faltam metadados para confirmar aderência substantiva à pergunta da revisão.",PENDENTE,,,NAO_INICIADO,,PENDENTE,,,,,,,,
semantic_scholar:f2c4102a8b873d5fa019022890b47e88f17f9fb1,756 ‘predicted sickness absence from employment compared with department of social protection guidelines for closed certification with common health problems’,N. Kononenko; E. Loftus; D. Whelan,2018,,10.1136/oemed-2018-icohabstracts.216,https://www.semanticscholar.org/paper/f2c4102a8b873d5fa019022890b47e88f17f9fb1,https://oem.bmj.com/content/oemed/75/Suppl_2/A75.2.full.pdf,,semantic_scholar,semantic_scholar:beneficios_incapacidade_avaliacao_medico_pericial:beneficios_incapacidade_avaliacao_medico_pericial_3,0.0,CONCLUIDA,52.0,REVISAR_HUMANO,55.0,Análise documental e elegibilidade,"Título sugere comparação entre ausência por doença prevista e diretrizes de certificação/encerramento em órgão de proteção social, potencialmente relevante para diretrizes auditáveis e decisão documental.","Metadados escassos e formato sugere resumo de congresso, categoria explicitamente excluída se não houver análise verificável.","O conteúdo aparente é pertinente a certificação e diretrizes administrativas, mas o número inicial e ausência de resumo completo sugerem possível abstract de congresso; requer checagem humana.",PENDENTE,,,NAO_INICIADO,,PENDENTE,,,,,,,,
pubmed:6878855,"[Respiratory handicap. Recognition, evaluation and social benefits].",Marsac J; Pujet JC,1983,Revue francaise des maladies respiratoires,,https://pubmed.ncbi.nlm.nih.gov/6878855/,,,pubmed,pubmed:beneficios_incapacidade_avaliacao_medico_pericial:beneficios_incapacidade_avaliacao_medico_pericial_2,0.0,CONCLUIDA,52.0,REVISAR_HUMANO,55.0,Benefícios por incapacidade e avaliação médico-pericial,"Estudos que analisem benefícios por incapacidade, certificação médica ou avaliação médico-pericial.","Publicações em idioma diferente de português, inglês ou espanhol quando não houver informação suficiente para avaliação confiável.","O título em francês sugere reconhecimento, avaliação e benefícios sociais relacionados a incapacidade respiratória. O tema parece próximo ao escopo, mas o idioma não está entre os preferidos e não há resumo para confirmar contribuição substantiva.",PENDENTE,,,NAO_INICIADO,,PENDENTE,,,,,,,,
crossref:10.1920/ps.ifs.2024.0567,Incapacity and disability benefit policy,Emmerson,2017,,10.1920/ps.ifs.2024.0567,https://doi.org/10.1920/ps.ifs.2024.0567,,,crossref,crossref:beneficios_incapacidade_avaliacao_medico_pericial:beneficios_incapacidade_avaliacao_medico_pericial_2,0.0,CONCLUIDA,50.0,REVISAR_HUMANO,55.0,Benefícios por incapacidade e avaliação médico-pericial,"Título indica política de benefícios por incapacidade e invalidez, potencialmente relevante para desenho de regras e gestão do sistema.","Sem resumo e com metadados inconsistentes (DOI/ano); não está claro se é relatório analítico, capítulo ou nota breve.","O tema é pertinente em nível de política pública, mas faltam elementos para verificar conexão com avaliação médico-pericial, triagem documental, teleperícia ou filas.",PENDENTE,,,NAO_INICIADO,,PENDENTE,,,,,,,,
semantic_scholar:274bee16682823e20b425b566dfcdb2148e27b27,"Increase in sickness absence with psychiatric diagnosis in Norway: a general population-based epidemiologic study of age, gender and regional distribution",G. Hensing; L. Andersson; S. Brage,2006,BMC Medicine,10.1186/1741-7015-4-19,https://www.semanticscholar.org/paper/274bee16682823e20b425b566dfcdb2148e27b27,https://bmcmedicine.biomedcentral.com/counter/pdf/10.1186/1741-7015-4-19,"BackgroundThe aim of this study was to assess the incidence of sickness absence with psychiatric diagnoses from 1994–2000, and the distribution across gender, age groups, diagnostic groups and regions in a general population.MethodsThe population at risk was defined as all individuals aged 16–66 years who were entitled to sickness benefits in 1994, 1996, 1998 and 2000 (n = 2,282,761 in 2000). All individuals with a full-time disability pension were excluded. The study included approximately 77% of the Norwegian population aged 16–66 years. For each year, the study base started on 1 January and ended on 31 December. Individuals that were sick-listed for more than 14/16 consecutive days with a psychiatric diagnosis on their medical certificate were selected as cases. Included in this study were data for Norway, the capital city Oslo and five regions in the southeast of the country.ResultsSickness absence with psychiatric diagnoses increased in all age groups, in women and men, and in all regions. At the national level, the cumulative incidence increased in women from 1.7% in 1994 to 4.6% in 2000, and in men from 0.8% in 1994 to 2.2% in 2000. The highest cumulative incidence was found in middle-aged women and men (30–59 years). Women had a higher incidence than men in all stratification groups. The cumulative incidences in 2000 varied between 4.6% to 5.6% in women in the different regions, and for men the corresponding figures were 2.1% to 3.2%. Throughout the four years studied, women in Oslo had more than twice as high incidence levels of sickness absence with alcohol and drug diagnoses as the country as a whole. There were some differences between regions in sickness absence with specific psychiatric diagnoses, but they were small and most comparisons were non-significant.ConclusionSickness absence with psychiatric diagnoses increased between 1994 and 2000 in Norway. The increase was highest in the middle-aged, and in women. Few regional differences were found. That the increase pervaded all stratification groups supports general explanations of the increase, such as changes in attitudes to psychiatric disorders in both patients and doctors, and increased mental distress probably associated with societal changes at a more structural level.",semantic_scholar,semantic_scholar:analise_documental_elegibilidade:analise_documental_elegibilidade_2,0.0,CONCLUIDA,49.0,REVISAR_HUMANO,83.0,"Capacidade, filas e alocação de serviços","Estudos que analisem afastamento por doença, benefícios por incapacidade, acesso territorial ou desigualdades regionais.",,"Estudo populacional sobre aumento do afastamento por doença psiquiátrica na Noruega, com distribuição por sexo, idade e regiões, baseado em certificados médicos. Pode informar demanda, distribuição territorial e pressão sobre sistemas de benefícios, embora não trate diretamente do fluxo de avaliação.",PENDENTE,,,NAO_INICIADO,,PENDENTE,,,,,,,,
openalex:https://openalex.org/W2934791458,The longitudinal integrated database for health insurance and labour market studies (LISA) and its use in medical research,Jonas F. Ludvigsson; Pia Svedberg; Ola Olén; Gustaf Bruze; Martin Neovius,2019,European Journal of Epidemiology,10.1007/s10654-019-00511-8,https://doi.org/10.1007/s10654-019-00511-8,https://link.springer.com/content/pdf/10.1007/s10654-019-00511-8.pdf,"Education, income, and occupation are factors known to affect health and disease. In this review we describe the Swedish Longitudinal Integrated Database for Health Insurance and Labour Market Studies (LISA, Longitudinell Integrationsdatabas för Sjukförsäkrings- och Arbetsmarknadsstudier). LISA covers the adult Swedish population aged ≥ 16 years registered on December 31 each year since 1990 (since 2010 individuals aged ≥ 15 years). The database was launched in response to rising levels of sick leave in the country. Participation in Swedish government-administered registers such as LISA is compulsory, and hence selection bias is minimized. The LISA database allows researchers to identify individuals who do not work because of injury, disease, or rehabilitation. It contains data on sick leave and disability pension based on calendar year. LISA also includes information on unemployment benefits, disposable income, social welfare payments, civil status, and migration. During 2000-2017, an average of 97,000 individuals immigrated to Sweden each year. This corresponds to about 1% of the Swedish population (10 million people in 2017). Data on occupation have a completeness of 95%. Income data consist primarily of income from employment, capital, and allowances, including parental allowance. In Sweden, work force participation is around 80% (2017: overall: 79.1%; men 80.3% and women 77.9%). Education data are available in > 98% of all individuals aged 25-64 years, with an estimated accuracy for highest attained level of education of 85%. Some information on civil status, income, education, and employment before 1990 can be obtained through the Population and Housing Census data (FoB, Folk- och bostadsräkningen).",openalex,openalex:beneficios_incapacidade_avaliacao_medico_pericial:beneficios_incapacidade_avaliacao_medico_pericial_2,0.0,CONCLUIDA,48.0,REVISAR_HUMANO,74.0,Benefícios por incapacidade e avaliação médico-pericial,Estudos ou relatórios com evidência útil sobre seguro/benefícios por incapacidade e bases administrativas relacionadas.,"Não aborda explicitamente processos de decisão pericial, triagem documental, teleperícia ou gestão de filas.","Revisão sobre base longitudinal sueca de seguro-saúde e mercado de trabalho, incluindo dados de sick leave e disability pension. Pode ser útil como fonte de evidência administrativa, mas a aderência ao redesenho do fluxo pericial é indireta.",PENDENTE,,,NAO_INICIADO,,PENDENTE,,,,,,,,
crossref:10.24321/2455.7048.201703,Mental Disability: A Retrospective Study of Socio-Clinical Profile of Patients Seeking Disability Certificate at a Tertiary Care Centre in Delhi,"VMMC & Safdarjung Hospital, New Delhi-110029; Yadav",2016,Epidemiology International,10.24321/2455.7048.201703,https://doi.org/10.24321/2455.7048.201703,https://medical.adrpublications.in/index.php/Journal-EpidemInternational/article/download/1146/pdf_1,"Background: Mental illness and mental retardation are included in ""The persons with disabilities (Equal opportunities, protection of rights and full participation) Act, 1995” along with other causes of disabilities like blindness, hearing impairment, locomotor disability etc. The persons with disability are eligible for various social welfare benefits from the Government under this act if they have minimum 40% disability as certified by a Government medical authority . This is among one of the few studies on various mental disability related variables and socio-clinical profile of disability certificate seeking patients and is probably the only one to compare results with a similar kind of study done at the same centre five years ago. Objective: The study aims to assess the socio-demographic profile of the cases, severity of disability in the mentally retarded and mentally ill, co-morbid psychiatric and medical conditions, pattern of utilization of different government benefits and to compare results of current study with a study done at the same centre five years ago. Materials and Methods: The study was carried out in the Department of Psychiatry of a tertiary care multispecialty teaching hospital in New Delhi. This was a retrospective file-review based study of patients who were issued disability certificate for Mental retardation or Mental illness during January, 2015 to May, 2016. The subjects were diagnosed to be suffering from Mental retardation or Mental illness as per ICD-10 and disability was assessed as per guidelines issued by Government of India in 2001 for Mental retardation and for Mental illness in 2002. Indian Disability Evaluation and Assessment Scale (IDEAS) was used to assess disability in Mental illness cases. Statistical Analysis : The statistical analysis was done by using WHO'S Epi Info version 7.2. Frequency, percentages, t test and chi-square analysis were used to analyze the data. Results: Out of total 231 cases, majority were male 163 (70.6%), Hindu 211 (91.3%), under 18 years of age 160 (69.3%), unmarried 228 (98.7%), lived in nuclear family 186 (80.5%), from urban background 137 (59.3%). Total number of cases of Mental retardation were 220 (95.2%), 11 (4.7%) cases were of Mental illness. Severity wise in Mental Retardation group (220 cases) maximum number of cases were of Mild Mental Retardation 94(42.7%) having 50% disability, in Mental illness group 10 out of 11 cases had moderate disability (40-70% disability as per IDEAS Scoring). Medical co-morbidity was present in 22(9.5%) cases mainly in the form of Cerebral palsy, Epilepsy; 24(10.4%) patients had psychiatric co-morbidity in the form of Behavior problems, Attention Deficit Hyperactivity Disorder (ADHD), Conduct disorder. Maximum number of patients 177(76.6%) applied to get Monthly allowance. On comparison with a similar study done at the same centre five years back, the significant difference was low mean age of sample and increased rural representation in the present study and both the differences were statistically significant. Conclusion: Number of patients seeking disability certificate has risen as compared to previous study. Majority of the cases were male, mostly from urban background although rural representation in comparison to previous (2011) study has increased significantly. Cases of Mental Retardation outnumbers patients with Mental illness seeking disability certificates reflecting more number of Mental illness cases seeking treatment early in the course of illness and availability of better treatment options. Information related to disability and various beneficiary schemes by Government of India needs to be provided in detail so that maximum number of cases can avail other benefits along with monetary one.",crossref; semantic_scholar,crossref:analise_documental_elegibilidade:analise_documental_elegibilidade_2; semantic_scholar:analise_documental_elegibilidade:analise_documental_elegibilidade_2,0.0,CONCLUIDA,48.0,REVISAR_HUMANO,70.0,Benefícios por incapacidade e avaliação médico-pericial,Aborda pessoas buscando certificado de deficiência e uso de benefícios governamentais.,"Resumo indica foco predominante em perfil sociodemográfico e clínico dos pacientes, com pouca evidência de análise de processo decisório, triagem, fluxo ou gestão pericial.","Há conexão com certificação para benefícios, mas a ênfase aparente é clínica e descritiva dos usuários, não do arranjo institucional de avaliação ou alocação de casos.",PENDENTE,,,NAO_INICIADO,,PENDENTE,,,,,,,,
pubmed:38526938,Savings in social expenditures for work incapacity in patients with inflammatory bowel disease depend on access to innovative therapies in Poland.,Zagórowicz E; Binowski G; Strządała D; Pruszko C; Kucha P; Reguła J,2024,European journal of gastroenterology & hepatology,10.1097/meg.0000000000002764,https://pubmed.ncbi.nlm.nih.gov/38526938/,,,pubmed,pubmed:beneficios_incapacidade_avaliacao_medico_pericial:beneficios_incapacidade_avaliacao_medico_pericial_2,0.0,CONCLUIDA,48.0,REVISAR_HUMANO,61.0,Benefícios por incapacidade e avaliação médico-pericial,Estudos que analisem benefícios por incapacidade ou afastamento por doença.,"Estudos clínicos que não contribuam para compreender processos de avaliação médico-pericial, decisão administrativa, capacidade, acesso, qualidade ou controle.","O título menciona despesas sociais por incapacidade laboral em pacientes com doença inflamatória intestinal e acesso a terapias inovadoras. Há relação com incapacidade para o trabalho, mas o foco parece econômico/terapêutico, sem evidência explícita de avaliação pericial ou fluxo administrativo.",PENDENTE,,,NAO_INICIADO,,PENDENTE,,,,,,,,
pubmed:37200737,"Mapping information regarding the work-related disability of depression and long-term musculoskeletal pain to the International Classification of Functioning, Disability and Health and ICF Core Sets.",Fresk M; Grooten WJA; Brodin N; Backlund LG; Arrelöv B; Skånér Y; Kiessling A,2023,Frontiers in rehabilitation sciences,10.3389/fresc.2023.1159208,https://pubmed.ncbi.nlm.nih.gov/37200737/,https://www.frontiersin.org/articles/10.3389/fresc.2023.1159208/pdf,,pubmed,pubmed:analise_documental_elegibilidade:analise_documental_elegibilidade_2; pubmed:beneficios_incapacidade_avaliacao_medico_pericial:beneficios_incapacidade_avaliacao_medico_pericial_3,0.0,CONCLUIDA,46.0,REVISAR_HUMANO,62.0,Benefícios por incapacidade e avaliação médico-pericial,Estudos que analisem avaliação de incapacidade ou processos de decisão sobre incapacidade.,Textos sem relação substantiva com a pergunta de pesquisa ou com ao menos um eixo da matriz analítica.,"O título trata do mapeamento de informações sobre incapacidade laboral por depressão e dor musculoesquelética para a CIF/ICF Core Sets. Pode ser útil para critérios e padronização da avaliação de incapacidade, mas não há indicação explícita de aplicação administrativa/pericial.",PENDENTE,,,NAO_INICIADO,,PENDENTE,,,,,,,,
semantic_scholar:e3d0a7ecee1192467633e2db45bd1e269013f94a,[Disability and total inability to work].,Zofia Gronowska; A. Wilmowska-Pietruszyńska,2007,Archives of Forensic Medicine and Criminology,,https://www.semanticscholar.org/paper/e3d0a7ecee1192467633e2db45bd1e269013f94a,,,semantic_scholar,semantic_scholar:beneficios_incapacidade_avaliacao_medico_pericial:beneficios_incapacidade_avaliacao_medico_pericial_3,0.0,CONCLUIDA,46.0,REVISAR_HUMANO,49.0,Benefícios por incapacidade e avaliação médico-pericial,"Título trata de incapacidade e incapacidade total para o trabalho, núcleo do tema de avaliação pericial.","Sem resumo; pode ser texto conceitual/forense sem relação com fluxo, triagem, gestão ou evidência aplicada.","O tema central coincide com incapacidade laboral, mas os metadados não permitem confirmar contribuição para a pergunta sobre organização do fluxo entre modalidades de avaliação.",PENDENTE,,,NAO_INICIADO,,PENDENTE,,,,,,,,
openalex:https://openalex.org/W3002578047,Bringing health care to the patient,Tiago Cravo Oliveira Hashiguchi,2020,OECD health working papers,10.1787/8e56ede7-en,https://doi.org/10.1787/8e56ede7-en,https://www.oecd-ilibrary.org/deliver/8e56ede7-en.pdf?itemId=%2Fcontent%2Fpaper%2F8e56ede7-en&mimeType=pdf,"Telemedicine is being used across OECD countries to deliver health care in a wide range of specialties, for numerous conditions and through varied means. A growing body of evidence suggests that care delivered via telemedicine can be both safe and effective, in some cases with better outcomes than conventional face-to-face care. Telemedicine services can also be cost-effective in different settings and contexts. However, despite these benefits, these services still represent a small fraction of all health care activity and spending. Important barriers to wider use remain, with providers and patients facing regulatory uncertainty, patchy financing and reimbursement, and vague governance. Due to inequalities in health and digital literacy, patients that most stand to benefit are also often those that are least able to access and make use of telemedicine. Telemedicine has the potential to improve effectiveness, efficiency and equity in health care, but can also introduce new risks and amplify existing inequalities. Policy makers seeking to maximise the potential benefits and limit the possible risks of telemedicine services can: 1) ensure that only telemedicine services that improve health care quality and provide clear benefits to patients are pursued, and that patient experiences are measured, 2) facilitate the spread of local and emergent best practices, through a supportive policy environment and knowledge transfer and dissemination, and 3) promote a transition to learning health care systems and a culture of continuous learning and improvement.",openalex,openalex:telepericia_avaliacao_remota:telepericia_avaliacao_remota_2,0.0,CONCLUIDA,45.0,REVISAR_HUMANO,67.0,"Equidade territorial, qualidade e controle","Estudos ou relatórios técnicos que discutam acesso territorial, equidade, qualidade, riscos e implementação de avaliação remota.","Telemedicina exclusivamente assistencial, sem relação substantiva com avaliação de incapacidade, certificação, elegibilidade, triagem ou gestão de fluxos.","Working paper da OECD sobre telemedicina com foco em efetividade, eficiência, equidade, riscos, governança e barreiras. Não menciona incapacidade/perícia, mas pode oferecer evidência institucional útil sobre acesso territorial, controle e implementação de modalidades remotas.",PENDENTE,,,NAO_INICIADO,,PENDENTE,,,,,,,,
crossref:10.5463/dcid.v23i1.118,"Awareness About Benefits of a Disability Certificate Among Persons with Hearing Impairment in Kolkata, India",Rout; Sarkar,2012,"Disability, CBR &amp; Inclusive Development",10.5463/dcid.v23i1.118,https://doi.org/10.5463/dcid.v23i1.118,https://storage.googleapis.com/jnl-up-j-dcbrid-files/journals/1/articles/65/submission/proof/65-1-93-1-10-20200914.pdf,,crossref,crossref:analise_documental_elegibilidade:analise_documental_elegibilidade_2,0.0,CONCLUIDA,45.0,REVISAR_HUMANO,63.0,Análise documental e elegibilidade,Estudos que analisem certificação médica ou avaliação relacionada a benefícios por incapacidade; acesso e inclusão em processos de certificação.,"Pode não tratar substantivamente de avaliação médico-pericial, triagem documental ou gestão de fluxos.","Título sugere relação com certificado de deficiência e acesso a benefícios, o que tangencia elegibilidade e barreiras de acesso. Porém, sem resumo, não está claro se aborda processo de certificação/avaliação ou apenas conhecimento dos usuários sobre benefícios.",PENDENTE,,,NAO_INICIADO,,PENDENTE,,,,,,,,
crossref:10.21589/ajlaw.2016.9.4.207,Extinctive prescription of disability benefits resulted from the first medical care conclusion and disability benefits after additional medical care,woonhee whang,2016,Ajou Law Review,10.21589/ajlaw.2016.9.4.207,https://doi.org/10.21589/ajlaw.2016.9.4.207,https://doi.org/10.21589/ajlaw.2016.9.4.207,,crossref,crossref:analise_documental_elegibilidade:analise_documental_elegibilidade_2; crossref:beneficios_incapacidade_avaliacao_medico_pericial:beneficios_incapacidade_avaliacao_medico_pericial_1,0.0,CONCLUIDA,45.0,REVISAR_HUMANO,52.0,Benefícios por incapacidade e avaliação médico-pericial,"Título sugere relação com benefícios por incapacidade e conclusão de atendimento médico/pericial, potencialmente pertinente à decisão sobre elegibilidade.","Resumo ausente e periódico jurídico; não está claro se aborda fluxo pericial, triagem documental, teleavaliação ou gestão operacional.","O título menciona prescrição extintiva de benefícios por incapacidade e conclusão de atendimento médico, indicando aderência parcial ao eixo de benefícios e avaliação. Contudo, sem resumo, não é possível confirmar contribuição substantiva para redesenho de fluxo ou avaliação médico-pericial administrativa.",PENDENTE,,,NAO_INICIADO,,PENDENTE,,,,,,,,
semantic_scholar:6d25b648df33bb4c9f013438fbfc390681d63030,"Association of Sociodemographic Factors and Prolonged Recovery Time from Work Disability in Patients with Cervical Sprain in Obregon City, Mexico",H. M; Corral-Castillo Ja,2022,Journal of Family Medicine,10.26420/jfammed.2022.1315,https://www.semanticscholar.org/paper/6d25b648df33bb4c9f013438fbfc390681d63030,https://austinpublishinggroup.com/family-medicine/fulltext/jfm-v9-id1315.pdf,"Background: Work disability is a medical certification that considers both physical factors and psychophysical conditions of the worker and work conditions. Exceeding the recovery time means a prolonged disability. The most frequent pathologies that incapacitate are cervical injuries (30%), with cervical sprain being the most common. Objective: To determine the association between sociodemographic factors and prolonged time of recovery from disability in patients with a diagnosis of cervical sprain grade 1 and 2 in Obregon City, Mexico. Methods: An analytic cross-sectional study was conducted in the family medicine unit 1 from Obregon City, Mexico. Medical records of 376 disabled workers due to grade 1 and 2 cervical sprain were reviewed. In the bivariate analysis, odds ratio and Chi-Square with a confidence interval of 95% was implemented, a p <0.05 was considered significant Results: Of the 376 disabilities due to general illness, 144(46.6%) were prolonged and 165(53.4%) not prolonged. In disabilities for work risk, 44(65.7%) were prolonged and 23(34.3%) not prolonged, this difference was significative (p=0.005). Conclusions: The variable more associated with prolonged disability wastype of disability (work risk).",semantic_scholar,semantic_scholar:beneficios_incapacidade_avaliacao_medico_pericial:beneficios_incapacidade_avaliacao_medico_pericial_3,0.0,CONCLUIDA,42.0,REVISAR_HUMANO,72.0,Benefícios por incapacidade e avaliação médico-pericial,Estudos que analisem afastamento por doença ou benefícios por incapacidade; estudos que analisem tempo de espera ou duração da incapacidade.,,"Estudo empírico sobre fatores associados ao tempo prolongado de recuperação em trabalhadores com incapacidade laboral certificada. Não aborda claramente fluxo pericial, mas pode informar gestão de duração, priorização e heterogeneidade de casos.",PENDENTE,,,NAO_INICIADO,,PENDENTE,,,,,,,,
crossref:10.1080/09638288.2019.1595180,Telehealth delivery of remote assessment of wheelchair and seating needs for adults and children: a scoping review,Graham; Boland; Grainger; Wallace,2020,Disability and Rehabilitation,10.1080/09638288.2019.1595180,https://doi.org/10.1080/09638288.2019.1595180,,,crossref; pubmed,crossref:telepericia_avaliacao_remota:telepericia_avaliacao_remota_1; pubmed:telepericia_avaliacao_remota:telepericia_avaliacao_remota_2,0.0,CONCLUIDA,42.0,REVISAR_HUMANO,63.0,Teleperícia e avaliação remota,"Estudos que examinem telemedicina aplicada à avaliação, avaliação médica remota, videoperícia ou modalidades híbridas de avaliação.","Telemedicina exclusivamente assistencial, sem relação substantiva com avaliação de incapacidade, certificação, elegibilidade, triagem ou gestão de fluxos.","O título indica revisão de escopo sobre avaliação remota via telehealth de necessidades de cadeira de rodas. Há aderência ao eixo de avaliação remota, mas parece focado em avaliação assistencial/reabilitacional, não em incapacidade administrativa ou fluxo pericial.",PENDENTE,,,NAO_INICIADO,,PENDENTE,,,,,,,,
pubmed:20478022,Challenges in evaluating Welfare to Work policy interventions: would an RCT design have been the answer to all our problems?,Skivington K; McCartney G; Thomson H; Bond L,2010,BMC public health,10.1186/1471-2458-10-254,https://pubmed.ncbi.nlm.nih.gov/20478022/,https://bmcpublichealth.biomedcentral.com/counter/pdf/10.1186/1471-2458-10-254,,pubmed,pubmed:beneficios_incapacidade_avaliacao_medico_pericial:beneficios_incapacidade_avaliacao_medico_pericial_2,0.0,CONCLUIDA,42.0,REVISAR_HUMANO,60.0,"Capacidade, filas e alocação de serviços",Estudos empíricos ou avaliações de política pública com evidência útil para a pergunta de pesquisa.,Textos sem relação substantiva com a pergunta de pesquisa ou com ao menos um eixo da matriz analítica.,"O título aborda desafios na avaliação de intervenções de política Welfare to Work e desenho RCT. Pode ser relevante para políticas de incapacidade e reinserção laboral, mas não há indicação clara de avaliação médico-pericial, triagem ou fluxo de benefícios.",PENDENTE,,,NAO_INICIADO,,PENDENTE,,,,,,,,
openalex:https://openalex.org/W3049731354,"Telemedicine in the OECD: An umbrella review of clinical and cost-effectiveness, patient experience and implementation",N Eze; Céu Mateus; Tiago Cravo Oliveira Hashiguchi,2020,PLoS ONE,10.1371/journal.pone.0237585,https://doi.org/10.1371/journal.pone.0237585,https://journals.plos.org/plosone/article/file?id=10.1371/journal.pone.0237585&type=printable,"INTRODUCTION: Patients and policy makers alike have high expectations for the use of digital technologies as tools to improve health care service quality at a sustainable cost. Many countries within the Organisation for Economic Co-operation and Development (OECD) are investing in telemedicine initiatives, and a large and growing body of peer-reviewed studies on the topic has developed, as a consequence. Nonetheless, telemedicine is still not used at scale within the OECD. Seeking to provide a snapshot of the evidence on the use of telemedicine in the OECD, this umbrella review of systematic reviews summarizes findings on four areas of policy relevance: clinical and cost-effectiveness, patient experience, and implementation. METHODS: This review followed a prior written, unregistered protocol. Four databases (PubMed/Medline, CRD, and Cochrane Library) were searched for systematic reviews or meta-analyses published between January 2014 and February 2019. Based on the inclusion criteria, 98 systematic reviews were selected for analysis. Due to substantial heterogeneity, a meta-analysis was not conducted. The quality of included reviews was assessed using the AMSTAR 2 tool. RESULTS: Most reviews (n = 53) focused on effectiveness, followed by cost-effectiveness (n = 18), implementation (n = 17) and patient experience (n = 15). Eighty-three percent of clinical effectiveness reviews found telemedicine at least as effective as face-to-face care, and thirty-nine percent of cost-effectivenss reviews found telemedicine to be cost saving or cost-effective. Patients reported high acceptance of telemedicine and the most common barriers to implementation were usability and lack of reimbursement. However, the methodological quality of most reviews was low to critically low which limits generalizability and applicability of findings. CONCLUSION: This umbrella review finds that telemedicine interventions can improve glycemic control in diabetic patients; reduce mortality and hospitalization due to chronic heart failure; help patients manage pain and increase their physical activity; improve mental health, diet quality and nutrition; and reduce exacerbations associated with respiratory diseases like asthma. In certain disease and specialty areas, telemedicine may be a less effective way to deliver care. While there is evidence that telemedicine can be cost-effective, generalizability is hindered by poor quality and reporting standards. This umbrella review also finds that patients report high levels of acceptance and satisfaction with telemedicine interventions, but that important barriers to wider use remain.",openalex,openalex:telepericia_avaliacao_remota:telepericia_avaliacao_remota_2,0.0,CONCLUIDA,40.0,REVISAR_HUMANO,70.0,"Equidade territorial, qualidade e controle","Revisões com evidência útil sobre implementação, experiência do paciente, custo-efetividade e qualidade de serviços remotos.","Telemedicina exclusivamente assistencial, sem relação substantiva com avaliação de incapacidade, certificação, elegibilidade, triagem ou gestão de fluxos.","Umbrella review sobre telemedicina na OECD cobrindo efetividade, custo, experiência e implementação. Não é específica de perícia ou incapacidade, mas pode informar desenho de serviços remotos, equidade e governança.",PENDENTE,,,NAO_INICIADO,,PENDENTE,,,,,,,,
pubmed:17987998,[How frequent are cardiovascular diseases a cause of work absenteeism and of disability in Switzerland?].,Darioli R; Perdrix J,2007,Therapeutische Umschau. Revue therapeutique,10.1024/0040-5930.64.8.443,https://pubmed.ncbi.nlm.nih.gov/17987998/,,,pubmed,pubmed:beneficios_incapacidade_avaliacao_medico_pericial:beneficios_incapacidade_avaliacao_medico_pericial_3,0.0,CONCLUIDA,40.0,REVISAR_HUMANO,57.0,Benefícios por incapacidade e avaliação médico-pericial,Estudos que analisem afastamento por doença ou incapacidade para o trabalho.,"Publicações em idioma diferente de português, inglês ou espanhol quando não houver informação suficiente para avaliação confiável.","O título sugere estudo sobre frequência de doenças cardiovasculares como causa de absenteísmo e incapacidade na Suíça. Há aderência parcial ao tema de incapacidade laboral, mas não está claro se contribui para avaliação pericial ou gestão de fluxo; idioma também limita a triagem.",PENDENTE,,,NAO_INICIADO,,PENDENTE,,,,,,,,
crossref:10.1177/1473325015606188,"Waiting it out: Time, action, and the process of securing benefits",Seefeldt,2017,Qualitative Social Work,10.1177/1473325015606188,https://doi.org/10.1177/1473325015606188,,"Waiting is an under-explored area of social stratification and domination. Lower-income Americans frequently endure long waits, including waits to secure social welfare benefits, and these waits may serve the purpose of instilling in clients the need for compliance. Using qualitative interview data, this paper explores how low and moderate-income women in a US state understand their waits for public benefits; how those understanding shape their responses to the wait; and what those responses tell us about waiting as a form of social control as it is negotiated between the parties. Despite describing the process of obtaining benefits as one of “waiting it out,” women ascribe different meanings to their waits and take action based upon their assessments of the cause of the delay, the complexity of the situation, and past experiences with public bureaucracies. These approaches allow women to assert some control over a situation in which so much is out of one’s control.",crossref,crossref:capacidade_filas_alocacao:capacidade_filas_alocacao_1,0.0,CONCLUIDA,38.0,REVISAR_HUMANO,72.0,"Capacidade, filas e alocação de serviços",Estudos que analisem tempo de espera e processos de obtenção de benefícios em burocracias públicas.,Pode não tratar especificamente de benefícios por incapacidade nem de avaliação médico-pericial.,"O resumo aborda espera para obtenção de benefícios públicos e interação com burocracias, o que pode oferecer evidência contextual sobre filas e comportamento dos requerentes. Porém, não há indicação de foco em incapacidade, certificação médica ou perícia.",PENDENTE,,,NAO_INICIADO,,PENDENTE,,,,,,,,
openalex:https://openalex.org/W3023014889,Multidimensional Malingering Criteria for Neuropsychological Assessment: A 20-Year Update of the Malingered Neuropsychological Dysfunction Criteria,Elisabeth M. S. Sherman; Daniel J. Slick; Grant L. Iverson,2020,Archives of Clinical Neuropsychology,10.1093/arclin/acaa019,https://doi.org/10.1093/arclin/acaa019,https://academic.oup.com/acn/article-pdf/35/6/735/33689988/acaa019.pdf,"OBJECTIVES: Empirically informed neuropsychological opinion is critical for determining whether cognitive deficits and symptoms are legitimate, particularly in settings where there are significant external incentives for successful malingering. The Slick, Sherman, and Iversion (1999) criteria for malingered neurocognitive dysfunction (MND) are considered a major milestone in the field's operationalization of neurocognitive malingering and have strongly influenced the development of malingering detection methods, including serving as the criterion of malingering in the validation of several performance validity tests (PVTs) and symptom validity tests (SVTs) (Slick, D.J., Sherman, E.M.S., & Iverson, G. L. (1999). Diagnostic criteria for malingered neurocognitive dysfunction: Proposed standards for clinical practice and research. The Clinical Neuropsychologist, 13(4), 545-561). However, the MND criteria are long overdue for revision to address advances in malingering research and to address limitations identified by experts in the field. METHOD: The MND criteria were critically reviewed, updated with reference to research on malingering, and expanded to address other forms of malingering pertinent to neuropsychological evaluation such as exaggeration of self-reported somatic and psychiatric symptoms. RESULTS: The new proposed criteria simplify diagnostic categories, expand and clarify external incentives, more clearly define the role of compelling inconsistencies, address issues concerning PVTs and SVTs (i.e., number administered, false positives, and redundancy), better define the role of SVTs and of marked discrepancies indicative of malingering, and most importantly, clearly define exclusionary criteria based on the last two decades of research on malingering in neuropsychology. Lastly, the new criteria provide specifiers to better describe clinical presentations for use in neuropsychological assessment. CONCLUSIONS: The proposed multidimensional malingering criteria that define cognitive, somatic, and psychiatric malingering for use in neuropsychological assessment are presented.",openalex,openalex:analise_documental_elegibilidade:analise_documental_elegibilidade_1,0.0,CONCLUIDA,38.0,REVISAR_HUMANO,71.0,"Equidade territorial, qualidade e controle","Trata de controle, integridade e prevenção de fraude/malingering em contextos de avaliação neuropsicológica com incentivos externos.",Não está explícito no resumo que o foco seja benefícios por incapacidade ou fluxo pericial administrativo.,"Há aderência parcial pelo eixo de qualidade decisória e controle, especialmente detecção de simulação em avaliações com incentivos externos. Contudo, o resumo não confirma aplicação direta a benefícios por incapacidade ou organização do fluxo pericial.",PENDENTE,,,NAO_INICIADO,,PENDENTE,,,,,,,,
crossref:10.4135/9781412950510.n222,"Disability Assessment/Evaluation, Europe",,2006,Encyclopedia of Disability,10.4135/9781412950510.n222,https://doi.org/10.4135/9781412950510.n222,,,crossref,crossref:telepericia_avaliacao_remota:telepericia_avaliacao_remota_1,0.0,CONCLUIDA,38.0,REVISAR_HUMANO,58.0,Benefícios por incapacidade e avaliação médico-pericial,Estudos ou textos que analisem certificação médica ou avaliação médico-pericial.,"Editorial, comentário, notícia, apresentação, resumo de congresso ou opinião sem análise, dados, revisão ou contribuição institucional verificável.","O título trata diretamente de avaliação de deficiência na Europa, potencialmente relevante para modelos institucionais de assessment. Porém é entrada de enciclopédia, e o tipo de publicação pode não oferecer evidência analítica suficiente.",PENDENTE,,,NAO_INICIADO,,PENDENTE,,,,,,,,
semantic_scholar:9da54434473c038c28fc7fdd486f0cafce2cae46,Comparison of the 36-Item WHODAS 2.0 Functional Assessment in Older Adults by Face-to-Face or Telephone Interviews: A Randomised Crossover Study,Agnieszka Sozańska; B. Sozański; A. Wilmowska-Pietruszyńska; Z. Dzięcioł-Anikiej; M. Hagner-Derengowska; Agnieszka Wiśniowska-Szurlej,2025,Journal of Clinical Medicine,10.3390/jcm14227902,https://www.semanticscholar.org/paper/9da54434473c038c28fc7fdd486f0cafce2cae46,https://www.mdpi.com/2077-0383/14/22/7902/pdf?version=1762517348,"Background/Objectives: With the expansion of telemedicine, it is essential to determine whether the telephone administration of validated disability measures yields results equivalent to face-to-face interviews in older adults. We aimed to compare the agreement between face-to-face and telephone administration of the 36-item WHODAS 2.0 in a community-dwelling population aged ≥60 years. Methods: The study was a randomised, open-label, cross-over design involving 239 people aged ≥60 from south-eastern Poland. Participants were randomly assigned to two groups: G1 (face-to-face interview first, then telephone interview) and G2 (in the reverse order). The interval between interviews was an average of 14.3 ± 1.3 days. The full version of WHODAS 2.0 (excluding domain D5.2) was used. Cohen’s kappa coefficient (κ), intraclass correlation coefficient (ICC) and Bland–Altman analysis were used to assess the consistency of the results. Results: A total of 203 individuals completed both surveys. The agreement between responses for individual items ranged from 85.71% to 98.03% (κ = 0.788–0.947). The WHODAS 2.0 total score showed very high agreement between face-to-face and telephone interviews (ICC = 0.986). All domains showed high or very high agreement (ICC = 0.953–0.967). Bland–Altman analysis confirmed high agreement—only 5.42% of results fell outside the 95% limits of agreement. Conclusions: Telephone interviews are a reliable alternative to face-to-face interviews when using the 36-item WHODAS 2.0 in older adults. Both methods provide comparable and reliable results, confirming the usefulness of telephone interviews in clinical practice and screening, especially when access to in-person healthcare is limited.",semantic_scholar,semantic_scholar:telepericia_avaliacao_remota:telepericia_avaliacao_remota_2,0.0,CONCLUIDA,35.0,REVISAR_HUMANO,76.0,Teleperícia e avaliação remota,Compara equivalência entre entrevista telefônica e presencial para instrumento padronizado de avaliação funcional/disability.,"Possível estudo metodológico clínico/populacional sem relação direta com certificação, elegibilidade ou fluxo pericial.","O estudo testa concordância entre aplicação presencial e por telefone do WHODAS 2.0. Pode ser útil como evidência indireta sobre confiabilidade de avaliação remota de funcionalidade, embora não trate explicitamente de benefícios por incapacidade ou perícia.",PENDENTE,,,NAO_INICIADO,,PENDENTE,,,,,,,,
openalex:https://openalex.org/W3121798526,Performance Improvement and Performance Dysfunction: An Empirical Examination of Distortionary Impacts of the Emergency Room Wait-Time Target in the English National Health Service,Steven Kelman; John N. Friedman,2009,Journal of Public Administration Research and Theory,10.1093/jopart/mun028,https://doi.org/10.1093/jopart/mun028,https://academic.oup.com/jpart/article-pdf/19/4/917/2637338/mun028.pdf,"The literature on the use of performance measurement in government has focused much attention on hypothesized unintended dysfunctional consequences that such measurement may produce. We conceptualize these dysfunctional consequences as involving either effort substitution (reducing effort on nonmeasured performance dimensions) or gaming (making performance on the measured performance dimension appear better, when in fact it is not). In this paper, we examine both performance impacts and dysfunctional consequences of the establishment in the English National Health Service of a performance target that no patient presenting in a hospital accident and emergency department (emergency room) wait more than 4 hours for treatment. Using data from all 155 hospital trusts in England, we find dramatic wait-time performance improvements between 2003 and 2006 and no evidence for any of the dysfunctional effects that have been hypothesized in connection with this target. We conclude by discussing when one would expect dysfunctional effects to appear and when not.",openalex,openalex:capacidade_filas_alocacao:capacidade_filas_alocacao_1,0.0,CONCLUIDA,35.0,REVISAR_HUMANO,74.0,"Capacidade, filas e alocação de serviços","Examina metas de tempo de espera, desempenho e possíveis efeitos de gaming em serviço público de saúde.",Não trata explicitamente de benefícios por incapacidade ou avaliação médico-pericial.,"Pode oferecer evidência transferível sobre gestão de filas, metas e riscos de distorção/controle, mas o contexto é pronto-socorro hospitalar, distante do fluxo pericial.",PENDENTE,,,NAO_INICIADO,,PENDENTE,,,,,,,,
openalex:https://openalex.org/W3092940381,Determining if Telehealth Can Reduce Health System Costs: Scoping Review,Centaine L. Snoswell; Monica Taylor; Tracy Comans; Anthony C Smith; Len Gray; Liam J Caffery,2020,Journal of Medical Internet Research,10.2196/17298,https://doi.org/10.2196/17298,https://www.jmir.org/2020/10/e17298/PDF,"BACKGROUND: Telehealth represents an opportunity for Australia to harness the power of technology to redesign the way health care is delivered. The potential benefits of telehealth include increased accessibility to care, productivity gains for health providers and patients through reduced travel, potential for cost savings, and an opportunity to develop culturally appropriate services that are more sensitive to the needs of special populations. The uptake of telehealth has been hindered at times by clinician reluctance and policies that preclude metropolitan populations from accessing telehealth services. OBJECTIVE: This study aims to investigate if telehealth reduces health system costs compared with traditional service models and to identify the scenarios in which cost savings can be realized. METHODS: A scoping review was undertaken to meet the study aims. Initially, literature searches were conducted using broad terms for telehealth and economics to identify economic evaluation literature in telehealth. The investigators then conducted an expert focus group to identify domains where telehealth could reduce health system costs, followed by targeted literature searches for corresponding evidence. RESULTS: The cost analyses reviewed provided evidence that telehealth reduced costs when health system-funded travel was prevented and when telehealth mitigated the need for expensive procedural or specialist follow-up by providing competent care in a more efficient way. The expert focus group identified 4 areas of potential savings from telehealth: productivity gains, reductions in secondary care, alternate funding models, and telementoring. Telehealth demonstrated great potential for productivity gains arising from health system redesign; however, under the Australian activity-based funding, it is unlikely that these gains will result in cost savings. Secondary care use mitigation is an area of promise for telehealth; however, many studies have not demonstrated overall cost savings due to the cost of administering and monitoring telehealth systems. Alternate funding models from telehealth systems have the potential to save the health system money in situations where the consumers pay out of pocket to receive services. Telementoring has had minimal economic evaluation; however, in the long term it is likely to result in inadvertent cost savings through the upskilling of generalist and allied health clinicians. CONCLUSIONS: Health services considering implementing telehealth should be motivated by benefits other than cost reduction. The available evidence has indicated that although telehealth provides overwhelmingly positive patient benefits and increases productivity for many services, current evidence suggests that it does not routinely reduce the cost of care delivery for the health system.",openalex,openalex:telepericia_avaliacao_remota:telepericia_avaliacao_remota_3,0.0,CONCLUIDA,35.0,REVISAR_HUMANO,72.0,"Capacidade, filas e alocação de serviços","Estudos que analisem produtividade, custos, acessibilidade e cenários de reorganização de serviços remotos.","Telemedicina exclusivamente assistencial, sem relação substantiva com avaliação de incapacidade, certificação, elegibilidade, triagem ou gestão de fluxos.","Scoping review sobre redução de custos sistêmicos com telehealth, incluindo acessibilidade e produtividade. Não é específica de perícia/incapacidade, mas pode conter evidência útil para capacidade operacional e redesenho de fluxo.",PENDENTE,,,NAO_INICIADO,,PENDENTE,,,,,,,,
openalex:https://openalex.org/W2320300039,Working for a healthier tomorrow,Carel Hulshof,2008,Occupational and Environmental Medicine,10.1136/oem.2008.040899,https://doi.org/10.1136/oem.2008.040899,https://oem.bmj.com/content/oemed/66/1/1.full.pdf,"“As a cure for worrying, work is better than whiskey” (Thomas A. Edison, 1847–1931). Work, matched to one’s knowledge and skills and undertaken in a safe, healthy and supportive environment, can reverse the harmful effects of prolonged sickness absence or long-term unemployment, and promote health, well-being and prosperity. In spite of this, over 170 million working days were lost to illness in the UK in 2006 and around 7% of the working-age population are workless and receiving incapacity benefits. This waste of human potential represents a significant economical and societal cost, and impedes the prospects of many young people, the working-age population of tomorrow. Government, employers and trade unions, healthcare workers and the voluntary sector should unite to help people enter, stay in or return to work by prevention of illness and promotion of health and well-being, early intervention in case of sickness absence, and an improvement in the health of those out of work. This is the main message of the important report “Working for a healthier tomorrow”, which reviews the health of Britain’s working-age population.1 With a stream of publicity and accompanying activities, this report was presented by the author, Professor Dame Carol Black, National Director for Health and Work, to the Secretaries of State for Health and for Work and Pensions in March 2008. The report, supported by 260 responses to a Call for Evidence and supplemented by six discussion events …",openalex,openalex:beneficios_incapacidade_avaliacao_medico_pericial:beneficios_incapacidade_avaliacao_medico_pericial_2,0.0,CONCLUIDA,35.0,REVISAR_HUMANO,70.0,Benefícios por incapacidade e avaliação médico-pericial,"Estudos que analisem benefícios por incapacidade, afastamento por doença, seguro por incapacidade, certificação médica ou avaliação médico-pericial.",Textos sem relação substantiva com a pergunta de pesquisa ou com ao menos um eixo da matriz analítica.,"O resumo menciona afastamento por doença e recebimento de incapacity benefits no Reino Unido, com foco em retorno ao trabalho e política pública. Porém, não há indicação clara de análise de fluxo pericial, triagem documental, teleavaliação ou gestão operacional da perícia.",PENDENTE,,,NAO_INICIADO,,PENDENTE,,,,,,,,
semantic_scholar:ec032a53d0af0e64eca101196cd89e87f7ebd847,A Study to Evaluate the Causes of Visual Impairment amongst Patients Seeking Visual Disability Certificate,Krittika Palchoudhury; Sagar Karmakar,2020,Journal of Evidence Based Medicine and Healthcare,10.18410/jebmh/2020/497,https://www.semanticscholar.org/paper/ec032a53d0af0e64eca101196cd89e87f7ebd847,https://doi.org/10.18410/jebmh/2020/497,"BACKGROUND Blindness being a major health problem in developing country, affects not only the individual but also his family and society while a number of causes of blindness are preventable if measures are taken at an earlier time. This study mainly focuses on finding these causes. METHODS Secondary data analysis was done from medical records of disability register of a tertiary eye care hospital in Kolkata for a period of one year. The cause of visual disability was ascertained. Additional data collected from records of each patient included age, gender, literacy, percentage of disability, marital and working status and also reason for obtaining the certificate. RESULTS 240 case records (149 male and 91 female) were analysed and it was found that 79.17 % patients were in the working age group (21 – 60 years). 42 % of study population had congenital malformation as a cause of their disability followed closely by retinitis pigmentosa (38 %). 65.41 % were literate of which 54.14 % were working while 57.84 % were not working. 37.5 % patients obtained the certificate to avail travel benefit. CONCLUSIONS Congenital malformation and retinitis pigmentosa are the two major causes of blindness certification. Both can be prevented by genetic counselling and discouraging consanguineous marriage. Even other causes like retinal detachment, glaucoma etc. were all preventable diseases if treated at an earlier stage. Thus, based on these findings, guidelines should be framed to decrease the prevalence of blindness in the society. KEYWORDS Certification, Congenital Malformation, Disability, Best Corrected Visual Acuity (BCVA)",semantic_scholar,semantic_scholar:analise_documental_elegibilidade:analise_documental_elegibilidade_2,0.0,CONCLUIDA,35.0,REVISAR_HUMANO,63.0,Benefícios por incapacidade e avaliação médico-pericial,"Analisa certificados de deficiência e razões para sua obtenção, no contexto de elegibilidade para benefícios.","Estudo predominantemente clínico/epidemiológico sobre causas de deficiência visual, sem foco explícito em processo decisório, triagem documental, gestão de fluxo ou qualidade pericial.","O título e resumo mostram relação com certificação de deficiência, mas o objetivo principal é identificar causas de deficiência visual entre solicitantes do certificado. Pode ter utilidade contextual limitada sobre demanda por certificação, porém a contribuição para redesenho de fluxo pericial é incerta.",PENDENTE,,,NAO_INICIADO,,PENDENTE,,,,,,,,
semantic_scholar:d52b0e513993406ec8303387cef4713aa5090ccc,L'arrêt de travail dans le cadre de la maladie suite à une cervicalgie,M. Soultanian,2006,,10.1007/s11659-006-0041-8,https://www.semanticscholar.org/paper/d52b0e513993406ec8303387cef4713aa5090ccc,,,semantic_scholar,semantic_scholar:analise_documental_elegibilidade:analise_documental_elegibilidade_3,0.0,CONCLUIDA,35.0,REVISAR_HUMANO,63.0,Benefícios por incapacidade e avaliação médico-pericial,Estudos que analisem afastamento por doença ou certificação médica.,"Idioma diferente de português, inglês ou espanhol quando não houver informação suficiente para avaliação confiável.","O título em francês sugere relação com afastamento do trabalho por doença ('arrêt de travail') após cervicalgia, potencialmente pertinente ao eixo de incapacidade/afastamento. Porém não há resumo e o idioma está fora dos idiomas prioritários informados.",PENDENTE,,,NAO_INICIADO,,PENDENTE,,,,,,,,
pubmed:26687330,Work Incapacity and Treatment Costs After Severe Accidents: Standard Versus Intensive Case Management in a 6-Year Randomized Controlled Trial.,Scholz SM; Andermatt P; Tobler BL; Spinnler D,2016,Journal of occupational rehabilitation,10.1007/s10926-015-9615-0,https://pubmed.ncbi.nlm.nih.gov/26687330/,https://link.springer.com/content/pdf/10.1007%2Fs10926-015-9615-0.pdf,,pubmed,pubmed:beneficios_incapacidade_avaliacao_medico_pericial:beneficios_incapacidade_avaliacao_medico_pericial_2,0.0,CONCLUIDA,35.0,REVISAR_HUMANO,58.0,Benefícios por incapacidade e avaliação médico-pericial,Estudos que analisem benefícios por incapacidade ou afastamento por doença.,"Estudos clínicos que não contribuam para compreender processos de avaliação médico-pericial, decisão administrativa, capacidade, acesso, qualidade ou controle.","O título trata de incapacidade laboral após acidentes graves e custos, comparando manejo de casos. Pode tangenciar retorno ao trabalho e incapacidade, mas não há indicação clara de avaliação pericial, triagem documental, teleavaliação ou organização de fluxo decisório.",PENDENTE,,,NAO_INICIADO,,PENDENTE,,,,,,,,
crossref:10.1377/forefront.20110629.012098,"Back From The Brink, But Still Waiting For PTSD Benefits",,2011,Forefront Group,10.1377/forefront.20110629.012098,https://doi.org/10.1377/forefront.20110629.012098,,,crossref,crossref:capacidade_filas_alocacao:capacidade_filas_alocacao_1,0.0,CONCLUIDA,35.0,REVISAR_HUMANO,55.0,Benefícios por incapacidade e avaliação médico-pericial,Estudos ou relatos institucionais sobre benefícios por incapacidade e espera no acesso.,Pode ser comentário/notícia/opinião sem análise verificável; resumo ausente.,"O título sugere relação com espera por benefícios ligados a PTSD, potencialmente dentro do campo de benefícios por incapacidade. Contudo, o periódico 'Forefront Group' e a ausência de resumo indicam possibilidade de texto opinativo ou jornalístico.",PENDENTE,,,NAO_INICIADO,,PENDENTE,,,,,,,,
crossref:10.3138/9781487575458-005,4. Disability benefits,,1989,Disability Insurance and Public Policy,10.3138/9781487575458-005,https://doi.org/10.3138/9781487575458-005,,,crossref,crossref:analise_documental_elegibilidade:analise_documental_elegibilidade_2; crossref:beneficios_incapacidade_avaliacao_medico_pericial:beneficios_incapacidade_avaliacao_medico_pericial_1; crossref:capacidade_filas_alocacao:capacidade_filas_alocacao_1,0.0,CONCLUIDA,35.0,REVISAR_HUMANO,46.0,Benefícios por incapacidade e avaliação médico-pericial,"Capítulo sobre benefícios por incapacidade em obra de política pública, potencialmente relevante para desenho institucional e elegibilidade.","Sem resumo; pode ser discussão ampla de política sem foco em avaliação pericial, triagem documental ou gestão operacional.","O contexto editorial sugere possível contribuição para políticas de seguro por incapacidade, mas os metadados não permitem verificar aderência aos eixos operacionais da revisão.",PENDENTE,,,NAO_INICIADO,,PENDENTE,,,,,,,,
crossref:10.1001/jama.1955.02960160036008,COMPULSORY CASH DISABILITY BENEFITS,,1955,Journal of the American Medical Association,10.1001/jama.1955.02960160036008,https://doi.org/10.1001/jama.1955.02960160036008,,,crossref,crossref:analise_documental_elegibilidade:analise_documental_elegibilidade_2; crossref:beneficios_incapacidade_avaliacao_medico_pericial:beneficios_incapacidade_avaliacao_medico_pericial_1,0.0,CONCLUIDA,35.0,REVISAR_HUMANO,44.0,Benefícios por incapacidade e avaliação médico-pericial,"Título indica discussão sobre benefícios pecuniários compulsórios por incapacidade, tema potencialmente relacionado a políticas de benefícios.","Sem resumo; pode ser comentário, notícia ou discussão geral de política sem foco em avaliação pericial, triagem, elegibilidade operacional ou gestão de filas.","Há aderência temática ampla ao campo de benefícios por incapacidade, mas os metadados são insuficientes para verificar se o texto traz evidência útil sobre processos de avaliação, alocação ou controle.",PENDENTE,,,NAO_INICIADO,,PENDENTE,,,,,,,,
semantic_scholar:e739bb9146ebf3f4d46661cda99a4771b2b4074b,BENEFITS THAT EMPLOYEES ARE ENTITLED TO DUE TO CONTRACTING OCCUPATIONAL DISEASES,Agata Tarnacka,2018,Studia z zakresu nauk prawnoustrojowych. Miscellanea,10.5604/01.3001.0013.0371,https://www.semanticscholar.org/paper/e739bb9146ebf3f4d46661cda99a4771b2b4074b,,"The article entitled ""Benefits for an employee due to an occupational disease"" presents a catalog of benefits due to an employee who has an occupational disease. This catalog has been divided into one-off, short-term and long-term benefits. One-time benefits include one-off compensation for an employee due to permanent or long-term damage to health or to the family of a worker due to death due to occupational disease and covering medical costs in the field of dentistry and immunization and supply of orthopedic items. Short-term benefits include sickness benefit from accident insurance, rehabilitation benefit and compensatory allowance. On the other hand, long-term benefits are a disability pension, a training pension, a survivor's pension and a care allowance. Guarantees about benefits are wide, but it must be borne in mind that receiving each of the indicated benefits requires a medical certificate confirming the occupational disease. The benefits are awarded only in half of cases, and their amount is usually not sufficient to cover the costs of treatment and rehabilitation.",semantic_scholar,semantic_scholar:analise_documental_elegibilidade:analise_documental_elegibilidade_2,0.0,CONCLUIDA,34.0,REVISAR_HUMANO,74.0,Benefícios por incapacidade e avaliação médico-pericial,"Estudos que analisem benefícios por incapacidade, afastamento por doença, seguro por incapacidade ou certificação médica.",,"Artigo descreve catálogo de benefícios por doença ocupacional e destaca exigência de certificado médico para concessão. Relevância parcial para elegibilidade e certificação, mas parece predominantemente jurídico-descritivo e não necessariamente analítico sobre fluxo pericial.",PENDENTE,,,NAO_INICIADO,,PENDENTE,,,,,,,,
semantic_scholar:51686d6d738016bfc09e3671d254415f284c06c9,Adjudication of Cause of Death in Older Adults: learnings for death certification from the ASPirin in Reducing Events in the Elderly study,Mark R. Nelson; John J. McNeil; N. Stocks; Sameer Panjwani; Raj C. Shah,2025,Clinical Trials,10.1177/17407745251368001,https://www.semanticscholar.org/paper/51686d6d738016bfc09e3671d254415f284c06c9,https://journals.sagepub.com/doi/pdf/10.1177/17407745251368001?download=true,"Background: Death certificates are a legal requirement for a body to be buried or cremated. Many randomised clinical trials utilise disease-specific causes of death as key outcomes informed by these documents. Determination of cause of death is commonly assigned to an adjudication committee, a time- and resource-intensive process which becomes more difficult in trials of older individuals. We sought to assess whether a simple transcription from a death certificate would be adequate to meet trial requirements and whether the certification process itself can be improved to meet public health and research requirements. Methods: Random audit of 100 death certificates from ASpirin in Reducing Endpoints in the Elderly, a randomised controlled trial conducted in Australian general practice and US community research centres. Participants were Australians (aged 70+ years) and Americans (65+) living in the community and without life-limiting medical conditions at baseline, recruited between 1 March 2010 and 31 December 2014 for the ASpirin in Reducing Endpoints in the Elderly trial. Outcome of interest was misclassification of death rate. Results: There were 2757 deaths in the 19,114 study population. In a random sample of 100 of these deaths, misclassification of cause of death was identified through the trial adjudication process in 9% of death certificates. Conclusion: In trials without the resources of ASpirin in Reducing Endpoints in the Elderly, a coding method can be accepted. Based on our experience, we recommend changes to the structure and process of death certification to better serve both clinical research and public health needs, particularly in older, multimorbid populations.",semantic_scholar,semantic_scholar:equidade_qualidade_controle:equidade_qualidade_controle_3,0.0,CONCLUIDA,32.0,REVISAR_HUMANO,72.0,"Equidade territorial, qualidade e controle","Estudos que analisem certificação médica; qualidade decisória, auditoria, controle, revisão de decisões ou confiabilidade documental.","Pode ser excluído por tratar de certificação de causa de morte em ensaio clínico, sem relação substantiva com benefícios por incapacidade.","O resumo discute adequação de certificados de óbito versus adjudicação, incluindo auditoria aleatória e misclassificação. Não é sobre incapacidade, mas aborda confiabilidade de certificação médica e necessidade de revisão/adjudicação, o que pode ter utilidade conceitual indireta.",PENDENTE,,,NAO_INICIADO,,PENDENTE,,,,,,,,
openalex:https://openalex.org/W589229266,Incapacity Benefits and Work Incentives,Anne Corden; Roy Sainsbury,2001,"White Rose Research Online (University of Leeds, The University of Sheffield, University of York)",,https://openalex.org/W589229266,https://eprints.whiterose.ac.uk/73454/1/Document.pdf,"An evaluation of client experiences of a series of work incentive measures that are available to people on Incapacity Benefits. The purpose of the evaluation was to inform decisions about the further development of work incentive measures, which include: therapeutic work provision, voluntary work provision, 52 week linking rule, Work Trial, incapacity earnings provision, Jobfinders Grant, Jobmatch payments, and Disabled Person's Tax Credit. This was a qualitative study and included discussions with staff and in-depth interviews with clients.",openalex,openalex:beneficios_incapacidade_avaliacao_medico_pericial:beneficios_incapacidade_avaliacao_medico_pericial_2,0.0,CONCLUIDA,30.0,REVISAR_HUMANO,74.0,Benefícios por incapacidade e avaliação médico-pericial,"Estudos que analisem benefícios por incapacidade, afastamento por doença, seguro por incapacidade, certificação médica ou avaliação médico-pericial.",Textos sem relação substantiva com a pergunta de pesquisa ou com ao menos um eixo da matriz analítica.,"Trata de experiências de clientes com medidas de incentivo ao trabalho para beneficiários de incapacidade. Há aderência ao tema de benefícios por incapacidade, mas o foco aparente é reinserção laboral, não avaliação pericial, triagem, teleperícia ou alocação de fluxos.",PENDENTE,,,NAO_INICIADO,,PENDENTE,,,,,,,,
semantic_scholar:a085f42f3b8676305ccbaa152835c520935d40ef,"An intelligent decision supporting system for international classification of functioning, disability, and health",Wei-Fen Hsieh; Lieu-Hen Chen; Hao-Ming Hung; E. Sato-Shimokawara; Y. Takama; Toru Yamaguchi; Eric Hsiao-Kuang Wu; Yu-Wei Chen,2015,,10.1186/s40327-015-0023-5,https://www.semanticscholar.org/paper/a085f42f3b8676305ccbaa152835c520935d40ef,https://doi.org/10.1186/s40327-015-0023-5,"BackgroundIn recent years, the population structure in Taiwan has changed so dramatically. Based on concerns of social welfare issues, Taiwanese government began to seek principles for assessment of disability. After seven years of carefully evaluation, the World Health Organization’s International Classification of Functioning, Disability, and Health (Abbreviated to ICF) is officially adopted as Taiwan’s assessment standard while most of the assessment procedures of ICF are sophisticated, and time consuming.In this paper, we propose a sensor based decision supporting system for ICF. Our prototype system aims to reduce the burden of medical staffs, and to assist subjects to perform the assessments.MethodsThis paper integrate multiple devices including ASUS XtionTM, temperature/acceleration/gyro sensors on Arduino, and Zigbee to measure the mobility of limbs and joints. The subject’s log of assessments is then recorded in the database so that the medical staffs can remote-monitor the co ndition of subjects immediately, and analyze the results later. Additionally, in our system, a user-friendly interface is implemented for the detection of dementia.ResultsIn this paper, three experiments have been conducted for different purpose. The experiment was conducted to compare the variation between thermometer and our device. Moreover, we invited 20 elders aged for 65 to 80 to use our system and all of them gave positive feedback. Two elders were invited to perform full assessment for dementia and the results show that both of them didn’t have sign of dementia. Also, the assessment of joint movement was performed by a 67 year-old elder and the result shows that the elder had well physical function and could take care of daily life.ConclusionsThe proposed system has potential for aiding users to perform the ICF testing better and provide benefits to medical staffs and society. With current technology, integration between sensor network systems and artificial intelligence approaches will more and more important. We develop a simple interface for user to manipulate and perform the ICF assessment. In addition, the early detection of dementia likely has the potential to provide patients with an increased level of precaution, which may improve quality of life.",semantic_scholar,semantic_scholar:telepericia_avaliacao_remota:telepericia_avaliacao_remota_1,0.0,CONCLUIDA,30.0,REVISAR_HUMANO,71.0,Benefícios por incapacidade e avaliação médico-pericial,Estudos que analisem certificação médica ou processos de decisão sobre incapacidade; avaliação remota aplicada à classificação funcional.,Pode ser predominantemente tecnológico/clínico sem relação substantiva com elegibilidade administrativa ou fluxo de benefícios.,"Resumo descreve sistema de apoio à decisão para ICF adotado como padrão de avaliação de deficiência em Taiwan, visando reduzir carga dos profissionais e permitir monitoramento remoto. Pode ter utilidade indireta para padronização/triagem, mas a conexão com benefícios e fluxo pericial não está totalmente clara.",PENDENTE,,,NAO_INICIADO,,PENDENTE,,,,,,,,
crossref:10.1007/978-1-349-56632-7_9,Principles of Disability: Benefits and Underwriting,Locascio,2006,Brackenridge’s Medical Selection of Life Risks,10.1007/978-1-349-56632-7_9,https://doi.org/10.1007/978-1-349-56632-7_9,,,crossref,crossref:analise_documental_elegibilidade:analise_documental_elegibilidade_2; crossref:beneficios_incapacidade_avaliacao_medico_pericial:beneficios_incapacidade_avaliacao_medico_pericial_1,0.0,CONCLUIDA,30.0,REVISAR_HUMANO,49.0,Benefícios por incapacidade e avaliação médico-pericial,"Título sugere discussão sobre benefícios por incapacidade e underwriting, potencialmente relacionada a elegibilidade e certificação.","Pode tratar de seguros privados e subscrição atuarial, sem relação substantiva com avaliação médico-pericial administrativa ou gestão de fluxos.","Há possível utilidade para critérios de elegibilidade e decisão, mas o enquadramento em livro de seleção de riscos sugere foco securitário/atuarial. Sem resumo, a aderência à pergunta central permanece incerta.",PENDENTE,,,NAO_INICIADO,,PENDENTE,,,,,,,,
crossref:10.1007/978-1-349-72324-9_9,Principles of Disability: Benefits and Underwriting,Locascio,2006,Brackenridge’s Medical Selection of Life Risks,10.1007/978-1-349-72324-9_9,https://doi.org/10.1007/978-1-349-72324-9_9,,,crossref,crossref:analise_documental_elegibilidade:analise_documental_elegibilidade_2; crossref:beneficios_incapacidade_avaliacao_medico_pericial:beneficios_incapacidade_avaliacao_medico_pericial_1,0.0,CONCLUIDA,30.0,REVISAR_HUMANO,49.0,Benefícios por incapacidade e avaliação médico-pericial,"Título sugere discussão sobre benefícios por incapacidade e underwriting, potencialmente relacionada a elegibilidade e certificação.","Pode tratar de seguros privados e subscrição atuarial, sem relação substantiva com avaliação médico-pericial administrativa ou gestão de fluxos.","Registro muito semelhante ao anterior com mesmo título; aparenta capítulo de livro com possível foco securitário. Sem resumo, não é possível confirmar utilidade para a revisão.",PENDENTE,,,NAO_INICIADO,,PENDENTE,,,,,,,,
openalex:https://openalex.org/W3046506727,Assessing Telemedicine Unreadiness Among Older Adults in the United States During the COVID-19 Pandemic,Kenneth Lam; Amy D. Lu; Ying Shi; Kenneth E. Covinsky,2020,JAMA Internal Medicine,10.1001/jamainternmed.2020.2671,https://doi.org/10.1001/jamainternmed.2020.2671,https://jamanetwork.com/journals/jamainternalmedicine/articlepdf/2768772/jamainternal_lam_2020_ld_200031_1601661034.4372.pdf,This cross-sectional study uses 2018 data from the National Health and Aging Trends Study to assess the prevalence among older adults in the United States of unreadiness to access video or telephone telemedicine because of disability or inexperience with technology.,openalex,openalex:telepericia_avaliacao_remota:telepericia_avaliacao_remota_2,0.0,CONCLUIDA,28.0,REVISAR_HUMANO,82.0,"Equidade territorial, qualidade e controle","Estudos que discutam acesso territorial, barreiras geográficas, inclusão de populações remotas ou desigualdades de acesso à avaliação remota.","Telemedicina exclusivamente assistencial, sem relação substantiva com avaliação de incapacidade, certificação, elegibilidade, triagem ou gestão de fluxos.","Estudo sobre falta de prontidão para telemedicina entre idosos por deficiência ou inexperiência tecnológica. Não é sobre perícia, mas é relevante de forma indireta para barreiras de acesso e equidade em modelos remotos de avaliação.",PENDENTE,,,NAO_INICIADO,,PENDENTE,,,,,,,,
openalex:https://openalex.org/W2900627719,Reducing wait time from referral to first visit for community outpatient services may contribute to better health outcomes: a systematic review,Annie K. Lewis; Katherine E. Harding; David A. Snowdon; Nicholas F. Taylor,2018,BMC Health Services Research,10.1186/s12913-018-3669-6,https://doi.org/10.1186/s12913-018-3669-6,https://bmchealthservres.biomedcentral.com/track/pdf/10.1186/s12913-018-3669-6,"BACKGROUND: Many people wait long periods for community outpatient services. However little is known about the impact of waiting from referral to first visit on patient outcomes. The aim of this systematic review is to investigate whether waiting for community outpatient services is associated with adverse effects on patient outcomes. METHODS: Medline, Embase, Psych Info and CINAHL databases were searched, combining the key concepts of waiting for healthcare and patient outcomes. Studies were included if they reported data comparing health outcomes for patients with different waiting times for the same period. Three reviewers applied inclusion and exclusion criteria to identified studies and assessed quality using the McMaster Critical Review Forms. Levels of evidence were assessed using National Health and Medical Research Council guidelines. Included studies were analysed using a descriptive synthesis, and summarised according to levels of evidence and clinical significance for key outcomes. RESULTS: Fourteen studies that included 69,606 adult patients were selected. Selected studies included patients referred for treatment for musculoskeletal disorders (n = 28,722) or to cardiac rehabilitation (n = 40,884). There was low-level evidence that reduced wait time is associated with moderate improvement in workplace participation for patients seeking care for musculoskeletal conditions; and moderate improvement in exercise tolerance for patients referred to cardiac rehabilitation. There was inconsistent evidence that improvements in quality of life, patient satisfaction and psychological symptoms may be associated with shorter wait times. Pain, function and physical activity outcomes were not associated with wait time. CONCLUSIONS: This review found low-level evidence suggesting an association between early access to community outpatient services and improvement of some patient outcomes. Specifically, shorter wait times from referral to first visit for musculoskeletal pain services may improve patient work participation. Shorter wait times for cardiac rehabilitation may improve patient exercise capacity. The effects of a short wait time for other patient conditions and patient outcomes, including quality of life, psychological symptoms and patient experience, are inconclusive. The modest benefits in health outcomes observed in reducing wait time for community outpatient services suggest that other possible benefits such as increasing patient flow should be explored. TRIAL REGISTRATION: PROSPERO registration no: CRD42016047003.",openalex,openalex:capacidade_filas_alocacao:capacidade_filas_alocacao_1,0.0,CONCLUIDA,28.0,REVISAR_HUMANO,76.0,"Capacidade, filas e alocação de serviços",Revisão sistemática sobre tempo de espera e desfechos em serviços ambulatoriais.,"Sem relação explícita com avaliação de incapacidade, certificação médica ou benefícios.","Pode ser útil como evidência indireta sobre efeitos de espera e gestão de demanda, mas o resumo não conecta o tema a perícia médica federal ou benefícios por incapacidade.",PENDENTE,,,NAO_INICIADO,,PENDENTE,,,,,,,,
openalex:https://openalex.org/W2159613900,Applying qualitative comparative analysis (QCA) in public health: a case study of a health improvement service for long-term incapacity benefit recipients,Jon Warren; Jonathan Wistow; Clare Bambra,2013,Journal of Public Health,10.1093/pubmed/fdt047,https://doi.org/10.1093/pubmed/fdt047,https://academic.oup.com/jpubhealth/article-pdf/36/1/126/4471453/fdt047.pdf,"BACKGROUND: This paper explores the value of qualitative comparative analysis (QCA) in public health research using the example of a pilot case management intervention for long-term incapacity benefit recipients. It uses QCA to examine how the 'health improvement' effects of the intervention varied by individual and service characteristics. METHODS: Data for 131 participants receiving the intervention were collected over 9 months. Health improvement was measured using the EuroQual Visual Analogue Scale. Socio-demographic, health behaviour data were also collected. Data on service use was obtained from the provider's client records. Crisp set QCA was conducted to identify which individual and service characteristics were most likely to produce a health benefit after participation in the intervention. RESULTS: Health improvement was most likely amongst younger participants, men aged over 50 and those with an occupational history of skilled manual work or higher and less likely amongst older women, those with a musculoskeletal condition and those with semi- or un-skilled backgrounds. Service characteristics had no impact. CONCLUSIONS: The QCA identified potential causal pathways for health improvement from the intervention with important potential implications for health inequalities. QCA should be considered as a viable and practical method in the public health evaluation tool box.",openalex,openalex:beneficios_incapacidade_avaliacao_medico_pericial:beneficios_incapacidade_avaliacao_medico_pericial_2,0.0,CONCLUIDA,28.0,REVISAR_HUMANO,68.0,Benefícios por incapacidade e avaliação médico-pericial,"Estudos que analisem benefícios por incapacidade, afastamento por doença, seguro por incapacidade, certificação médica ou avaliação médico-pericial.",Textos sem relação substantiva com a pergunta de pesquisa ou com ao menos um eixo da matriz analítica.,"Envolve beneficiários de incapacity benefit e características de serviço em intervenção de case management. Contudo, o foco principal é efeito em saúde da intervenção, não processo pericial, triagem documental, teleperícia ou desenho de fluxo decisório.",PENDENTE,,,NAO_INICIADO,,PENDENTE,,,,,,,,
semantic_scholar:9262cda02fbc6586849e040aa70dd51d980a5a81,Improving medical certification of cause of death in Assiut University Children Hospital: an intervention study,O. el-Gibaly; Mohamed Gamil Mohamed Abo Elela; Yasser Rizk; Shimaa Hosny Hassan Mahmoud,2024,BMC Health Services Research,10.1186/s12913-024-11804-4,https://www.semanticscholar.org/paper/9262cda02fbc6586849e040aa70dd51d980a5a81,https://bmchealthservres.biomedcentral.com/counter/pdf/10.1186/s12913-024-11804-4,"Death certification is a health indicator and a public health surveillance tool. High-quality death certificate ensures reliability of mortality statistics used to direct the arranging of health-related programs and leading assessments of research and proper healthcare outcomes. The World Health Organization (WHO) puts Egypt in the group of ‘low quality’ death registration data. The aim of this study was to evaluate the impact of composite training and audit intervention on accurate completion of death notification forms (DNFs) in Assiut University Children Hospital (AUCH) that has an average monthly mortality of 120 children’s deaths. A Quasi-experimental study design was conducted among residents of AUCH. The intervention consisted of 1- Preparing training material with basic information on how to report causes of death according to WHO criteria and case scenarios extracted from the medical records of children who died at AUCH, 2- One hundred residents of the AUCH were trained in one day workshops in 4 groups, with a pre-post knowledge assessment questionnaire. 3- A weekly audit of a sample of 10–15 DNFs was done for six months with reporting of findings to quality assurance director of the hospital. Eighty- nine physicians completed the pre-post knowledge assessment with significant increase in knowledge score after the intervention (15.7 ± 3.2 vs. 11.9 ± 2.8). There was a significant decrease in the errors of reporting on the DNFs. The main improvement was in decrease from 90 to 18% in reporting the mechanism of death, and significant decline in writing cause of death in Arabic language only. Accurate reporting of the medical cause of death can be achieved by educational intervention targeting physicians with institutionalizing of audit system for continuous quality improvement.",pubmed; semantic_scholar,pubmed:equidade_qualidade_controle:equidade_qualidade_controle_3; semantic_scholar:equidade_qualidade_controle:equidade_qualidade_controle_3,0.0,CONCLUIDA,28.0,REVISAR_HUMANO,68.0,"Equidade territorial, qualidade e controle","Estudos que analisem certificação médica; qualidade decisória, auditoria, controle e revisão de decisões/documentos médicos.","Pode ser excluído por focar certificação de óbito hospitalar, sem relação substantiva com incapacidade ou fluxo pericial de benefícios.","O resumo aborda melhoria da certificação médica por meio de treinamento e auditoria, com foco em qualidade do preenchimento de formulários. Embora não trate de incapacidade, toca em certificação médica, auditoria e qualidade documental, podendo oferecer evidência metodológica indireta para controle de documentos.",PENDENTE,,,NAO_INICIADO,,PENDENTE,,,,,,,,
semantic_scholar:d5e431a917083a49e465cb4f69fa5f70ae4b1441,Analysis of Impaired Functions and Disability Due to Diseases of the Blood and Hematopoietic Organs with Regard to the Need for Rehabilitative Measures,Irina V. Fedorova; N. S. Zapariy; Anastasia G. Samusenko; D. Bolotov; Elizaveta S. Koneva,2022,Bulletin of Rehabilitation Medicine,10.38025/2078-1962-2022-21-1-114-125,https://www.semanticscholar.org/paper/d5e431a917083a49e465cb4f69fa5f70ae4b1441,https://doi.org/10.38025/2078-1962-2022-21-1-114-125,"Diseases of the blood and hematopoietic organs are one of the urgent medical and social problems. The effectiveness of the rehabilitation measures carried out depends on their compliance with functional disorders and the degree of disability associated with them. Aim. To study the dysfunction of the disabled person’s body and, based on them, to assess the limitation of vital activity and the degree of their severity. Material and methods. The study was generated in xlsx format and uploaded to the environment for statistical data analysis (https:www.r.project.org) using methods: documentary, data copying (184 units). Data processing and analysis were performed using scripts. For continuous normally distributed variables, the average value, the standard deviation, were calculated when comparing two groups of studies — the t–criterion, when comparing several groups — the ANOVA. Medians, 1st and 3rd quartiles were calculated for continuous abnormally distributed variables, and when comparing groups, the Kruskall-Wallis criterion was used. Absolute and relative frequencies were calculated for categorical variables, and when checking the conjugacy tables of 2x2 sizes, the Chi-square criterion or the Fisher criterion was used. Spearman’s rank correlation index was calculated for each pair of categorical variables. The significance level when testing statistical hypotheses was assumed to be 0.05. Results. It was found that in patients with blood and hematopoietic organs diseases, the greatest proportion in the structure of impaired functions were violations of the functions of the blood system and immunity, cardiovascular system, neuromuscular, skeletal and movement-related (statodynamic) and total functions, the severity of which, as a rule, was moderate. In the structure of restrictions of vital activity, the following restrictions of vital activity were determined: self-service abilities of the 1st degree, self-locomotion of the 1st degree and work activity of the 1st degree. Conclusion. Expert-rehabilitation diagnostics based on samples of different numbers and nosology among persons who have passed examination at the ITU bureau, allows us to form an idea of the amount of rehabilitation measures required for them, including in the conditions of assessment according to the requirements of the International Classification of Disorders, Disability and Social Insufficiency.The expert-statistical assessment of this contingent of disabled people allows us to predict the volume of examinations, to assume a prognosis for the course of diseases and to plan the volume of medical and rehabilitation care.",semantic_scholar,semantic_scholar:analise_documental_elegibilidade:analise_documental_elegibilidade_1,0.0,CONCLUIDA,28.0,REVISAR_HUMANO,66.0,Benefícios por incapacidade e avaliação médico-pericial,"Estudos que analisem benefícios por incapacidade, certificação médica ou avaliação médico-pericial.",,"O resumo trata de análise de funções prejudicadas, limitação de atividade e grau de deficiência, com possível interface com avaliação de incapacidade. Contudo, o foco aparente é reabilitação clínica/funcional, sem clareza sobre decisão administrativa, elegibilidade ou fluxo pericial.",PENDENTE,,,NAO_INICIADO,,PENDENTE,,,,,,,,
semantic_scholar:748f3d48ae30d701a0162660460f07515da8311e,Agreement between face-to-face and tele-assessment of upper limb disability in lung cancer survivors during COVID-19 era,Alejandro Heredia-Ciuró; A. Lazo-Prados; Paula Blasco-Valls; A. Calvache-Mateo; L. López-López; J. Martín-Núñez; M. Valenza,2022,Journal of Telemedicine and Telecare,10.1177/1357633x221079543,https://www.semanticscholar.org/paper/748f3d48ae30d701a0162660460f07515da8311e,https://europepmc.org/articles/pmc8883128?pdf=render,"Introduction Upper limb disability can limit the quality of life of lung cancer survivors. The COVID-19 era has required a finding of alternatives to attend the monitoring of presented disturbances with the minor risk of spread. Tele-assessment offers new possibilities for clinical assessment demonstrating good reliability compared to traditional face-to-face assessment in a variety of patients. No previous study has applied this type of assessment in lung cancer survivors. For this reason, the aim of this study was to evaluate the level of agreement between upper limb disability assessment using tele-assessment and the face-to-face method in lung cancer survivors. Methods A reliability study was conducted with 20 lung cancer survivors recruited from the Oncological Radiotherapy Service of the “Hospital PTS” (Granada). Patients attended a session for clinical face-to-face and real-time online tele-assessment. The main outcome measurements of the study included upper limb function (shirt task) and musculoskeletal disturbances (active range of movement and trigger points), and these outcomes were recorded by two independent researchers. Results The outcome measures showed good agreement between both assessments. The active range of movement presented heterogeneous results, being excellent reliability (ρ > 0.75) in extension, internal rotation, homolateral adduction, and contralateral abduction, good (0.4 < ρ < 0.75) for flexion, homolateral abduction, contralateral adduction and contralateral external rotation, and poor (ρ < 0.4) for homolateral external rotation. The measure evaluating upper limb function and trigger points show the highest interrater reliability with confidence interval lower limits ≥0.99. Discussion The tele-assessment of upper limb function and musculoskeletal disorders of lung cancer survivors present a good interrater reliability compared to face-to-face assessment. It could be useful for monitoring the disability presented by cancer survivors whose access is difficult by the residential situation, physical limitations or the risk of COVID-19 spread.",semantic_scholar,semantic_scholar:telepericia_avaliacao_remota:telepericia_avaliacao_remota_2,0.0,CONCLUIDA,28.0,REVISAR_HUMANO,63.0,Teleperícia e avaliação remota,Examina avaliação remota e concordância com avaliação presencial de disability.,"Estudo clínico sem contribuição substantiva para processos de avaliação médico-pericial, decisão administrativa, capacidade, acesso, qualidade ou controle.","O estudo compara tele-assessment e avaliação presencial de incapacidade de membro superior em sobreviventes de câncer de pulmão. Há aderência parcial ao eixo de avaliação remota e confiabilidade, mas o contexto é clínico-funcional, não pericial/administrativo. Pode ter utilidade metodológica limitada sobre equivalência entre modalidades.",PENDENTE,,,NAO_INICIADO,,PENDENTE,,,,,,,,
crossref:10.63492/lzjc98,No workaround: Assessing the impact of the Spring 2025 disability and incapacity benefit reforms on employment,Murphy; Thwaites,2025,,10.63492/lzjc98,https://doi.org/10.63492/lzjc98,https://doi.org/10.63492/lzjc98,"In March, the Government released its Pathways to Work Green Paper, setting out a package of welfare reforms that amounted to a net reduction in spending of £4.8 billion in 2029-30. On the Government’s own figures, 3.2 million families will lose out, 250,000 people will fall into poverty, and 700,000 families will fall further below the poverty line. These benefit cuts were accompanied by a significant increase in employment support costing a cumulative £1.9 billion between 2026-27 and 2029-30 but with over half of that not coming until the final year. This spotlight assesses the impact of these reforms on employment.",crossref,crossref:beneficios_incapacidade_avaliacao_medico_pericial:beneficios_incapacidade_avaliacao_medico_pericial_2,0.0,CONCLUIDA,28.0,REVISAR_HUMANO,63.0,Benefícios por incapacidade e avaliação médico-pericial,"Analisa impacto de reformas de benefícios por incapacidade, podendo oferecer evidência de política pública útil ao contexto decisório.","Resumo foca emprego e pobreza; não menciona avaliação pericial, triagem documental, teleperícia ou gestão de filas.","O registro é claramente sobre reforma de benefícios por incapacidade, mas a utilidade para a pergunta central parece indireta, centrada em efeitos laborais e distributivos, não no fluxo de avaliação.",PENDENTE,,,NAO_INICIADO,,PENDENTE,,,,,,,,
crossref:10.3898/136266211795427503,The misuse of evidence in incapacity benefit reform,Griffiths,2011,Soundings,10.3898/136266211795427503,https://doi.org/10.3898/136266211795427503,,,crossref,crossref:beneficios_incapacidade_avaliacao_medico_pericial:beneficios_incapacidade_avaliacao_medico_pericial_2,0.0,CONCLUIDA,26.0,REVISAR_HUMANO,55.0,"Equidade territorial, qualidade e controle","Título sugere discussão sobre uso de evidências em reforma de benefício por incapacidade, potencialmente relevante para qualidade decisória e desenho institucional.",Sem resumo; possível ensaio/opinião em vez de estudo empírico ou revisão.,"Há pertinência potencial ao debate de reforma e evidências em benefícios por incapacidade, mas os metadados não permitem distinguir análise substantiva de comentário político.",PENDENTE,,,NAO_INICIADO,,PENDENTE,,,,,,,,
openalex:https://openalex.org/W2018572000,Mental health and employment: much work still to be done,Samuel B. Harvey; Max Henderson; Paul Lelliott; Matthew Hotopf,2009,The British Journal of Psychiatry,10.1192/bjp.bp.108.055111,https://doi.org/10.1192/bjp.bp.108.055111,https://www.cambridge.org/core/services/aop-cambridge-core/content/view/24E945B3962556FAF66F2FAC22FD1B0F/S0007125000249040a.pdf/div-class-title-mental-health-and-employment-much-work-still-to-be-done-div.pdf,Mental illness is now the leading cause of both sickness absence and incapacity benefits in most high-income countries. The rising economic and social costs make health and work an increasing priority for policy makers. We discuss the findings from Dame Carol Black's recent review of the health of Britain's working-age population and examine how her recommendations may impact and challenge mental health services.,openalex,openalex:beneficios_incapacidade_avaliacao_medico_pericial:beneficios_incapacidade_avaliacao_medico_pericial_2,0.0,CONCLUIDA,25.0,REVISAR_HUMANO,66.0,Benefícios por incapacidade e avaliação médico-pericial,"Estudos que analisem benefícios por incapacidade, afastamento por doença, seguro por incapacidade, certificação médica ou avaliação médico-pericial.","Editorial, comentário, notícia, apresentação, resumo de congresso ou opinião sem análise, dados, revisão ou contribuição institucional verificável.","O resumo discute saúde mental, ausência por doença e incapacity benefits em perspectiva de políticas públicas. Entretanto, aparenta ser comentário/discussão sobre revisão de política, sem foco explícito em avaliação pericial ou fluxo operacional.",PENDENTE,,,NAO_INICIADO,,PENDENTE,,,,,,,,
crossref:10.1007/978-3-031-90919-1_9-1,Disability Income: Underwriting and Benefits,Mocarski; Huppenbauer; McAllister,2026,Brackenridge's Medical Selection of Life Risks,10.1007/978-3-031-90919-1_9-1,https://doi.org/10.1007/978-3-031-90919-1_9-1,,,crossref,crossref:analise_documental_elegibilidade:analise_documental_elegibilidade_2; crossref:beneficios_incapacidade_avaliacao_medico_pericial:beneficios_incapacidade_avaliacao_medico_pericial_1,0.0,CONCLUIDA,25.0,REVISAR_HUMANO,43.0,Benefícios por incapacidade e avaliação médico-pericial,"Título sugere discussão sobre renda por incapacidade, underwriting e benefícios, potencialmente relacionada a elegibilidade.",Provável foco em seguros e subscrição de riscos; ano futuro/metadados incomuns e ausência de resumo dificultam avaliação confiável.,"Pode conter elementos sobre critérios de concessão de benefícios por incapacidade, mas o enquadramento securitário e a falta de resumo impedem inferência segura.",PENDENTE,,,NAO_INICIADO,,PENDENTE,,,,,,,,
openalex:https://openalex.org/W2139401409,Work Disability Among Individuals With Diabetes,Michael Von Korff; Wayne Katon; Elizabeth Lin; Gregory Simon; Paul Ciechanowski; Evette Ludman; Malia Oliver; Carolyn M. Rutter; Bessie A. Young,2005,Diabetes Care,10.2337/diacare.28.6.1326,https://doi.org/10.2337/diacare.28.6.1326,https://diabetesjournals.org/care/article-pdf/28/6/1326/659824/zdc00605001326.pdf,"OBJECTIVE: Diabetes is rapidly increasing in prevalence among working-age adults, but little is known about the clinical characteristics that predict work disability in this population. This study assessed clinical predictors of work disability among working-age individuals with diabetes. RESEARCH DESIGN AND METHODS: In a cohort of diabetic individuals (n = 1,642) enrolled in a large health maintenance organization, excluding homemakers and retirees, we assessed the relation of diabetes severity, chronic disease comorbidity, depressive illness, and behavioral risk factors with work disability. Three indicators of work disability were assessed: being unable to work or otherwise being unemployed; missing > or =5 days from work in the prior month; and having severe difficulty with work tasks. RESULTS: In the study population, 19% had significant work disability: 12% were unemployed, 7% of employed subjects had missed > or =5 days from work in the prior month, and 4% of employed subjects reported having had severe difficulty with work tasks. Depressive illness, chronic disease comorbidity, and diabetes symptoms were associated with all three types of work disability. Diabetes complications predicted unemployment and overall work disability status, whereas obesity and sedentary lifestyle did not predict work disability. Among subjects experiencing both major depression and three or more diabetes complications, >50% were unemployed; of those with significant work disability, half met the criteria for major or minor depression. CONCLUSIONS: Depressive illness was strongly associated with unemployment and problems with work performance. Disease severity indicators, including complications and chronic disease comorbidity, were associated with unemployment and overall work disability status. Effective management of work disability among diabetic patients may need to address both physical and psychological impairments.",openalex,openalex:beneficios_incapacidade_avaliacao_medico_pericial:beneficios_incapacidade_avaliacao_medico_pericial_3,0.0,CONCLUIDA,22.0,REVISAR_HUMANO,72.0,Benefícios por incapacidade e avaliação médico-pericial,"Estudos que analisem benefícios por incapacidade, afastamento por doença, seguro por incapacidade, certificação médica ou avaliação médico-pericial.","Estudos clínicos que não contribuam para compreender processos de avaliação médico-pericial, decisão administrativa, capacidade, acesso, qualidade ou controle.","Estuda preditores clínicos de incapacidade para o trabalho em pessoas com diabetes. Relaciona-se ao tema de work disability, mas não aborda processos periciais, elegibilidade administrativa, teleavaliação ou gestão de serviços.",PENDENTE,,,NAO_INICIADO,,PENDENTE,,,,,,,,
semantic_scholar:1b2f8d651c318f8943e251fe68b63d8c5d4fa534,Is There Uniformity in the Diagnosis of Learning Disability Globally?,A. Nehra; Ruchita Hazrati; Rhythm Makkar; Rajesh Hassija; Sanyam Bhardwaj; Apoorva Panshikar,2024,Indian Journal of Public Health,10.4103/ijph.ijph_1274_23,https://www.semanticscholar.org/paper/1b2f8d651c318f8943e251fe68b63d8c5d4fa534,https://doi.org/10.4103/ijph.ijph_1274_23,"Learning disabilities (LDs) are a group of neurodevelopmental deficits that negatively affect the acquisition, organization, retention, comprehension, or application of age appropriate knowledge. Persons with LD lead a subsidized quality of life, especially in academic/vocational and psychosocial domains. A certificate issued by the medical boards at a state or district level is required to avail benefits such as scribes or relaxations. This may be done through a series of assessments by psychologists, special educators, or other health-care professionals. The authors aim to understand if uniformity exists in the assessment methods used for the diagnosis of LD globally and to prepare a gap analysis for the same. A systematic review was performed on English literature articles published from January 2005 to August 2023. Full-text studies reporting assessment and diagnostic methods of LD were included. A total of 1246 records were identified through a manual search of an electronic database. Seven duplicates were removed and 1174 studies were excluded based on the relevance by screening titles, abstracts, and full texts. Sixty-five studies were included and analyzed. The authors found a lack of uniformity in this diagnostic protocol, leading to uncertainty in disability certification, doctor shopping, and additional stress for the patients, as well as added burden on the government. Identification of LD requires a multistep assessment process with culturally relevant tools and norms and the participation of a multidisciplinary team of experts.",pubmed; semantic_scholar,pubmed:analise_documental_elegibilidade:analise_documental_elegibilidade_2; semantic_scholar:analise_documental_elegibilidade:analise_documental_elegibilidade_2,0.0,CONCLUIDA,22.0,REVISAR_HUMANO,71.0,Análise documental e elegibilidade,Estudos que analisem certificação médica ou processos de decisão sobre incapacidade.,,"Revisão sistemática sobre uniformidade de métodos diagnósticos para transtorno de aprendizagem, mencionando certificado emitido por juntas médicas para acesso a benefícios. Pode informar processos de certificação/elegibilidade, embora não esteja centrado em benefícios por incapacidade laboral ou fluxo pericial.",PENDENTE,,,NAO_INICIADO,,PENDENTE,,,,,,,,
semantic_scholar:ac96bb35713a60e485c8a8337db6c2ceff0a046d,Telemedicine utilization and digital inclusion among people with disabilities in Saudi Arabia: post-pandemic associated factors and policy implications,Osama Albasheer; S. Abdelwahab; Ibrahim Gosadi; Hatim Alessa; Afnan Madkhali; Afaf Hakami; Hanin Mobarki; Osama Mobarki; Jawaher Farji; R. Hakami; Khalid Mohammed Aldalgan; Murad Ahmed Mobarki; Atheer Abdulhadi Homadi; N. Alhazmi; Alhussain Mohammed Hakami,2026,Frontiers in Public Health,10.3389/fpubh.2026.1756958,https://www.semanticscholar.org/paper/ac96bb35713a60e485c8a8337db6c2ceff0a046d,https://europepmc.org/articles/PMC13199343?pdf=render,"Background People with disabilities face substantial barriers to accessing healthcare services, particularly in regions with limited physical and digital infrastructure. This study aimed to assess the prevalence of telemedicine utilization among individuals with disabilities in Saudi Arabia, identify key associated factors of its adoption, and explore the main barriers to its use. Method A cross-sectional survey was conducted between December 2024 and April 2025 among 488 individuals with disabilities from Saudi Arabia. Participants were assessed using the World Health Organization Disability Assessment Schedule 2.0 (WHODAS 2.0) for functional limitations and the Telehealth Usability Questionnaire (TUQ-21) to evaluate telemedicine experience and satisfaction. Data were collected through face-to-face interviews conducted by trained healthcare professionals. Descriptive statistics, chi-square tests, and multivariate logistic regression analyses were used to examine factors associated with telemedicine use. Results Among the 488 participants, only 25.4% (n = 124) reported using telemedicine service. WHODAS scores were significantly higher among individuals who did not use telemedicine (mean ± SD: 2.55 ± 1.08) compared to users (mean ± SD: 2.49 ± 1.00). Higher education levels and urban residence were significantly associated with telemedicine utilization, while being widowed was associated with lower use. Psychological conditions showed the strongest association with telemedicine use (χ2 = 45.915, p < 0.001). Major barriers included a preference for in-person visits (81.9%), lack of familiarity with telehealth (27.2%), and limited provider availability (22.0%). Conclusion Despite favorable perceptions of privacy and ease of use, telemedicine adoption among people with disabilities in Saudi Arabia remains low. Enhancing digital literacy, provider capacity, and service availability is critical to expanding access.",europe_pmc; semantic_scholar,europe_pmc:telepericia_avaliacao_remota:telepericia_avaliacao_remota_2; semantic_scholar:telepericia_avaliacao_remota:telepericia_avaliacao_remota_2,0.0,CONCLUIDA,22.0,REVISAR_HUMANO,71.0,"Equidade territorial, qualidade e controle","Discute acesso, inclusão digital, barreiras e desigualdades de acesso à telemedicina entre pessoas com deficiência.","Telemedicina sem relação substantiva com avaliação de incapacidade, certificação, elegibilidade ou fluxos periciais.","O estudo aborda utilização de telemedicina e inclusão digital entre pessoas com deficiência, com foco em barreiras de acesso e implicações de política. Não é sobre perícia/benefícios, mas pode informar o eixo de equidade territorial e barreiras de acesso à avaliação remota.",PENDENTE,,,NAO_INICIADO,,PENDENTE,,,,,,,,
semantic_scholar:74d68f7459adffe775ca255a5d7c0e9f8f4fd9cb,The eSMAF: a software for the assessment and follow-up of functional autonomy in geriatrics,P. Boissy; Simon Brière; M. Tousignant; E. Rousseau,2007,BMC Geriatrics,10.1186/1471-2318-7-2,https://www.semanticscholar.org/paper/74d68f7459adffe775ca255a5d7c0e9f8f4fd9cb,https://bmcgeriatr.biomedcentral.com/counter/pdf/10.1186/1471-2318-7-2,"BackgroundFunctional status or disability forms the core of most assessment instruments used to identify mix and level of resources and services needed by older adults who possess common characteristics. The Functional Autonomy Measurement System (SMAF) is a 29-item scale measuring functional ability in five different areas. It has been recommended for use for home care, for allocation of chronic beds, for developing care plans in institutional settings and for epidemiological and evaluative studies. The SMAF can also be used with a case-mix classification system (Iso-SMAF) to allocate resources based on patients' functional autonomy characteristics. The objective of this project was to develop a software version of the SMAF to facilitate the evaluation of the functional status of older adults in health services research and to optimize the clinical decision-making process.ResultsThe eSMAF was developed over an 24-month period using a modified waterfall software engineering process. Requirements and functional specifications were determined using focus groups of stakeholders. Different versions of the software were iteratively field-tested in clinical and research environments and software adaptations made accordingly. User documentation and online help were created to assist the deployment of the software. The software is available in French or English versions under a 30-day unregistered demonstration license or a free restricted registered academic license. It can be used locally on a Windows-based PC or over a network to input SMAF data into a database, search and aggregate client data according to clinical and/or administrative criteria, and generate summary or detailed reports of selected data sets for print or export to another database.ConclusionIn the last year, the software has been successfully deployed in the clinical workflow of different institutions in research and clinical applications. The software performed relatively well in terms of stability and performance. Barriers to implementation included antiquated computer hardware, low computer literacy and access to IT support. Key factors for the deployment of the software included standardization of the workflow, user training and support.",semantic_scholar,semantic_scholar:capacidade_filas_alocacao:capacidade_filas_alocacao_3,0.0,CONCLUIDA,22.0,REVISAR_HUMANO,71.0,Análise documental e elegibilidade,Aborda instrumento/software de avaliação funcional usado para alocação de recursos e apoio à decisão.,"Não trata explicitamente de benefícios por incapacidade, certificação administrativa ou perícia médica federal.","O resumo descreve software para avaliação funcional de idosos e classificação para alocação de recursos/camas e apoio à decisão. Pode oferecer evidência útil sobre avaliação padronizada e critérios auditáveis de alocação, embora fora do contexto de benefícios por incapacidade.",PENDENTE,,,NAO_INICIADO,,PENDENTE,,,,,,,,
openalex:https://openalex.org/W2106156519,“Telestroke”,Steven R. Levine; Mark Gorman,1999,Stroke,10.1161/01.str.30.2.464,https://doi.org/10.1161/01.str.30.2.464,https://www.ahajournals.org/doi/pdf/10.1161/01.STR.30.2.464,"BACKGROUND: Time is of the essence for effective intervention in acute ischemic stroke. Efforts including stroke teams that are ""on call"" around-the-clock are emerging to reduce the time from emergency room arrival to evaluation and treatment. SUMMARY OF COMMENT: Based on the results of the NINDS rt-PA Stroke Trial, which demonstrated both clinical effectiveness in reducing neurological deficits and disability and cost savings to health care systems, many community hospitals and managed-care organizations are exploring methods to enhance and expedite acute stroke care in their local communities. Only a small fraction of acute stroke victims is currently treated with thrombolytics (<1.5% nationally), and few benefit from the expertise and experience of the stroke teams. It is essential to develop new paradigms to improve acute stroke care in all settings, rural and urban. Rapid linkages to expert stroke care can help the underserved areas. Telemedicine for stroke, ""Telestroke, "" uses state-of-the-art video telecommunications that may be a potential solution and may maximize the number of patients given effective acute stroke treatment across the country and across the world. Telestroke could facilitate remote cerebrovascular specialty consults from virtually any location within minutes of attempted contact, adding greater expertise to the care of any individual patient. This model also has the potential to enhance patient entry into clinical trials. Telestroke would enhance stroke education through the use of Internet-based interactives for health-care professionals and patients. Education would be facilitated through the creation of telecommunication-linked classes providing interactive information on stroke care and prevention to places where they are otherwise not available. Health-care professionals will gain experience and expertise through the interaction with a remote expert--telementoring. Telestroke provides an excellent medium for data collection and an unprecedented opportunity for quality assurance. Monitoring of an entire tele-interaction can offer real-time assessments, which can then be analyzed in-depth at a later date for unique insights into health-care delivery. Prehospital use of telemedicine for stroke is already being piloted, linking patients in the ambulance to the emergency department. Legal and economic parameters must be established for telemedicine in the areas of reimbursement, liability, malpractice insurance, licensing, and credentialing. Issues of protection of privacy and confidentiality, informed consent, product liability, and industry standards must be addressed to facilitate the use of this new and potentially useful technology. CONCLUSIONS: Computer-based technology can now be used to integrate electronic medical information, clinical assessment tools, neuroradiology, laboratory data, and clinical pathways to bring state-of-the-art expert stroke care to underserved areas.",openalex,openalex:telepericia_avaliacao_remota:telepericia_avaliacao_remota_1; openalex:telepericia_avaliacao_remota:telepericia_avaliacao_remota_2,0.0,CONCLUIDA,22.0,REVISAR_HUMANO,71.0,Teleperícia e avaliação remota,Estudos que examinem telemedicina aplicada à avaliação remota; estudos que discutam acesso territorial e inclusão de áreas remotas.,"Telemedicina exclusivamente assistencial, sem relação substantiva com avaliação de incapacidade, certificação, elegibilidade, triagem ou gestão de fluxos.","O artigo trata de telestroke para ampliar acesso rápido a especialistas, inclusive em áreas rurais e urbanas, com ênfase em tempo e acesso. É telemedicina assistencial, não pericial, mas pode ter utilidade indireta para desenho de fluxos remotos e equidade territorial. Requer avaliação humana.",PENDENTE,,,NAO_INICIADO,,PENDENTE,,,,,,,,
openalex:https://openalex.org/W2133455873,Discrepancies in autobiographical memories--- implications for the assessment of asylum seekers: repeated interviews study,Jane Herlihy,2002,BMJ,10.1136/bmj.324.7333.324,https://doi.org/10.1136/bmj.324.7333.324,https://www.bmj.com/content/bmj/324/7333/324.full.pdf,"OBJECTIVE: To investigate the consistency of autobiographical memory of people seeking asylum, in light of the assumption that discrepancies in asylum seekers' accounts of persecution mean that they are fabricating their stories. DESIGN: Repeated interviews. SETTING: England, 1999 and 2000. PARTICIPANTS: Community sample of 27 Kosovan and 12 Bosnian refugees. MAIN OUTCOME MEASURES: Discrepancies in repeated descriptions of one traumatic and one non-traumatic event, including specific details, rated as central or peripheral to the event. Self report measures of post-traumatic stress disorder and depression. RESULTS: Discrepancies between an individual's accounts were common. For participants with high levels of post-traumatic stress, the number of discrepancies increased with length of time between interviews. More discrepancies occurred in details peripheral to the account than in details that were central to the account. CONCLUSION: The assumption that inconsistency of recall means that accounts have poor credibility is questionable. Discrepancies are likely to occur in repeated interviews. For refugees showing symptoms of high levels of post-traumatic stress, the length of the application process may also affect the number of discrepancies. Recall of details rated by the interviewee as peripheral to the account is more likely to be inconsistent than recall of details that are central to the account. Thus, such inconsistencies should not be relied on as indicating a lack of credibility.",openalex,openalex:analise_documental_elegibilidade:analise_documental_elegibilidade_1,0.0,CONCLUIDA,22.0,REVISAR_HUMANO,68.0,Análise documental e elegibilidade,Aborda confiabilidade de relatos em entrevistas repetidas e implicações para processos decisórios/documentais.,"Contexto de asilo/refúgio, não de incapacidade ou benefícios por incapacidade.","O estudo pode ser metodologicamente útil para discussão de consistência documental e credibilidade em avaliações, mas o domínio é asilo, não avaliação médico-pericial de incapacidade. Relevância é indireta.",PENDENTE,,,NAO_INICIADO,,PENDENTE,,,,,,,,
crossref:10.1093/ije/27.6.1026,"Permanent work incapacity, mortality and survival without work incapacity among occupations and social classes: a cohort study of ageing men in Geneva",Guberan,1998,International Journal of Epidemiology,10.1093/ije/27.6.1026,https://doi.org/10.1093/ije/27.6.1026,https://academic.oup.com/ije/article-pdf/27/6/1026/1940127/27-6-1026.pdf,,crossref,crossref:analise_documental_elegibilidade:analise_documental_elegibilidade_3,0.0,CONCLUIDA,22.0,REVISAR_HUMANO,67.0,Benefícios por incapacidade e avaliação médico-pericial,Título menciona incapacidade permanente para o trabalho.,"Parece estudo epidemiológico sobre mortalidade e incapacidade por ocupação/classe social, sem foco aparente em avaliação pericial, elegibilidade ou gestão de fluxos.","Pode oferecer contexto sobre incapacidade laboral e desigualdades, mas a contribuição para o desenho do processo de análise de requerimentos parece limitada pelo título.",PENDENTE,,,NAO_INICIADO,,PENDENTE,,,,,,,,
openalex:https://openalex.org/W4292202284,A framework for digital health equity,Safiya Richardson; Katharine Lawrence; Antoinette Schoenthaler; David Mann,2022,npj Digital Medicine,10.1038/s41746-022-00663-0,https://doi.org/10.1038/s41746-022-00663-0,https://www.nature.com/articles/s41746-022-00663-0.pdf,"We present a comprehensive Framework for Digital Health Equity, detailing key digital determinants of health (DDoH), to support the work of digital health tool creators in industry, health systems operations, and academia. The rapid digitization of healthcare may widen health disparities if solutions are not developed with these determinants in mind. Our framework builds on the leading health disparities framework, incorporating a digital environment domain. We examine DDoHs at the individual, interpersonal, community, and societal levels, discuss the importance of a root cause, multi-level approach, and offer a pragmatic case study that applies our framework.",openalex,openalex:equidade_qualidade_controle:equidade_qualidade_controle_1,0.0,CONCLUIDA,22.0,REVISAR_HUMANO,63.0,"Equidade territorial, qualidade e controle","Estudos que discutam acesso territorial, equidade, barreiras geográficas, inclusão de populações remotas ou desigualdades de acesso à avaliação médico-pericial.","Telemedicina exclusivamente assistencial, sem relação substantiva com avaliação de incapacidade, certificação, elegibilidade, triagem ou gestão de fluxos.","O artigo propõe um framework de equidade em saúde digital e pode oferecer insumos conceituais sobre desigualdades de acesso em soluções digitais. Contudo, o resumo não menciona avaliação de incapacidade, certificação médica, perícia remota ou benefícios; a aderência é apenas indireta.",PENDENTE,,,NAO_INICIADO,,PENDENTE,,,,,,,,
crossref:10.1787/888932790526,Figure 1.12. Incapacity-related public spending and disability benefit receipt rates in OECD countries,,,,10.1787/888932790526,https://doi.org/10.1787/888932790526,,,crossref,crossref:beneficios_incapacidade_avaliacao_medico_pericial:beneficios_incapacidade_avaliacao_medico_pericial_2,0.0,CONCLUIDA,22.0,REVISAR_HUMANO,61.0,"Capacidade, filas e alocação de serviços","Indicador comparado de gasto público e recebimento de benefícios por incapacidade, potencialmente útil para contexto de política e capacidade sistêmica.","Registro parece ser figura isolada, não estudo; sem resumo, periódico ou metadados suficientes.","O título é pertinente ao tema de benefícios por incapacidade em nível sistêmico, mas o objeto parece ser apenas uma figura de relatório/obra maior, sem evidência de análise sobre fluxo pericial, elegibilidade documental ou modalidades remotas.",PENDENTE,,,NAO_INICIADO,,PENDENTE,,,,,,,,
crossref:10.1007/springerreference_121145,"Disability Assessment, Psychological / Psychiatric Evaluation",,,SpringerReference,10.1007/springerreference_121145,https://doi.org/10.1007/springerreference_121145,,,crossref,crossref:telepericia_avaliacao_remota:telepericia_avaliacao_remota_1,0.0,CONCLUIDA,22.0,REVISAR_HUMANO,55.0,Benefícios por incapacidade e avaliação médico-pericial,Estudos que analisem certificação médica ou avaliação médico-pericial.,"Editorial, comentário, notícia, apresentação, resumo de congresso ou opinião sem análise, dados, revisão ou contribuição institucional verificável.","O título menciona diretamente avaliação psicológica/psiquiátrica de incapacidade, potencialmente relacionada à avaliação pericial. Porém o registro parece ser referência enciclopédica, sem resumo e sem evidência de contribuição analítica.",PENDENTE,,,NAO_INICIADO,,PENDENTE,,,,,,,,
openalex:https://openalex.org/W2219591537,"The Danish National Patient Registry: a review of content, data quality, and research potential",Morten Schmidt; Sigrún Alba Jóhannesdóttir Schmidt; Jakob Lynge Sandegaard; Véra Ehrenstein; Lars Pedersen; Henrik Toft Sørensen,2015,Clinical Epidemiology,10.2147/clep.s91125,https://doi.org/10.2147/clep.s91125,https://www.dovepress.com/getfile.php?fileID=28043,"BACKGROUND: The Danish National Patient Registry (DNPR) is one of the world's oldest nationwide hospital registries and is used extensively for research. Many studies have validated algorithms for identifying health events in the DNPR, but the reports are fragmented and no overview exists. OBJECTIVES: To review the content, data quality, and research potential of the DNPR. METHODS: We examined the setting, history, aims, content, and classification systems of the DNPR. We searched PubMed and the Danish Medical Journal to create a bibliography of validation studies. We included also studies that were referenced in retrieved papers or known to us beforehand. Methodological considerations related to DNPR data were reviewed. RESULTS: During 1977-2012, the DNPR registered 8,085,603 persons, accounting for 7,268,857 inpatient, 5,953,405 outpatient, and 5,097,300 emergency department contacts. The DNPR provides nationwide longitudinal registration of detailed administrative and clinical data. It has recorded information on all patients discharged from Danish nonpsychiatric hospitals since 1977 and on psychiatric inpatients and emergency department and outpatient specialty clinic contacts since 1995. For each patient contact, one primary and optional secondary diagnoses are recorded according to the International Classification of Diseases. The DNPR provides a data source to identify diseases, examinations, certain in-hospital medical treatments, and surgical procedures. Long-term temporal trends in hospitalization and treatment rates can be studied. The positive predictive values of diseases and treatments vary widely (<15%-100%). The DNPR data are linkable at the patient level with data from other Danish administrative registries, clinical registries, randomized controlled trials, population surveys, and epidemiologic field studies - enabling researchers to reconstruct individual life and health trajectories for an entire population. CONCLUSION: The DNPR is a valuable tool for epidemiological research. However, both its strengths and limitations must be considered when interpreting research results, and continuous validation of its clinical data is essential.",openalex,openalex:equidade_qualidade_controle:equidade_qualidade_controle_2; openalex:equidade_qualidade_controle:equidade_qualidade_controle_3,0.0,CONCLUIDA,20.0,REVISAR_HUMANO,68.0,"Equidade territorial, qualidade e controle","Estudos que tratem de qualidade decisória, confiabilidade, auditoria, controle, integridade, prevenção de fraude, revisão de decisões ou riscos associados à avaliação remota ou documental.",Textos sem relação substantiva com a pergunta de pesquisa ou com ao menos um eixo da matriz analítica.,"O artigo revisa conteúdo, qualidade de dados e potencial de pesquisa de um registro nacional de pacientes. Pode ser útil de forma indireta para temas de qualidade de dados e validação administrativa, mas o resumo não indica relação com benefícios por incapacidade, perícia ou fluxo decisório pericial.",PENDENTE,,,NAO_INICIADO,,PENDENTE,,,,,,,,
openalex:https://openalex.org/W2026623020,Certifying the cause of death: an audit of wording inaccuracies.,David Slater,1993,Journal of Clinical Pathology,10.1136/jcp.46.3.232,https://doi.org/10.1136/jcp.46.3.232,https://jcp.bmj.com/content/jclinpath/46/3/232.full.pdf,"AIMS: To audit wording and formulation inaccuracies in certifying the cause of death. METHODS: Five hundred causes of death were analysed from the counterfoils of medical death certificates (Form 66). Wording and formulation inaccuracies were defined as terms contrary to the notes given to doctors in books on death certificates. RESULTS: One or more inaccuracies were identified in 29% of cases. In 5.8% of cases, the inaccuracies were sufficiently serious to warrant further action or enquiry by the Registrar of Births and Deaths, including referral to Her Majesty's Coroner. CONCLUSIONS: Most inaccuracies could have been avoided by adhering to the notes for medical practitioners contained in books of death certificates. The wording and formulation of causes of death warrants special prominence in under-graduate and postgraduate medical education. The topic should be audited and medical practitioners should pay particular attention to cases worthy of referral to HM Coroner.",openalex,openalex:equidade_qualidade_controle:equidade_qualidade_controle_3,0.0,CONCLUIDA,20.0,REVISAR_HUMANO,63.0,Análise documental e elegibilidade,Estudos que abordem validação de atestados ou processos de decisão sobre certificação médica.,,"Audita imprecisões na certificação médica de causa de morte. Não é sobre incapacidade, mas aborda qualidade e erros em certificação médica documental, podendo ter utilidade metodológica indireta para controle e padronização documental.",PENDENTE,,,NAO_INICIADO,,PENDENTE,,,,,,,,
crossref:10.1016/j.medcle.2024.04.009,"Medical death certificate, need for the electronic medical certificate and its benefits for public health",Teijeira Alvarez; Bañón González; Castro Herranz; Moreno Iribas,2024,Medicina Clínica (English Edition),10.1016/j.medcle.2024.04.009,https://doi.org/10.1016/j.medcle.2024.04.009,,,crossref,crossref:analise_documental_elegibilidade:analise_documental_elegibilidade_2,0.0,CONCLUIDA,20.0,REVISAR_HUMANO,63.0,Análise documental e elegibilidade,Pode tangenciar certificação médica e documento eletrônico com possível utilidade para análise documental.,"Título indica foco em certificado de óbito e saúde pública, sem relação aparente com incapacidade laboral, benefícios por incapacidade ou avaliação médico-pericial.","O título trata de certificado médico de óbito eletrônico, não de benefícios por incapacidade. Sem resumo, a aderência à pergunta é fraca, embora haja alguma proximidade com documentação médica e certificação.",PENDENTE,,,NAO_INICIADO,,PENDENTE,,,,,,,,
semantic_scholar:30929a39a7374bd32fec20710d14f7c3ef60ff13,"An evaluation of the discriminant and predictive validity of relative social disadvantage as screening criteria for priority access to public general dental care, in Australia",K. Jones,2014,BMC Health Services Research,10.1186/1472-6963-14-106,https://www.semanticscholar.org/paper/30929a39a7374bd32fec20710d14f7c3ef60ff13,https://bmchealthservres.biomedcentral.com/counter/pdf/10.1186/1472-6963-14-106,"BackgroundMost public dental care services provide preventive, general dental care on a chronological, first come – first served basis. There is concern about lack of transparency, equity and timeliness in access to public dental services across Australia. Using social determinants as screening criteria is a novel approach to triage in dental care and is relatively untested in the literature. The research evaluated the discriminant and predictive validity of relative social disadvantage in prioritising access to public general dental care.MethodsA consecutive sample of 615 adults seeking general dental care was selected. The validation measure used was clinical assessment of priority. Nine indicators of relative social disadvantage (RSD) were collected: Indigenous status; intellectual disability; physical disability; wheelchair usage; dwelling conditions; serious medical condition; serious medical condition and taking regular medication; hospitalised within 12 months; and, regular medical visits. At the first dental visit, dentists rated care as a priority if treatment was required ≤6 months (PriorityTx) and otherwise non-priority (non-PriorityTx). A standardised dental examination was conducted. Sensitivity, specificity, positive and negative predictive value and area under the ROC curve analyses of 1+ of RSD in predicting clinical priority were calculated.ResultsIn bivariate analyses, one or more indicators of relative social disadvantage status were significantly associated with PriorityTx (P < 0.001; χ2). In multivariate analyses, one or more indicators of relative social disadvantage persisted as an independent predictor of PriorityTx (OR 3.8, 95% CI = 2.6-5.6). Compared with clinicians’ classification of PriorityTx, one or more indicators of relative social disadvantage had a sensitivity of 77.1%, and specificity of 53.3%, together with a positive predictive value of 81.9% and negative predictive value of 46.0%. ROC curve analysis supported one or more indicators of relative social disadvantage as a predictor of greater priority for access to general dental care (0.66).ConclusionsConsiderable heterogeneity exists among persons seeking public general dental care in New South Wales. RSD performs as a valid predictor of priority for access to treatment and acts as valid screening criteria for triaging priority access to treatment. Such indicators may address issues of inequality in access to general public oral health services.",semantic_scholar,semantic_scholar:equidade_qualidade_controle:equidade_qualidade_controle_1,0.0,CONCLUIDA,18.0,REVISAR_HUMANO,71.0,"Capacidade, filas e alocação de serviços","Estudos que analisem capacidade operacional, filas, tempo de espera, produtividade, priorização de casos ou gestão de demanda em serviços; estudos sobre triagem e critérios auditáveis de priorização.",Não trata de benefícios por incapacidade nem de avaliação médico-pericial de forma substantiva.,"O estudo avalia critérios de triagem para acesso prioritário a serviços odontológicos públicos, com foco em transparência, equidade e tempo de acesso. Embora seja fora do campo pericial e de benefícios por incapacidade, pode oferecer evidência metodológica útil sobre critérios de priorização e alocação de demanda. Relevância indireta, exigindo revisão humana.",PENDENTE,,,NAO_INICIADO,,PENDENTE,,,,,,,,
openalex:https://openalex.org/W2120778013,Improving the Reliability of Stroke Disability Grading in Clinical Trials and Clinical Practice,Jeffrey L. Saver; Bogdan Filip; Scott Hamilton; Anna Yanes; Sharon Craig; Michelle Cho; Robin Conwit; Sidney Starkman,2010,Stroke,10.1161/strokeaha.109.571364,https://doi.org/10.1161/strokeaha.109.571364,https://www.ahajournals.org/doi/pdf/10.1161/STROKEAHA.109.571364,"BACKGROUND AND PURPOSE: The modified Rankin Scale rates global disability after stroke and is the most comprehensive and widely used primary outcome measure in acute stroke trials. However, substantial interobserver variability in modified Rankin Scale scoring has been reported. This study sought to develop and validate a short, practicable structured assessment that would enhance interrater reliability. METHODS: The Rankin Focused Assessment was developed by selecting and refining elements from prior instruments. The Rankin Focused Assessment takes 3 to 5 minutes to apply and provides clear, operationalized criteria to distinguish the 7 assignable global disability levels. The Rankin Focused Assessment was prospectively validated 3 months poststroke among 50 consecutive patients enrolled in the Phase 3 National Institutes of Health Field Administration of Stroke Therapy-Magnesium (FAST-MAG) Trial. RESULTS: Among the 50 patients, mean age was 71.5 years (range, 43 to 93 years), 48% were female, and stroke subtype was hemorrhagic in 24%. At Day 90, 43 patients were alive and 7 had died. The modified Rankin Scale median was 2.0 and mean was 2.8. When pairs of 14 raters assessed all enrolled patients, the percent agreement was 94%, the weighted kappa was 0.99 (95% CI, 0.99 to 1.0), and the unweighted kappa was 0.93 (95% CI, 0.85 to 1.00). Among the 43 surviving patients, the percent agreement was 93%, the weighted kappa was 0.99 (0.98 to 1.0), and the unweighted kappa was 0.91 (0.82 to 1.00). CONCLUSIONS: The Rankin Focused Assessment yields high interrater reliability in the grading of final global disability among consecutive patients with stroke participating in a randomized clinical trial. The Rankin Focused Assessment is brief and practical for use in multicenter clinical trials and quality improvement activities.",openalex,openalex:telepericia_avaliacao_remota:telepericia_avaliacao_remota_1,0.0,CONCLUIDA,18.0,REVISAR_HUMANO,63.0,"Equidade territorial, qualidade e controle","Estudos que tratem de qualidade decisória, confiabilidade, auditoria, controle ou riscos associados à avaliação.",Pode ser excluído por foco clínico se não houver utilidade transferível para avaliação médico-pericial.,"O estudo aborda confiabilidade interobservador e instrumento estruturado para graduação de incapacidade pós-AVC. Não é sobre benefícios ou perícia administrativa, mas pode oferecer evidência metodológica sobre padronização e qualidade decisória em avaliações de incapacidade. A aderência é indireta.",PENDENTE,,,NAO_INICIADO,,PENDENTE,,,,,,,,
semantic_scholar:dc573335c8d5fb7b48c3eae3c2d2c29918988702,Making virtual health care accessible to the deaf community: Findings from the telehealth survey,Ashley Mussallem; T. Panko; Jessica Contreras; M. Plegue; W. Dannels; Gretchen Roman; P. Hauser; Michael McKee,2022,Journal of Telemedicine and Telecare,10.1177/1357633x221074863,https://www.semanticscholar.org/paper/dc573335c8d5fb7b48c3eae3c2d2c29918988702,,"Introduction To reduce COVID-19 exposure risk, virtual visits became widely adopted as a common form of healthcare delivery for the general population. It is unknown how this affected the deaf population, a sociolinguistic minority group that continues to face communication and healthcare barriers. The survey's objective was to describe the deaf participants’ experiences with telehealth visits. Methods A 28-item online survey, available in American Sign Language and English, was developed and disseminated between November 2020 and January 2021. Ninety-nine deaf participants responded. Descriptive statistics were performed to assess the participant's virtual health care use, experiences, and communication approaches. Results Seventy-five percent of respondents used telehealth at least once in the past 12 months (n = 74; age = 37.6 ± 14.5 years). Of those who used telehealth, nearly two-thirds experienced communication challenges (65.3%; n = 49). Half of the participants reported having to connect via a video relay service that employs interpreters who maintain general certification instead of a remote interpreter with specialized health care interpreting certifications for video visits with their health care providers (n = 37) and a third of participants reported needing to use their residual hearing to communicate with their providers (n = 25). Conclusion Standard protocols for health care systems and providers are needed to minimize the burden of access on deaf patients and ensure virtual visits are equitable. It is recommended these visits be offered on Health Insurance Portability and Accountability Act-compliant platforms and include multi-way video to allow for the inclusion of remote medical interpreters and/or real-time captionists to ensure effective communication between the provider and the deaf patient occurs.",semantic_scholar,semantic_scholar:telepericia_avaliacao_remota:telepericia_avaliacao_remota_3,0.0,CONCLUIDA,18.0,REVISAR_HUMANO,63.0,"Equidade territorial, qualidade e controle","Estudos que discutam acesso territorial, equidade, barreiras geográficas, inclusão de populações remotas ou desigualdades de acesso à avaliação médico-pericial.","Telemedicina exclusivamente assistencial, sem relação substantiva com avaliação de incapacidade, certificação, elegibilidade, triagem ou gestão de fluxos.","Estudo sobre acessibilidade da telehealth para comunidade surda, com foco em barreiras de comunicação e certificação de intérpretes. Não trata diretamente de incapacidade/perícia, mas pode oferecer evidência indireta sobre equidade e riscos de avaliação remota.",PENDENTE,,,NAO_INICIADO,,PENDENTE,,,,,,,,
openalex:https://openalex.org/W2089666656,MRSA as an occupational disease: a case series,Frank Haamann; Madeleine Dulon; Albert Nienhaus,2011,International Archives of Occupational and Environmental Health,10.1007/s00420-010-0610-7,https://doi.org/10.1007/s00420-010-0610-7,https://link.springer.com/content/pdf/10.1007/s00420-010-0610-7.pdf,"OBJECTIVES: Occupationally acquired infection with methicillin-resistant Staphylococcus aureus (MRSA) is an issue of increasing concern. However, the number of cases of occupational disease (OD) due to MRSA in healthcare workers (HCWs) and the characteristics of such cases have not been reported for Germany. METHODS: Cases of OD due to MRSA were identified from the database of a compensation board (BGW) for the years 2006 and 2007 and the individual files analyzed. The variables extracted from these data were occupation, workplace, workplace exposure, and the reasons for recognizing a claim as an OD. Seven cases were selected due to the specific characteristics of their medical history and described in more detail. RESULTS: Over a 2-year period, a total of 389 MRSA-related claims were reported to the BGW, of which 17 cases with infections were recognized as an OD. The reasons for not recognizing claims as an OD were either a lack of symptomatic infection or lack of a work-related MRSA exposure. The recognized cases were predominantly among staff in hospitals and nursing homes. The most frequent infection sites were ears, nose, and throat, followed by skin infections. Three cases exhibited secondary infection of the joints, associated with skin damage primarily caused by trauma. There was only one case in which a genetic link between an MRSA-infected index patient and MRSA in a HCW was documented. MRSA infections were recognized as an OD due to known contact with MRSA-positive patients or because workplace conditions were presumed to involve increased exposure to MRSA. Long-term incapacity resulted in four cases. CONCLUSION: MRSA infection can cause severe health problems in HCWs that may lead to long-term incapacity. As recognition of HCW claims often depends on workplace characteristics, improved surveillance of MRSA infections in HCWs would facilitate the recognition of MRSA infections as an OD.",openalex,openalex:analise_documental_elegibilidade:analise_documental_elegibilidade_3,0.0,CONCLUIDA,18.0,REVISAR_HUMANO,63.0,Benefícios por incapacidade e avaliação médico-pericial,"Analisa reconhecimento de doença ocupacional e razões para deferimento/indeferimento de claims, com alguma relação a decisão administrativa.",Pode ser predominantemente clínico-ocupacional e não centrado em benefícios por incapacidade ou fluxo pericial.,"O estudo examina claims, critérios de reconhecimento e motivos de não reconhecimento de doença ocupacional por uma compensation board. Há relação parcial com certificação e decisão administrativa, mas não está claro se contribui ao redesenho do fluxo de incapacidade.",PENDENTE,,,NAO_INICIADO,,PENDENTE,,,,,,,,
crossref:10.1136/bmj.313.7066.1206a,Invalidity benefit has been superseded by incapacity benefit,Snell,1996,BMJ,10.1136/bmj.313.7066.1206a,https://doi.org/10.1136/bmj.313.7066.1206a,https://www.ncbi.nlm.nih.gov/pmc/articles/2352495,,crossref,crossref:beneficios_incapacidade_avaliacao_medico_pericial:beneficios_incapacidade_avaliacao_medico_pericial_2,0.0,CONCLUIDA,18.0,REVISAR_HUMANO,58.0,Benefícios por incapacidade e avaliação médico-pericial,"Menciona benefício por incapacidade, potencialmente relacionado a desenho institucional de elegibilidade/avaliação.","Sem resumo; título sugere nota breve sobre substituição de benefício, possivelmente sem análise empírica ou de fluxo.","O título indica relação com benefício por incapacidade, mas a ausência de resumo e o formato aparente de correspondência/nota em BMJ impedem verificar contribuição substantiva para avaliação pericial, triagem, teleavaliação ou gestão de filas.",PENDENTE,,,NAO_INICIADO,,PENDENTE,,,,,,,,
crossref:10.1080/09638288.2018.1468931,Disability concentration and access to rehabilitation services: a pilot spatial assessment applying geographic information system analysis,Gao; Foster; Liu,2019,Disability and Rehabilitation,10.1080/09638288.2018.1468931,https://doi.org/10.1080/09638288.2018.1468931,,,crossref,crossref:equidade_qualidade_controle:equidade_qualidade_controle_1,0.0,CONCLUIDA,18.0,REVISAR_HUMANO,55.0,"Equidade territorial, qualidade e controle","Aborda acesso territorial/geográfico a serviços relacionados à deficiência, potencialmente útil ao eixo de equidade territorial.","Não há indicação explícita de avaliação médico-pericial, benefícios por incapacidade, elegibilidade ou gestão de filas/fluxos.","O título sugere análise espacial de acesso a serviços de reabilitação, o que pode informar barreiras geográficas e equidade. Contudo, parece focado em reabilitação assistencial, não em avaliação pericial ou benefícios; relevância provavelmente indireta.",PENDENTE,,,NAO_INICIADO,,PENDENTE,,,,,,,,
crossref:10.1016/s0025-7125(16)32273-8,Evaluation of Disability and Assessment of Operative Risk,Diener,1973,Medical Clinics of North America,10.1016/s0025-7125(16)32273-8,https://doi.org/10.1016/s0025-7125(16)32273-8,,,crossref,crossref:telepericia_avaliacao_remota:telepericia_avaliacao_remota_1,0.0,CONCLUIDA,18.0,REVISAR_HUMANO,52.0,Benefícios por incapacidade e avaliação médico-pericial,Estudos que analisem certificação médica ou avaliação médico-pericial.,"Estudos clínicos que não contribuam para compreender processos de avaliação médico-pericial, decisão administrativa, capacidade, acesso, qualidade ou controle.","O título menciona avaliação de incapacidade, mas associado a risco operatório em periódico clínico. Sem resumo, não é possível saber se há componente pericial/administrativo ou apenas clínico.",PENDENTE,,,NAO_INICIADO,,PENDENTE,,,,,,,,
semantic_scholar:675072b2ad68a4a362667024c2700ce86fce2ef1,Cross-sectoral collaboration by telehealth for prevention of acute admissions in elderly,Janne Ramussen; K. Andersen-Ranberg; A. Fournaise,2016,,10.5334/ijic.2583,https://www.semanticscholar.org/paper/675072b2ad68a4a362667024c2700ce86fce2ef1,https://www.ijic.org/articles/10.5334/ijic.2583/galley/3414/download/,"Introduction: High age is associated with an increased risk of hospital-demanding disease. In only 20 years, the number of 80+ in Denmark will double from approximately 238,000 in 2015 to 470,000 in 2035. Despite the increasing number of aged persons, the number of hospital beds in Denmark are being reduced as new ‘super-hospitals’ are built across the country. In response, health care delivery organisations and authorities have focused their efforts on avoiding acute short-term ( Description of care practice: Consequently, there is a demanding need for rethinking current practices and finding alternative ways by which it is possible to diagnose potentially acute patients quickly and initiate proper treatment. Building on the existing collaboration and practises in the Danish healthcare system between general practices, home care delivered by the municipalities and secondary care (hospitals) and the technological infrastructure available in Region of Southern Denmark, PAATH (Prevention of Acute Admissions by Telehealth) will facilitate new cross-sectoral procedures that strengthen the collaboration for the benefit of patients (70+). PAATH’s aim is to demonstrate if by utilising existing technological solutions, we can develop and demonstrate a complete process from home-monitoring of patient’s vital signs to remote specialist consultation that can ultimately prevent acute admissions to hospital. Acute team nurses in Svendborg Municipality are equipped with a “GERI-suitcase” containing a range of devices to measure vital signs, blood tests, bladder scan etc. The data from the devices are automatically transferred via a tablet (which also enables real-time video consultation) to a joint IT platform, where the GP, hospital, home care and the patient all have access and are able to see the data. The treating doctor will thus have immediate access to the data and a much clearer picture of the patient’s current situation and thereby a qualified foundation for deciding the treatment and next steps, i.e. if the patient can be treated at home, at the geriatric outpatient clinic or admissions is required. The GERI-suitcase concept is tested for an eight-month period between July 2016 and February 2017. Conclusion and discussion: With the intention of demonstrating the potential in new cross-sectoral work procedures and telehealth supported home-monitoring by acute team for the prevention of acute admissions of elderly medical patients, PAATH began in January 2016 and is in the process of testing the GERI-suitcase in real-life settings. The purpose of PAATH is to demonstrate if it is technically, medically, organisationally and culturally feasible. Effectiveness (reduction in acute admissions, contacts to GP and home care services) will be far more scientifically and rigorously evaluated in further studies that are planned to succeed PAATH. References: 1. Fournaise AV, Espensen N, Jakobsen S, Ronhof K, Andersen-Ranberg K. Monitoring primary health care utilization in order to prevent acute hospitalization of older patients. 11 th International Congress of the European Union Geriatric Medicine Society 2015. 2. Rytter L, Jakobsen HN, Ronholt F, Hammer AV, Andreasen AH, Nissen A, Kjellberg J. Comprehensive discharge follow-up in patients’ homes by GPs and district nurses of elderly patients. Scandinavian Journal of Primary Health Care 2010;28:3, 146-153.",semantic_scholar,semantic_scholar:telepericia_avaliacao_remota:telepericia_avaliacao_remota_3,0.0,CONCLUIDA,15.0,REVISAR_HUMANO,58.0,"Capacidade, filas e alocação de serviços","Estudos que analisem capacidade operacional, filas, tempo de espera, produtividade, priorização de casos, alocação de profissionais ou gestão de demanda em serviços; Estudos que examinem telemedicina aplicada à avaliação ou modalidades remotas.","Telemedicina exclusivamente assistencial, sem relação substantiva com avaliação de incapacidade, certificação, elegibilidade, triagem ou gestão de fluxos.","Estudo sobre colaboração intersetorial por telehealth para prevenir admissões agudas em idosos, com redesenho de procedimentos e resposta à capacidade hospitalar. É mais assistencial que pericial, mas pode ter utilidade indireta sobre organização de fluxos e capacidade.",PENDENTE,,,NAO_INICIADO,,PENDENTE,,,,,,,,
openalex:https://openalex.org/W2140342533,Discrepancies between clinical and autopsy diagnosis and the value of post mortem histology; a meta‐analysis and review,J. Roulson; E W Benbow; P S Hasleton,2005,Histopathology,10.1111/j.1365-2559.2005.02243.x,https://doi.org/10.1111/j.1365-2559.2005.02243.x,https://onlinelibrary.wiley.com/doi/pdfdirect/10.1111/j.1365-2559.2005.02243.x,"The autopsy is in decline, despite the fact that accurate mortality statistics remain essential for public health and health service planning. The falling autopsy rate combined with the Coroners Review and Human Tissue Act have contributed to this decline, and to a falling use of autopsy histology, with potential impact on clinical audit and mortality statistics. At a time when the need for reform and improvement in the death certification process is so prominent, we felt it important to assess the value of the autopsy and autopsy histology. We carried out a meta-analysis of discrepancies between clinical and autopsy diagnoses and the contribution of autopsy histology. There has been little improvement in the overall rate of discrepancies between the 1960s and the present. At least a third of death certificates are likely to be incorrect and 50% of autopsies produce findings unsuspected before death. In addition, the cases which give rise to discrepancies cannot be identified prior to autopsy. Over 20% of clinically unexpected autopsy findings, including 5% of major findings, can be correctly diagnosed only by histological examination. Although the autopsy and particularly autopsy histology are being undermined, they are still the most accurate method of determining the cause of death and auditing accuracy of clinical diagnosis, diagnostic tests and death certification.",openalex,openalex:equidade_qualidade_controle:equidade_qualidade_controle_3,0.0,CONCLUIDA,14.0,REVISAR_HUMANO,63.0,"Equidade territorial, qualidade e controle","Estudos que tratem de qualidade decisória, confiabilidade, auditoria, controle, integridade, prevenção de fraude, revisão de decisões ou riscos associados à avaliação remota ou documental.","Estudos clínicos que não contribuam para compreender processos de avaliação médico-pericial, decisão administrativa, capacidade, acesso, qualidade ou controle.","Meta-análise sobre discrepâncias entre diagnóstico clínico e autópsia, com foco em certificação de óbito, acurácia diagnóstica e valor de revisão/histologia. Não trata de incapacidade, mas toca em confiabilidade decisória e certificação médica. A aderência é indireta e provavelmente limitada, exigindo revisão humana.",PENDENTE,,,NAO_INICIADO,,PENDENTE,,,,,,,,
crossref:10.1037/e529732014-001,Assessment of Medical Decision-Making Capacity in Acutely Ill Medical Patients,Jackson,2014,PsycEXTRA Dataset,10.1037/e529732014-001,https://doi.org/10.1037/e529732014-001,,,crossref,crossref:capacidade_filas_alocacao:capacidade_filas_alocacao_2,0.0,CONCLUIDA,12.0,REVISAR_HUMANO,63.0,Benefícios por incapacidade e avaliação médico-pericial,"Pode tangenciar avaliação de capacidade/decisão médica, dependendo do conteúdo.","Avaliação de capacidade decisional clínica, não necessariamente relacionada a incapacidade laboral, benefícios ou perícia administrativa.","O título refere-se à avaliação de capacidade para tomada de decisão médica em pacientes agudamente enfermos. Há proximidade terminológica com avaliação, mas o foco aparente é capacidade decisional clínica, não elegibilidade para benefícios por incapacidade.",PENDENTE,,,NAO_INICIADO,,PENDENTE,,,,,,,,
crossref:10.57187/smw.2019.20058,Medical-ethical guidelines: Assessment of capacity in medical practice,Swiss Medical Weekly,2019,Swiss Medical Weekly,10.57187/smw.2019.20058,https://doi.org/10.57187/smw.2019.20058,https://smw.ch/index.php/smw/article/download/2578/4060,,crossref,crossref:capacidade_filas_alocacao:capacidade_filas_alocacao_2,0.0,CONCLUIDA,10.0,REVISAR_HUMANO,60.0,"Equidade territorial, qualidade e controle","Pode contribuir marginalmente para critérios, confiabilidade e controle em avaliações médicas, se houver discussão aplicável.","Diretrizes ético-clínicas sobre capacidade em prática médica, sem relação explícita com benefícios por incapacidade ou perícia administrativa.","O título sugere diretrizes sobre avaliação de capacidade em prática médica geral. Pode ter utilidade conceitual limitada sobre padronização e controle, mas não há indicação de foco em incapacidade laboral, certificação ou fluxo pericial.",PENDENTE,,,NAO_INICIADO,,PENDENTE,,,,,,,,
openalex:https://openalex.org/W2107829061,Usefulness of the Medical Research Council (MRC) dyspnoea scale as a measure of disability in patients with chronic obstructive pulmonary disease,Janine Bestall; Elizabeth Paul; R. Garrod; R Garnham; Paul Jones; Jadwiga A. Wedzicha,1999,Thorax,10.1136/thx.54.7.581,https://doi.org/10.1136/thx.54.7.581,https://thorax.bmj.com/content/thoraxjnl/54/7/581.full.pdf,"BACKGROUND: Methods of classifying chronic obstructive pulmonary disease (COPD) depend largely upon spirometric measurements but disability is only weakly related to measurements of lung function. With the increased use of pulmonary rehabilitation, a need has been identified for a simple and standardised method of categorising disability in COPD. This study examined the validity of the Medical Research Council (MRC) dyspnoea scale for this purpose. METHODS: One hundred patients with COPD were recruited from an outpatient pulmonary rehabilitation programme. Assessments included the MRC dyspnoea scale, spirometric tests, blood gas tensions, a shuttle walking test, and Borg scores for perceived breathlessness before and after exercise. Health status was assessed using the St George's Respiratory Questionnaire (SGRQ) and Chronic Respiratory Questionnaire (CRQ). The Nottingham Extended Activities of Daily Living (EADL) score and Hospital Anxiety and Depression (HAD) score were also measured. RESULTS: Of the patients studied, 32 were classified as having MRC grade 3 dyspnoea, 34 MRC grade 4 dyspnoea, and 34 MRC grade 5 dyspnoea. Patients with MRC grades 1 and 2 dyspnoea were not included in the study. There was a significant association between MRC grade and shuttle distance, SGRQ and CRQ scores, mood state and EADL. Forced expiratory volume in one second (FEV1) was not associated with MRC grade. Multiple logistic regression showed that the determinants of disability appeared to vary with the level of disability. Between MRC grades 3 and 4 the significant covariates were exercise performance, SGRQ and depression score, whilst between grades 4 and 5 exercise performance and age were the major determinants. CONCLUSIONS: The MRC dyspnoea scale is a simple and valid method of categorising patients with COPD in terms of their disability that could be used to complement FEV1 in the classification of COPD severity.",openalex,openalex:beneficios_incapacidade_avaliacao_medico_pericial:beneficios_incapacidade_avaliacao_medico_pericial_1,0.0,CONCLUIDA,8.0,REVISAR_HUMANO,72.0,Benefícios por incapacidade e avaliação médico-pericial,Estudos que analisem certificação médica ou avaliação médico-pericial; estudos que abordem processos de decisão sobre incapacidade.,,"O estudo avalia uma escala de dispneia como medida de disability em DPOC. Pode informar mensuração funcional relevante para certificação/incapacidade, mas o resumo não indica uso em contexto administrativo, pericial ou de benefícios.",PENDENTE,,,NAO_INICIADO,,PENDENTE,,,,,,,,
openalex:https://openalex.org/W3189293521,"Long Covid in adults discharged from UK hospitals after Covid-19: A prospective, multicentre cohort study using the ISARIC WHO Clinical Characterisation Protocol",Louise Sigfrid; Thomas M Drake; Ellen Pauley; Edwin C. Jesudason; Piero Olliaro; Wei Shen Lim; Annelies Gillesen; Colin Berry; David J. Lowe; Joanne McPeake; Nazir Lone; Daniel Munblit; Müge Çevik; Anna Casey; Peter Bannister; Clark D Russell; Lynsey Goodwin; Antonia Ho; Lance Turtle; Margaret O’Hara; Claire Hastie; Chloe Donohue; Rebecca G. Spencer; Cara Donegan; Alison Gummery; Janet Harrison; Hayley Hardwick; Claire E. Hastie; Gail Carson; Laura Merson; J. Kenneth Baillie; Peter Openshaw; Ewen M. Harrison; Annemarie B Docherty; Malcolm G. Semple; J. T. Scott,2021,The Lancet Regional Health - Europe,10.1016/j.lanepe.2021.100186,https://doi.org/10.1016/j.lanepe.2021.100186,http://www.thelancet.com/article/S2666776221001630/pdf,"BACKGROUND: This study sought to establish the long-term effects of Covid-19 following hospitalisation. METHODS: 327 hospitalised participants, with SARS-CoV-2 infection were recruited into a prospective multicentre cohort study at least 3 months post-discharge. The primary outcome was self-reported recovery at least ninety days after initial Covid-19 symptom onset. Secondary outcomes included new symptoms, disability (Washington group short scale), breathlessness (MRC Dyspnoea scale) and quality of life (EQ5D-5L). FINDINGS: 55% of participants reported not feeling fully recovered. 93% reported persistent symptoms, with fatigue the most common (83%), followed by breathlessness (54%). 47% reported an increase in MRC dyspnoea scale of at least one grade. New or worse disability was reported by 24% of participants. The EQ5D-5L summary index was significantly worse following acute illness (median difference 0.1 points on a scale of 0 to 1, IQR: -0.2 to 0.0). Females under the age of 50 years were five times less likely to report feeling recovered (adjusted OR 5.09, 95% CI 1.64 to 15.74), were more likely to have greater disability (adjusted OR 4.22, 95% CI 1.12 to 15.94), twice as likely to report worse fatigue (adjusted OR 2.06, 95% CI 0.81 to 3.31) and seven times more likely to become more breathless (adjusted OR 7.15, 95% CI 2.24 to 22.83) than men of the same age. INTERPRETATION: Survivors of Covid-19 experienced long-term symptoms, new disability, increased breathlessness, and reduced quality of life. These findings were present in young, previously healthy working age adults, and were most common in younger females. FUNDING: National Institute for Health Research, UK Medical Research Council, Wellcome Trust, Department for International Development and the Bill and Melinda Gates Foundation.",openalex,openalex:analise_documental_elegibilidade:analise_documental_elegibilidade_1,0.0,CONCLUIDA,8.0,REVISAR_HUMANO,63.0,Benefícios por incapacidade e avaliação médico-pericial,"Estudo empírico que mede incapacidade/disability após doença, potencialmente útil para compreender demanda por benefícios por incapacidade.","Estudo clínico sem contribuição explícita para processos de avaliação médico-pericial, decisão administrativa ou gestão de fluxos.","O resumo aborda incapacidade funcional pós-Covid e recuperação, mas não menciona perícia, certificação, elegibilidade ou organização de atendimento. Pode ter utilidade contextual sobre demanda, porém a aderência ao fluxo pericial é indireta.",PENDENTE,,,NAO_INICIADO,,PENDENTE,,,,,,,,
crossref:10.1136/bmjebm-2024-112866,Equity of access to healthcare for a patient with a severe intellectual disability,Anonymous,2024,BMJ Evidence-Based Medicine,10.1136/bmjebm-2024-112866,https://doi.org/10.1136/bmjebm-2024-112866,https://ebm.bmj.com/content/ebmed/29/3/207.full.pdf,,crossref,crossref:equidade_qualidade_controle:equidade_qualidade_controle_1,0.0,CONCLUIDA,8.0,REVISAR_HUMANO,42.0,"Equidade territorial, qualidade e controle","Pode tangenciar acesso/equidade em saúde e deficiência, potencialmente relevante ao eixo de equidade de acesso.","Não há indicação explícita de benefícios por incapacidade, avaliação médico-pericial, elegibilidade, triagem documental ou gestão de fluxos.","O título trata de equidade de acesso à saúde para pessoa com deficiência intelectual grave, tema parcialmente relacionado ao eixo de equidade. Porém, sem resumo e sem menção explícita a perícia, certificação, incapacidade laboral ou benefícios, a aderência à pergunta da revisão é incerta e aparentemente periférica.",PENDENTE,,,NAO_INICIADO,,PENDENTE,,,,,,,,
openalex:https://openalex.org/W2027013776,"Use of The International Classification of Functioning, Disability and Health (ICF) as a conceptual framework and common language for disability statistics and health information systems",Nenad Kostanjsek,2011,BMC Public Health,10.1186/1471-2458-11-s4-s3,https://doi.org/10.1186/1471-2458-11-s4-s3,https://bmcpublichealth.biomedcentral.com/counter/pdf/10.1186/1471-2458-11-S4-S3,"A common framework for describing functional status information is needed in order to make this information comparable and of value. The World Health Organization's International Classification of Functioning, Disability and Health (ICF), which has been approved by all its member states, provides this common language and framework. The article provides an overview of ICF taxonomy, introduces the conceptual model which underpins ICF and elaborates on how ICF is used at population and clinical level. Furthermore, the article presents key features of the ICF tooling environment and outlines current and future developments of the classification.",openalex,openalex:analise_documental_elegibilidade:analise_documental_elegibilidade_2,0.0,CONCLUIDA,7.0,REVISAR_HUMANO,71.0,"Equidade territorial, qualidade e controle","Discute estrutura conceitual e linguagem comum para estatísticas de incapacidade e sistemas de informação em saúde, potencialmente útil para padronização e auditabilidade.","Não aborda explicitamente benefícios por incapacidade, perícia médica, triagem documental ou modalidades remotas de avaliação.","Pode contribuir indiretamente para critérios auditáveis e padronização da avaliação de funcionalidade/incapacidade, mas a conexão com o fluxo pericial e decisão administrativa não está explícita no resumo.",PENDENTE,,,NAO_INICIADO,,PENDENTE,,,,,,,,
openalex:https://openalex.org/W2499020854,Mental Disability in Victorian England,David Wright,2001,,10.1093/acprof:oso/9780199246397.001.0001,https://doi.org/10.1093/acprof:oso/9780199246397.001.0001,,"Abstract This book contributes to the growing scholarly interest in the history of disability by investigating the emergence of the so-called idiot asylums in England during the Victorian period. Using the National Asylum for Idiots, now known as the Earlswood Asylum, as a case study, it investigates the social history of institutionalisation, privileging the relationship between the medical institution and the society whence its patients came. By concentrating on the importance of patient-centred admission documents, and utilising the benefits of nominal record linkage to other, non-medical sources, the book extends research on the confinement of the ‘insane’ to the networks of care and control that operated outside the walls of the asylum. The book contends that institutional confinement of mentally disabled and mentally ill individuals in the 19th century cannot be understood independently of a detailed analysis of familial and community patterns of care. In this book, the family plays a significant role in the history of the asylum, initiating the identification of mental disability, participating in the certification process, mediating medical treatment, and facilitating discharge back into the community. By exploring the patterns of confinement to the Earlswood Asylum, the book reveals the diversity of the insane population in Victorian England and the complexities of institutional committal in the 19th century. Moreover, by investigating the evolution of the Earlswood Asylum, it examines the history of the institution where John Langdon Down made his now famous identification of Mongolism, later renamed Down's Syndrome. He thus places the formulation of this archetype of mental disability within its historical, cultural, and scientific contexts.",openalex,openalex:analise_documental_elegibilidade:analise_documental_elegibilidade_2,0.0,CONCLUIDA,6.0,REVISAR_HUMANO,61.0,Benefícios por incapacidade e avaliação médico-pericial,"Aborda identificação de deficiência, documentos de admissão e processo de certificação em estudo histórico institucional.","Contexto histórico do século XIX, possivelmente distante da pergunta sobre desenho contemporâneo de fluxo pericial e gestão operacional.","O resumo menciona documentos de admissão, identificação de deficiência e certification process, o que tangencia avaliação/certificação. Contudo, é obra histórica sobre asilos vitorianos, com aplicabilidade incerta ao escopo principal.",PENDENTE,,,NAO_INICIADO,,PENDENTE,,,,,,,,
semantic_scholar:d5ce501a0e94b2a9486a96f2a458bc7bf96935ee,Knowledge of Medical Certificate of Cause of Death amongst Doctors and Errors in Certification,Aarati B. Pokale; Mandar Karmarkar,2016,,10.5958/2394-6776.2016.00035.7,https://www.semanticscholar.org/paper/d5ce501a0e94b2a9486a96f2a458bc7bf96935ee,https://doi.org/10.5958/2394-6776.2016.00035.7,,semantic_scholar,semantic_scholar:equidade_qualidade_controle:equidade_qualidade_controle_3,0.0,CONCLUIDA,4.0,REVISAR_HUMANO,58.0,Análise documental e elegibilidade,"Pode abordar certificação médica e erros em documentos médicos, potencialmente relevante para validação documental.","Registros sem título, resumo ou metadados suficientes para triagem humana.","O título sugere relação com conhecimento e erros na certificação médica de causa de morte, o que pode tangenciar qualidade documental. Porém não há resumo e o tema não indica claramente avaliação de incapacidade ou benefícios; relevância é incerta e exige revisão humana.",PENDENTE,,,NAO_INICIADO,,PENDENTE,,,,,,,,
semantic_scholar:8e6dd0c2dafde66bb71dbc60a29f06712559d2a3,Writing the patient down and out: the construal of the patient in medical certificates of disability.,Guri Aarseth; B. Natvig; Eivind Engebretsen; Eva Maagerø; A. Lie,2016,Sociology of Health and Illness,10.1111/1467-9566.12481,https://www.semanticscholar.org/paper/8e6dd0c2dafde66bb71dbc60a29f06712559d2a3,https://www.duo.uio.no/bitstream/10852/68312/3/phd-Aarseth-2019.pdf,,pubmed; semantic_scholar,pubmed:analise_documental_elegibilidade:analise_documental_elegibilidade_2; pubmed:beneficios_incapacidade_avaliacao_medico_pericial:beneficios_incapacidade_avaliacao_medico_pericial_3; semantic_scholar:analise_documental_elegibilidade:analise_documental_elegibilidade_2,0.0,CONCLUIDA,72.0,INCERTO_METADADOS,67.0,Análise documental e elegibilidade,"Pelo título, aborda a construção do paciente em certificados médicos de deficiência.","Resumo ausente, insuficiente para confirmar escopo, método e utilidade para a pergunta da revisão.","O título sugere forte relação com certificados de deficiência e análise documental, possivelmente semelhante a estudos sobre linguagem e decisão em certificados. Porém, sem resumo, faltam elementos para confirmar aderência substantiva e tipo de evidência.",PENDENTE,,,NAO_INICIADO,,PENDENTE,,,,,,,,
crossref:10.1057/9781137314277.0006,Disability Benefits in the UK,Beatty; Fothergill,,"Disability Benefits, Welfare Reform and Employment Policy",10.1057/9781137314277.0006,https://doi.org/10.1057/9781137314277.0006,,,crossref,crossref:analise_documental_elegibilidade:analise_documental_elegibilidade_2; crossref:capacidade_filas_alocacao:capacidade_filas_alocacao_1,0.0,CONCLUIDA,60.0,INCERTO_METADADOS,61.0,Benefícios por incapacidade e avaliação médico-pericial,"Título indica discussão sobre benefícios por incapacidade no Reino Unido, potencialmente relevante como experiência comparada.","Sem resumo, não é possível confirmar se aborda avaliação, elegibilidade, triagem documental, filas, teleavaliação ou controle.","O tema geral é pertinente, mas os metadados não permitem aferir contribuição substantiva para o redesenho do fluxo de análise pericial.",PENDENTE,,,NAO_INICIADO,,PENDENTE,,,,,,,,
semantic_scholar:f1e4da475ca26be3114abacfbfdc75a776aa17c1,[Medical certification standards in the evaluation of inability to work].,T. Kaczmarek; J. Marcinkowski,2007,Archives of Forensic Medicine and Criminology,,https://www.semanticscholar.org/paper/f1e4da475ca26be3114abacfbfdc75a776aa17c1,,,pubmed; semantic_scholar,pubmed:beneficios_incapacidade_avaliacao_medico_pericial:beneficios_incapacidade_avaliacao_medico_pericial_3; semantic_scholar:beneficios_incapacidade_avaliacao_medico_pericial:beneficios_incapacidade_avaliacao_medico_pericial_3,0.0,CONCLUIDA,58.0,INCERTO_METADADOS,72.0,Análise documental e elegibilidade,"Estudos que abordem certificação médica, elegibilidade ou padrões de avaliação da incapacidade.",,"Título aponta para padrões de certificação médica na avaliação da incapacidade para o trabalho, com aderência potencial alta ao tema. Sem resumo, não é possível confirmar desenho, escopo ou contribuição substantiva.",PENDENTE,,,NAO_INICIADO,,PENDENTE,,,,,,,,
crossref:10.1016/s0140-6736(01)31117-0,MEDICAL CERTIFICATION OF INCAPACITY OF INSURED PERSONS FOR WORK.,,1927,The Lancet,10.1016/s0140-6736(01)31117-0,https://doi.org/10.1016/s0140-6736(01)31117-0,,,crossref,crossref:analise_documental_elegibilidade:analise_documental_elegibilidade_3,0.0,CONCLUIDA,58.0,INCERTO_METADADOS,56.0,Análise documental e elegibilidade,Título menciona certificação médica de incapacidade para o trabalho de segurados.,"Sem resumo, não é possível saber se é editorial, comentário ou análise empírica/institucional útil.","A aderência temática é clara pelo título, mas faltam elementos para verificar tipo de publicação e contribuição efetiva para a pergunta da revisão.",PENDENTE,,,NAO_INICIADO,,PENDENTE,,,,,,,,
semantic_scholar:ddb086481f8fc0862be54255f4c99e3c34175bde,"[Identification of the most common problems and mistakes in the medical certification of inability to work for disability pension provision based on the expertise carried out by the Out-Patient Clinic of Occupational Diseases, Nofer Institute of Occupational Medicine, Łódź, 2005-2007].",E. Wągrowska-Koski; M. Rybacki,2010,Medycyna Pracy,,https://www.semanticscholar.org/paper/ddb086481f8fc0862be54255f4c99e3c34175bde,,,semantic_scholar,semantic_scholar:beneficios_incapacidade_avaliacao_medico_pericial:beneficios_incapacidade_avaliacao_medico_pericial_3,0.0,CONCLUIDA,55.0,INCERTO_METADADOS,70.0,Análise documental e elegibilidade,"Estudos que abordem certificação médica, análise documental ou processos de decisão sobre incapacidade.",,"Título sugere identificação de problemas e erros na certificação médica de incapacidade para pensão por invalidez com base em perícias, o que é potencialmente muito relevante. Porém, ausência de resumo e idioma/metadados limitam a avaliação segura.",PENDENTE,,,NAO_INICIADO,,PENDENTE,,,,,,,,
crossref:10.1001/jama.1955.02960270037010,COMPULSORY CASH DISABILITY BENEFITS,,1955,Journal of the American Medical Association,10.1001/jama.1955.02960270037010,https://doi.org/10.1001/jama.1955.02960270037010,,,crossref,crossref:analise_documental_elegibilidade:analise_documental_elegibilidade_2,0.0,CONCLUIDA,55.0,INCERTO_METADADOS,58.0,Benefícios por incapacidade e avaliação médico-pericial,Título menciona diretamente benefícios monetários compulsórios por incapacidade.,"Ausência de resumo e metadados insuficientes para saber se aborda avaliação médico-pericial, triagem, fluxo, elegibilidade ou gestão operacional.","Há aderência temática inicial por tratar de disability benefits, mas não é possível verificar pelo título sozinho se contribui para os eixos analíticos centrais da revisão.",PENDENTE,,,NAO_INICIADO,,PENDENTE,,,,,,,,
semantic_scholar:eb6c2f16b81e392a6961a46cc10303bd6d1bb9c9,[The examination of work disability certification by the Health Insurance Medical Service].,F. Vetter,1999,Deutsche Medizinische Wochenschrift,,https://www.semanticscholar.org/paper/eb6c2f16b81e392a6961a46cc10303bd6d1bb9c9,,,semantic_scholar,semantic_scholar:beneficios_incapacidade_avaliacao_medico_pericial:beneficios_incapacidade_avaliacao_medico_pericial_3,0.0,CONCLUIDA,52.0,INCERTO_METADADOS,69.0,Benefícios por incapacidade e avaliação médico-pericial,Estudos que analisem avaliação médico-pericial ou certificação de incapacidade.,,"Título sugere exame/revisão da certificação de incapacidade laboral por serviço médico do seguro de saúde, potencialmente relevante para processos periciais. Ausência de resumo impede verificar escopo e utilidade para fluxo de alocação.",PENDENTE,,,NAO_INICIADO,,PENDENTE,,,,,,,,
semantic_scholar:b48501826399c510001f06ed19ad7e2b0d86048b,[Medical certification of work and occupational disability].,C. Schuler,1990,Der Orthopade,,https://www.semanticscholar.org/paper/b48501826399c510001f06ed19ad7e2b0d86048b,,,pubmed; semantic_scholar,pubmed:beneficios_incapacidade_avaliacao_medico_pericial:beneficios_incapacidade_avaliacao_medico_pericial_3; semantic_scholar:beneficios_incapacidade_avaliacao_medico_pericial:beneficios_incapacidade_avaliacao_medico_pericial_3,0.0,CONCLUIDA,48.0,INCERTO_METADADOS,68.0,Benefícios por incapacidade e avaliação médico-pericial,Estudos que analisem certificação médica ou avaliação médico-pericial.,,"Título indica foco em certificação médica de incapacidade laboral/ocupacional, tema aderente. Contudo, sem resumo e com idioma fora do recorte principal informado, faltam elementos para triagem confiável.",PENDENTE,,,NAO_INICIADO,,PENDENTE,,,,,,,,
semantic_scholar:1b826d922924433b721dd6eddd07985a75988921,"[The concept of disease and handicap in the National Insurance Act. Clinical features, epidemiology and medical ethical points of view].",P. Hartvig,1989,Tidsskrift for Den Norske Laegeforening,,https://www.semanticscholar.org/paper/1b826d922924433b721dd6eddd07985a75988921,,,semantic_scholar,semantic_scholar:beneficios_incapacidade_avaliacao_medico_pericial:beneficios_incapacidade_avaliacao_medico_pericial_3,0.0,CONCLUIDA,40.0,INCERTO_METADADOS,47.0,Benefícios por incapacidade e avaliação médico-pericial,"Título menciona ato de seguro nacional, doença e handicap, potencialmente relacionado a critérios de elegibilidade em seguro/benefício.","Sem resumo; pode ser discussão conceitual, epidemiológica ou ética sem foco em avaliação pericial ou fluxo decisório.","Existe possível aderência por tratar de seguro nacional e conceitos de doença/incapacidade, mas os metadados são insuficientes para triagem confiável.",PENDENTE,,,NAO_INICIADO,,PENDENTE,,,,,,,,
semantic_scholar:cc1125440d4175c31cc88192e537b196e33b94c8,LongitudinaL Patterns of ParticiPation in the sociaL security disabiLity insurance and suPPLementaL security income Programs for PeoPLe with disabiLities,K. Rupp; Gerald F. Riley,2011,,,https://www.semanticscholar.org/paper/cc1125440d4175c31cc88192e537b196e33b94c8,,,semantic_scholar,semantic_scholar:capacidade_filas_alocacao:capacidade_filas_alocacao_1,0.0,CONCLUIDA,35.0,INCERTO_METADADOS,60.0,Benefícios por incapacidade e avaliação médico-pericial,Pode tratar de participação em programas SSDI/SSI para pessoas com deficiência.,"Sem resumo e sem indicação de avaliação médico-pericial, triagem, teleperícia, filas ou gestão operacional.","O título sugere análise longitudinal de participação em programas de disability insurance/income, mas não permite inferir relação com o fluxo de avaliação ou decisão pericial.",PENDENTE,,,NAO_INICIADO,,PENDENTE,,,,,,,,
pubmed:37189275,The Korea National Disability Registration System.,Kim M; Jung W; Kim SY; Park JH; Shin DW,2023,Epidemiology and health,10.4178/epih.e2023053,https://pubmed.ncbi.nlm.nih.gov/37189275/,https://www.e-epih.org/upload/pdf/epih-e2023053-AOP.pdf,,pubmed,pubmed:beneficios_incapacidade_avaliacao_medico_pericial:beneficios_incapacidade_avaliacao_medico_pericial_1,0.0,CONCLUIDA,35.0,INCERTO_METADADOS,58.0,Benefícios por incapacidade e avaliação médico-pericial,Estudos que analisem certificação médica ou avaliação médico-pericial.,,"Sistema nacional de registro de deficiência pode envolver elegibilidade/certificação, mas o título não permite saber se trata de avaliação pericial, fluxo operacional, acesso ou controle.",PENDENTE,,,NAO_INICIADO,,PENDENTE,,,,,,,,
crossref:10.1016/s0140-6736(00)45305-5,Incapacity for Work,,1944,The Lancet,10.1016/s0140-6736(00)45305-5,https://doi.org/10.1016/s0140-6736(00)45305-5,,,crossref,crossref:analise_documental_elegibilidade:analise_documental_elegibilidade_3,0.0,CONCLUIDA,35.0,INCERTO_METADADOS,51.0,Benefícios por incapacidade e avaliação médico-pericial,Título sugere relação com incapacidade para o trabalho.,Ausência de resumo e possibilidade de ser editorial/comentário sem dados ou análise institucional.,"Tema potencialmente pertinente, porém metadados insuficientes para triagem segura.",PENDENTE,,,NAO_INICIADO,,PENDENTE,,,,,,,,
crossref:10.1016/s0140-6736(00)94284-3,INCAPACITY FOR WORK,,1934,The Lancet,10.1016/s0140-6736(00)94284-3,https://doi.org/10.1016/s0140-6736(00)94284-3,,,crossref,crossref:analise_documental_elegibilidade:analise_documental_elegibilidade_3,0.0,CONCLUIDA,35.0,INCERTO_METADADOS,51.0,Benefícios por incapacidade e avaliação médico-pericial,Título sugere relação com incapacidade para o trabalho.,"Sem resumo, não é possível distinguir artigo analítico de editorial/opinião.","Aderência temática genérica, mas insuficiência de metadados impede avaliação mais confiável.",PENDENTE,,,NAO_INICIADO,,PENDENTE,,,,,,,,
crossref:10.1016/s0140-6736(01)25450-6,INCAPACITY FOR WORK.,,1926,The Lancet,10.1016/s0140-6736(01)25450-6,https://doi.org/10.1016/s0140-6736(01)25450-6,,,crossref,crossref:analise_documental_elegibilidade:analise_documental_elegibilidade_3,0.0,CONCLUIDA,35.0,INCERTO_METADADOS,51.0,Benefícios por incapacidade e avaliação médico-pericial,Título sugere relação com incapacidade para o trabalho.,"Sem resumo, pode ser comentário/editorial antigo sem análise útil para a revisão.","Há pertinência temática ampla, mas os metadados são insuficientes para avaliar contribuição substantiva.",PENDENTE,,,NAO_INICIADO,,PENDENTE,,,,,,,,
semantic_scholar:285a7a200cfdcd5793050acaf2fb806e8575addf,Determination of Disability,D. Walega,2011,,10.1016/b978-1-4377-2242-0.00019-5,https://www.semanticscholar.org/paper/285a7a200cfdcd5793050acaf2fb806e8575addf,,,semantic_scholar,semantic_scholar:beneficios_incapacidade_avaliacao_medico_pericial:beneficios_incapacidade_avaliacao_medico_pericial_3,0.0,CONCLUIDA,35.0,INCERTO_METADADOS,39.0,Benefícios por incapacidade e avaliação médico-pericial,Título diretamente relacionado à determinação de incapacidade.,"Título excessivamente genérico e sem resumo/periódico; pode ser capítulo, material didático ou texto não elegível.","A aderência temática é plausível, porém os metadados são insuficientes para avaliar tipo de publicação e utilidade para a revisão.",PENDENTE,,,NAO_INICIADO,,PENDENTE,,,,,,,,
crossref:10.1057/9781137314277.0008,Are Incapacity Benefit Claimants Beyond Employment? Exploring Issues of Employability,Green; Shuttleworth,,"Disability Benefits, Welfare Reform and Employment Policy",10.1057/9781137314277.0008,https://doi.org/10.1057/9781137314277.0008,,,crossref,crossref:beneficios_incapacidade_avaliacao_medico_pericial:beneficios_incapacidade_avaliacao_medico_pericial_2,0.0,CONCLUIDA,30.0,INCERTO_METADADOS,52.0,Benefícios por incapacidade e avaliação médico-pericial,"Título sugere discussão sobre beneficiários de incapacidade e empregabilidade, potencialmente relacionada a critérios e efeitos de avaliação.","Sem resumo; possível capítulo de livro com foco em empregabilidade, não em fluxo pericial ou elegibilidade documental.","Há relação temática com beneficiários de incapacidade, mas faltam elementos para saber se o capítulo aborda avaliação administrativa, certificação médica ou apenas política de emprego.",PENDENTE,,,NAO_INICIADO,,PENDENTE,,,,,,,,
semantic_scholar:50556d11e9bc6738c147265a26dcded09f4ff796,Eliminating the Medicare waiting period for Social Security disabled-worker beneficiaries.,B. Bye; Riley Gf,1989,Social security bulletin,,https://www.semanticscholar.org/paper/50556d11e9bc6738c147265a26dcded09f4ff796,,,semantic_scholar,semantic_scholar:capacidade_filas_alocacao:capacidade_filas_alocacao_1,0.0,CONCLUIDA,28.0,INCERTO_METADADOS,57.0,Benefícios por incapacidade e avaliação médico-pericial,Relaciona-se a beneficiários disabled-worker do Social Security.,"Título sugere política de cobertura Medicare, não avaliação de incapacidade, triagem, teleperícia ou gestão de filas.","Há conexão com população beneficiária por incapacidade, mas o foco aparente é período de carência do Medicare, não o fluxo de análise de requerimentos.",PENDENTE,,,NAO_INICIADO,,PENDENTE,,,,,,,,
crossref:10.1016/s0140-6736(00)57050-0,INCAPACITY AND LIGHT WORK,,1936,The Lancet,10.1016/s0140-6736(00)57050-0,https://doi.org/10.1016/s0140-6736(00)57050-0,,,crossref,crossref:analise_documental_elegibilidade:analise_documental_elegibilidade_3,0.0,CONCLUIDA,28.0,INCERTO_METADADOS,52.0,Benefícios por incapacidade e avaliação médico-pericial,Título relacionado a incapacidade e trabalho.,"Sem resumo e possivelmente texto opinativo/editorial antigo, sem garantia de utilidade para fluxo pericial ou benefícios.","Pode tangenciar avaliação de capacidade laboral, mas os metadados são insuficientes para classificação mais segura.",PENDENTE,,,NAO_INICIADO,,PENDENTE,,,,,,,,
semantic_scholar:d48ed3eac2e97c126668c10b12b0ad9848bc13f4,Compensable clients and their ability to work,Peter Cotton,2015,,,https://www.semanticscholar.org/paper/d48ed3eac2e97c126668c10b12b0ad9848bc13f4,,,semantic_scholar,semantic_scholar:beneficios_incapacidade_avaliacao_medico_pericial:beneficios_incapacidade_avaliacao_medico_pericial_3,0.0,CONCLUIDA,28.0,INCERTO_METADADOS,43.0,Benefícios por incapacidade e avaliação médico-pericial,"Título menciona clientes compensáveis e capacidade para o trabalho, potencialmente ligado à avaliação de incapacidade/retorno ao trabalho.","Sem resumo e periódico; pode tratar de reabilitação, gestão clínica ou compensação sem foco em perícia/benefícios.","Há aderência temática superficial, mas os metadados não permitem confirmar relação com certificação, elegibilidade ou fluxo pericial.",PENDENTE,,,NAO_INICIADO,,PENDENTE,,,,,,,,
semantic_scholar:ab7a31e21eeeade4d26f1c239a3cd192a93f31b9,Remote Operational Medical Assessment AndManagement,H. Sorensen; J. Riess,2004,,10.2495/nl040021,https://www.semanticscholar.org/paper/ab7a31e21eeeade4d26f1c239a3cd192a93f31b9,,,semantic_scholar,semantic_scholar:telepericia_avaliacao_remota:telepericia_avaliacao_remota_1,0.0,CONCLUIDA,25.0,INCERTO_METADADOS,58.0,Teleperícia e avaliação remota,Título sugere avaliação médica remota operacional.,"Registros sem título, resumo ou metadados suficientes para triagem humana.","O título sugere alguma forma de avaliação médica remota, potencialmente relevante, mas a ausência de resumo e de periódico impede verificar se se trata de perícia/benefícios ou apenas gestão clínica operacional.",PENDENTE,,,NAO_INICIADO,,PENDENTE,,,,,,,,
semantic_scholar:67327985517a42f15fcd6a661055419fc78b8021,Vertigo as the medical certification issue,Dariusz Kulma,2009,,,https://www.semanticscholar.org/paper/67327985517a42f15fcd6a661055419fc78b8021,,,semantic_scholar,semantic_scholar:beneficios_incapacidade_avaliacao_medico_pericial:beneficios_incapacidade_avaliacao_medico_pericial_3,0.0,CONCLUIDA,22.0,INCERTO_METADADOS,41.0,Benefícios por incapacidade e avaliação médico-pericial,"Título menciona certificação médica, potencialmente relacionada à emissão/validação de atestados.","Metadados insuficientes; pode ser discussão clínica sobre vertigem sem relação substantiva com benefícios, elegibilidade ou fluxo pericial.","Apenas o título sugere um problema de certificação médica, mas não permite distinguir entre enfoque clínico-assistencial e avaliação administrativa/pericial.",PENDENTE,,,NAO_INICIADO,,PENDENTE,,,,,,,,
pubmed:34033360,Disability Evaluation(Archived).,Scura D; Piazza VM,2026,,,https://pubmed.ncbi.nlm.nih.gov/34033360/,,,pubmed,pubmed:beneficios_incapacidade_avaliacao_medico_pericial:beneficios_incapacidade_avaliacao_medico_pericial_1,0.0,CONCLUIDA,20.0,INCERTO_METADADOS,88.0,Benefícios por incapacidade e avaliação médico-pericial,Título sugere relação com avaliação de incapacidade.,"Registros sem título, resumo ou metadados suficientes para triagem humana.","Embora o título mencione avaliação de incapacidade, o registro está incompleto/atípico: sem periódico, sem resumo e com indicação de item arquivado e ano futuro. Os metadados são insuficientes para avaliar aderência real e tipo de publicação.",PENDENTE,,,NAO_INICIADO,,PENDENTE,,,,,,,,
openalex:https://openalex.org/W2133393736,Principles for allocation of scarce medical interventions,Govind Persad; Alan Wertheimer; Ezekiel Emanuel,2009,The Lancet,10.1016/s0140-6736(09)60137-9,https://doi.org/10.1016/s0140-6736(09)60137-9,https://philpapers.org/archive/PERPFA-2.pdf,,openalex,openalex:beneficios_incapacidade_avaliacao_medico_pericial:beneficios_incapacidade_avaliacao_medico_pericial_1; openalex:capacidade_filas_alocacao:capacidade_filas_alocacao_3,0.0,CONCLUIDA,20.0,INCERTO_METADADOS,63.0,"Capacidade, filas e alocação de serviços","Pode tangenciar alocação/priorização de recursos escassos, mas sem relação explícita com benefícios por incapacidade ou serviços periciais.",Textos sem relação substantiva com a pergunta de pesquisa; metadados insuficientes para avaliação confiável.,"Título sugere princípios gerais de alocação de intervenções médicas escassas, potencialmente útil de forma conceitual, porém não há resumo e não há indicação explícita de relação com perícia, incapacidade ou fluxo administrativo.",PENDENTE,,,NAO_INICIADO,,PENDENTE,,,,,,,,
semantic_scholar:e2afb569481c3d5fae541d979dd4f1731a19ad96,Institutional time inequality: speed capital and the social distribution of waiting,Stephen R. Christ,2026,Theory and society,10.1007/s11186-026-09730-x,https://www.semanticscholar.org/paper/e2afb569481c3d5fae541d979dd4f1731a19ad96,https://link.springer.com/content/pdf/10.1007/s11186-026-09730-x.pdf,,semantic_scholar,semantic_scholar:capacidade_filas_alocacao:capacidade_filas_alocacao_1,0.0,CONCLUIDA,20.0,INCERTO_METADADOS,58.0,"Capacidade, filas e alocação de serviços",Pode tangenciar desigualdade no tempo de espera e distribuição social da espera.,"Sem resumo e sem indicação explícita de benefícios por incapacidade, avaliação médico-pericial ou gestão de fluxos periciais.","O título sugere discussão conceitual sobre desigualdade institucional do tempo de espera, potencialmente útil ao eixo de filas/acesso, mas os metadados são insuficientes para verificar relação substantiva com benefícios por incapacidade ou perícia.",PENDENTE,,,NAO_INICIADO,,PENDENTE,,,,,,,,
semantic_scholar:21de9d0e29882f58da1b8fe6af04e71db2fbdb02,[Relation of morbidity from gastric and duodenal ulcers with work disability and dispensarization].,J. Zán; F. Šefrna; V. Vaverka,1990,Ceskoslovenske zdravotnictvi,,https://www.semanticscholar.org/paper/21de9d0e29882f58da1b8fe6af04e71db2fbdb02,,,pubmed; semantic_scholar,pubmed:analise_documental_elegibilidade:analise_documental_elegibilidade_3; semantic_scholar:analise_documental_elegibilidade:analise_documental_elegibilidade_3,0.0,CONCLUIDA,20.0,INCERTO_METADADOS,54.0,Benefícios por incapacidade e avaliação médico-pericial,O título menciona relação entre morbidade e incapacidade para o trabalho.,Resumo ausente e periódico/idioma sugerem dificuldade de avaliação confiável; pode ser estudo clínico/epidemiológico sem foco administrativo-pericial.,"Há menção a incapacidade laboral no título, mas sem resumo não é possível saber se aborda certificação, decisão administrativa ou apenas associação clínica entre doença e incapacidade.",PENDENTE,,,NAO_INICIADO,,PENDENTE,,,,,,,,
openalex:https://openalex.org/W2127711040,"Employment, work disability, and work days lost in patients with ankylosing spondylitis: a cross sectional study of Dutch patients",Annelies Boonen; A Chorus; H Miedema; D van der Heijde; H van der Tempel; Sj van der Linden,2001,Annals of the Rheumatic Diseases,10.1136/ard.60.4.353,https://doi.org/10.1136/ard.60.4.353,https://ard.bmj.com/content/annrheumdis/60/4/353.full.pdf,,openalex,openalex:beneficios_incapacidade_avaliacao_medico_pericial:beneficios_incapacidade_avaliacao_medico_pericial_3,0.0,CONCLUIDA,18.0,INCERTO_METADADOS,63.0,Benefícios por incapacidade e avaliação médico-pericial,Pode tangenciar afastamento do trabalho e work disability.,Resumo ausente; possível foco clínico/ocupacional sem relação com decisão administrativa ou fluxo pericial.,"O título sugere relação com incapacidade laboral e dias de trabalho perdidos, potencialmente relevante ao tema de benefícios por incapacidade, mas a ausência de resumo impede avaliar aderência aos eixos de avaliação pericial, elegibilidade ou gestão do fluxo.",PENDENTE,,,NAO_INICIADO,,PENDENTE,,,,,,,,
semantic_scholar:b40923e2fef2796a12920853212b160cb39db0e3,[Incidence of diabetes from the perspective of social security benefits].,L. Čeledová; R. Čevela,2019,Casopis lekaru ceskych,,https://www.semanticscholar.org/paper/b40923e2fef2796a12920853212b160cb39db0e3,,,semantic_scholar,semantic_scholar:analise_documental_elegibilidade:analise_documental_elegibilidade_2,0.0,CONCLUIDA,18.0,INCERTO_METADADOS,58.0,Benefícios por incapacidade e avaliação médico-pericial,Estudos que analisem benefícios por incapacidade.,"Registros sem título, resumo ou metadados suficientes para triagem humana.","O título sugere perspectiva de benefícios previdenciários relacionados ao diabetes, potencialmente pertinente, mas a ausência de resumo impede verificar se aborda avaliação, elegibilidade, fluxo ou apenas epidemiologia.",PENDENTE,,,NAO_INICIADO,,PENDENTE,,,,,,,,
semantic_scholar:c6d3b466c3634fd01818a1e9912d79da9ed50abf,"Assessment of Aphasia Across the International Classification of Functioning, Disability and Health Using an iPad-Based Application",Yiting Emily Guo; L. Togher; E. Power; E. Hutomo; Yi-Fei Yang; A. Tay; S. Yen; G. Koh,2017,Telemedicine journal and e-health,10.1089/tmj.2016.0072,https://www.semanticscholar.org/paper/c6d3b466c3634fd01818a1e9912d79da9ed50abf,https://www.liebertpub.com/doi/pdf/10.1089/tmj.2016.0072,,pubmed; semantic_scholar,pubmed:telepericia_avaliacao_remota:telepericia_avaliacao_remota_2; semantic_scholar:telepericia_avaliacao_remota:telepericia_avaliacao_remota_2,0.0,CONCLUIDA,18.0,INCERTO_METADADOS,54.0,Teleperícia e avaliação remota,Título sugere avaliação de afasia e funcionalidade/disability com aplicação digital.,Registro sem resumo ou metadados suficientes para avaliação confiável; possível estudo clínico sem relação pericial.,"O título indica avaliação por aplicativo em contexto de afasia e ICF, potencialmente relevante para mensuração funcional remota. Porém, sem resumo não é possível verificar se envolve teleavaliação, certificação, elegibilidade ou uso apenas clínico.",PENDENTE,,,NAO_INICIADO,,PENDENTE,,,,,,,,
pubmed:13276807,Sickness absenteeism.,FORTUIN GJ,1955,Bulletin of the World Health Organization,,https://pubmed.ncbi.nlm.nih.gov/13276807/,,,pubmed,pubmed:beneficios_incapacidade_avaliacao_medico_pericial:beneficios_incapacidade_avaliacao_medico_pericial_2,0.0,CONCLUIDA,18.0,INCERTO_METADADOS,52.0,Benefícios por incapacidade e avaliação médico-pericial,Estudos que analisem afastamento por doença.,,"Título sobre absenteísmo por doença pode tangenciar afastamento laboral, mas sem resumo não é possível saber se aborda avaliação, certificação, elegibilidade ou gestão de fluxo.",PENDENTE,,,NAO_INICIADO,,PENDENTE,,,,,,,,
crossref:10.1093/ilj/23.4.364,Incapacity Benefit,Lewis; HOWARD,1994,Industrial Law Journal,10.1093/ilj/23.4.364,https://doi.org/10.1093/ilj/23.4.364,,,crossref,crossref:beneficios_incapacidade_avaliacao_medico_pericial:beneficios_incapacidade_avaliacao_medico_pericial_2,0.0,CONCLUIDA,18.0,INCERTO_METADADOS,47.0,Benefícios por incapacidade e avaliação médico-pericial,Tema nominalmente ligado a benefício por incapacidade e possível marco regulatório.,Sem resumo; possível comentário jurídico breve sem análise operacional ou pericial.,"O periódico jurídico e o título genérico sugerem possível discussão normativa sobre incapacity benefit, mas os metadados são insuficientes para aferir utilidade para o redesenho do fluxo.",PENDENTE,,,NAO_INICIADO,,PENDENTE,,,,,,,,
crossref:10.1192/pb.21.4.242-a,Incapacity Benefit,Marshall,1997,Psychiatric Bulletin,10.1192/pb.21.4.242-a,https://doi.org/10.1192/pb.21.4.242-a,https://www.cambridge.org/core/services/aop-cambridge-core/content/view/EBD5705BFF05F942B59E69391601B5DA/S0955603600068641a.pdf/div-class-title-incapacity-benefit-div.pdf,,crossref,crossref:beneficios_incapacidade_avaliacao_medico_pericial:beneficios_incapacidade_avaliacao_medico_pericial_2,0.0,CONCLUIDA,15.0,INCERTO_METADADOS,49.0,Benefícios por incapacidade e avaliação médico-pericial,Tema nominalmente ligado a benefício por incapacidade.,"Título genérico e ausência de resumo; possível carta, nota ou comentário sem análise.","Há aderência temática superficial, porém os metadados não permitem identificar se o texto aborda avaliação pericial, critérios de elegibilidade ou gestão do fluxo.",PENDENTE,,,NAO_INICIADO,,PENDENTE,,,,,,,,
semantic_scholar:437ceb7b0c6a310e0df818015960dcb75fd16673,"Client, needs assessor and agency-related factors predicting allocation of electric scooters to community-dwelling elderly in The Netherlands: a vignette study",F. Jörg; N. Borgers; A. J. Schrijvers,2003,Disability and Rehabilitation,10.1080/0963828031000071741,https://www.semanticscholar.org/paper/437ceb7b0c6a310e0df818015960dcb75fd16673,,,semantic_scholar,semantic_scholar:capacidade_filas_alocacao:capacidade_filas_alocacao_3,0.0,CONCLUIDA,14.0,INCERTO_METADADOS,58.0,Análise documental e elegibilidade,Título sugere fatores preditores na alocação de equipamento com participação de avaliadores de necessidades.,"Resumo ausente; pode tratar apenas de provisão assistencial de tecnologia, sem relação com benefícios por incapacidade ou perícia.","O título indica estudo sobre fatores que predizem alocação de scooters elétricas a idosos na Holanda. Pode tangenciar processos de avaliação e decisão, mas sem resumo não é possível confirmar relevância para elegibilidade/avaliação pericial.",PENDENTE,,,NAO_INICIADO,,PENDENTE,,,,,,,,
crossref:10.1177/1062860608315123,"Caveat Emptor: The Need for Evidence, Regulation, and Certification of Home Telehealth Systems for the Management of Chronic Conditions",Farberow; Hatton; Leenknecht; Goldberg; Hornung; Reyes,2008,American Journal of Medical Quality,10.1177/1062860608315123,https://doi.org/10.1177/1062860608315123,,,crossref,crossref:telepericia_avaliacao_remota:telepericia_avaliacao_remota_3,0.0,CONCLUIDA,12.0,INCERTO_METADADOS,74.0,"Equidade territorial, qualidade e controle","Pode abordar regulação, evidência, certificação e controle em telehealth.",Telemedicina exclusivamente assistencial; metadados insuficientes para confirmar relação com avaliação de incapacidade.,"Título sugere discussão sobre evidência, regulação e certificação de sistemas de telehealth domiciliar para condições crônicas. Pode ser útil para riscos e controle, mas não há resumo para confirmar aderência substantiva ao contexto pericial/benefícios por incapacidade.",PENDENTE,,,NAO_INICIADO,,PENDENTE,,,,,,,,
semantic_scholar:1981c8fa2f49bb09cb5a43ec4da523a8bc61b467,Unit-3 Certification For Different Issues Related To Mental Illness,B. Chavan; Subhash Das,2017,,,https://www.semanticscholar.org/paper/1981c8fa2f49bb09cb5a43ec4da523a8bc61b467,,,semantic_scholar,semantic_scholar:analise_documental_elegibilidade:analise_documental_elegibilidade_2,0.0,CONCLUIDA,12.0,INCERTO_METADADOS,55.0,Benefícios por incapacidade e avaliação médico-pericial,Estudos que analisem certificação médica.,"Registros sem título, resumo ou metadados suficientes para triagem humana.","O título menciona certificação relacionada à doença mental, o que pode ter pertinência para avaliação/certificação, mas faltam resumo e contexto para verificar aderência substantiva.",PENDENTE,,,NAO_INICIADO,,PENDENTE,,,,,,,,
openalex:https://openalex.org/W3046350683,The Telemedicine Musculoskeletal Examination,Edward R. Laskowski; Shelby E. Johnson; Randy A. Shelerud; Jason A. Lee; Amy E. Rabatin; Sherilyn W. Driscoll; Brittany J. Moore; Michael Wainberg; Carmen M. Terzic,2020,Mayo Clinic Proceedings,10.1016/j.mayocp.2020.05.026,https://doi.org/10.1016/j.mayocp.2020.05.026,http://www.mayoclinicproceedings.org/article/S0025619620305425/pdf,,openalex,openalex:telepericia_avaliacao_remota:telepericia_avaliacao_remota_2,0.0,CONCLUIDA,10.0,INCERTO_METADADOS,93.0,Teleperícia e avaliação remota,Pode abordar exame remoto por telemedicina.,"Registros sem título, resumo ou metadados suficientes para triagem humana.","Há apenas o título, sem resumo. O tema parece ser exame musculoesquelético por telemedicina, provavelmente assistencial, mas os metadados são insuficientes para avaliar aderência à avaliação pericial/incapacidade.",PENDENTE,,,NAO_INICIADO,,PENDENTE,,,,,,,,
semantic_scholar:e5354f2cb0bfad2b3f43967fa59c79c4b39a8380,System Dynamics Modeling for Intellectual Disability Services: A Case Study,M. Duryan; D. Nikolik; G. V. Merode; L. Curfs,2012,,10.1111/j.1741-1130.2012.00342.x,https://www.semanticscholar.org/paper/e5354f2cb0bfad2b3f43967fa59c79c4b39a8380,,,semantic_scholar,semantic_scholar:capacidade_filas_alocacao:capacidade_filas_alocacao_3,0.0,CONCLUIDA,10.0,INCERTO_METADADOS,52.0,"Capacidade, filas e alocação de serviços","Título sugere modelagem dinâmica de serviços para deficiência intelectual, potencialmente útil para capacidade e alocação.","Resumo ausente; pode não envolver benefícios por incapacidade, perícia ou elegibilidade.","O título aponta para modelagem de dinâmica de sistemas em serviços de deficiência intelectual. Pode ser útil para capacidade e filas, mas faltam elementos para confirmar aderência ao fluxo pericial-administrativo.",PENDENTE,,,NAO_INICIADO,,PENDENTE,,,,,,,,
openalex:https://openalex.org/W4249329670,Telehealth,Reed V. Tuckson; Margo Edmunds; Michael L. Hodgkins,2017,New England Journal of Medicine,10.1056/nejmsr1503323,https://doi.org/10.1056/nejmsr1503323,https://www.nejm.org/doi/pdf/10.1056/NEJMsr1503323?articleTools=true,,openalex,openalex:telepericia_avaliacao_remota:telepericia_avaliacao_remota_3,0.0,CONCLUIDA,8.0,INCERTO_METADADOS,92.0,Teleperícia e avaliação remota,Pode tratar de telehealth de forma ampla.,"Registros sem título, resumo ou metadados suficientes para triagem humana.",Sem resumo e com título muito genérico. Metadados insuficientes para avaliar aderência à pergunta sobre avaliação de incapacidade e desenho de fluxo pericial.,PENDENTE,,,NAO_INICIADO,,PENDENTE,,,,,,,,
openalex:https://openalex.org/W2107649731,National Telemedicine Initiatives: Essential to Healthcare Reform,Rashid L. Bashshur; Gary W. Shannon; Elizabeth A. Krupinski; Jim Grigsby; Joseph C. Kvedar; Ronald S. Weinstein; Jay H. Sanders; Karen S. Rheuban; Thomas S. Nesbitt; Dale C. Alverson; Ronald C. Merrell; Jonathan Linkous; A. Stewart Ferguson; Robert J Waters; Max E. Stachura; David Ellis; Nina Antoniotti; Barbara Johnston; Charles R. Doarn; Peter Yellowlees; Steven Normandin; Joseph Tracy,2009,Telemedicine Journal and e-Health,10.1089/tmj.2009.9960,https://doi.org/10.1089/tmj.2009.9960,https://hdl.handle.net/2027.42/78116,Peer Reviewed,openalex,openalex:telepericia_avaliacao_remota:telepericia_avaliacao_remota_2,0.0,CONCLUIDA,8.0,INCERTO_METADADOS,91.0,Teleperícia e avaliação remota,Pode discutir iniciativas nacionais e reforma do sistema de saúde com telemedicina.,"Registros sem título, resumo ou metadados suficientes para triagem humana.","Resumo insuficiente ('Peer Reviewed'). O título sugere discussão de iniciativas nacionais de telemedicina, mas não permite avaliar relação com incapacidade, perícia ou gestão de fluxos.",PENDENTE,,,NAO_INICIADO,,PENDENTE,,,,,,,,
semantic_scholar:282ab8a1dd2ddbaa33cf3ada8389412ba87582c5,Reflecting on the efficacy of cognitive mapping for decision-making in intellectual disability care: a case study.,M. Duryan; D. Nikolik; G. V. van Merode; L. Curfs,2015,International Journal of Health Planning and Management,10.1002/hpm.2215,https://www.semanticscholar.org/paper/282ab8a1dd2ddbaa33cf3ada8389412ba87582c5,,,semantic_scholar,semantic_scholar:capacidade_filas_alocacao:capacidade_filas_alocacao_3,0.0,CONCLUIDA,8.0,INCERTO_METADADOS,55.0,Benefícios por incapacidade e avaliação médico-pericial,Título sugere apoio à tomada de decisão em cuidado relacionado à deficiência intelectual.,"Resumo ausente; pode não ter relação com avaliação pericial, elegibilidade ou fluxo administrativo.","O título menciona eficácia de mapeamento cognitivo para tomada de decisão em cuidado de deficiência intelectual, mas sem resumo não é possível verificar aderência à pergunta sobre análise documental, teleperícia, perícia presencial ou gestão de filas.",PENDENTE,,,NAO_INICIADO,,PENDENTE,,,,,,,,
semantic_scholar:b5089a633ee75eb08bfe9603cf8afc7d69360fdc,Workplace accommodation and audit-based evaluation process for compliance with the Employment Equity Act: inclusionary practices that exclude—an institutional ethnography,J. Deveau,2011,,10.29173/cjs10479,https://www.semanticscholar.org/paper/b5089a633ee75eb08bfe9603cf8afc7d69360fdc,https://journals.library.ualberta.ca/cjs/index.php/CJS/article/download/10479/9018,,semantic_scholar,semantic_scholar:equidade_qualidade_controle:equidade_qualidade_controle_1,0.0,CONCLUIDA,7.0,INCERTO_METADADOS,63.0,"Equidade territorial, qualidade e controle","Pode tangenciar auditoria, compliance e práticas institucionais relacionadas à deficiência.","Registros sem título, resumo ou metadados suficientes para triagem humana.","O título menciona acomodação no trabalho e processo de avaliação baseado em auditoria para conformidade com legislação de equidade no emprego. Pode ter alguma relevância indireta para controle e auditoria, mas não há resumo para verificar relação com avaliação de incapacidade ou certificação médico-pericial.",PENDENTE,,,NAO_INICIADO,,PENDENTE,,,,,,,,
openalex:https://openalex.org/W2092547075,Data quality in the American Heart Association Get With The Guidelines-Stroke (GWTG-Stroke): Results from a National Data Validation Audit,Ying Xian; Gregg C. Fonarow; Mathew J. Reeves; Laura Webb; Jason R. Blevins; Vladimir S. Demyanenko; Xin Zhao; DaiWai M. Olson; Adrian F. Hernandez; Eric D. Peterson; Lee H. Schwamm; Eric E. Smith,2012,American Heart Journal,10.1016/j.ahj.2011.12.012,https://doi.org/10.1016/j.ahj.2011.12.012,,,openalex,openalex:equidade_qualidade_controle:equidade_qualidade_controle_3,0.0,CONCLUIDA,6.0,INCERTO_METADADOS,84.0,"Equidade territorial, qualidade e controle",,"Registros sem título, resumo ou metadados suficientes para triagem humana.","Título sugere auditoria de qualidade de dados em registro clínico de AVC, mas sem resumo e sem conexão explícita com benefícios por incapacidade ou avaliação pericial.",PENDENTE,,,NAO_INICIADO,,PENDENTE,,,,,,,,
crossref:10.26226/m.682c98311c955051e6ca71a3,Bridging the Gap: Preparing Medical Students for the Telehealth Revolution,O'Riordan,2025,,10.26226/m.682c98311c955051e6ca71a3,https://doi.org/10.26226/m.682c98311c955051e6ca71a3,,,crossref,crossref:telepericia_avaliacao_remota:telepericia_avaliacao_remota_3,0.0,CONCLUIDA,6.0,INCERTO_METADADOS,79.0,Teleperícia e avaliação remota,Pode discutir preparação para expansão do telehealth.,Telemedicina exclusivamente assistencial; metadados insuficientes para triagem humana.,"Título trata de preparação de estudantes de medicina para telehealth. Sem resumo, a aderência ao tema de incapacidade/perícia não pode ser estabelecida.",PENDENTE,,,NAO_INICIADO,,PENDENTE,,,,,,,,
openalex:https://openalex.org/W2773831372,Telehealth and Legal Implications for Nurse Practitioners,Melanie L. Balestra,2017,The Journal for Nurse Practitioners,10.1016/j.nurpra.2017.10.003,https://doi.org/10.1016/j.nurpra.2017.10.003,http://www.npjournal.org/article/S1555415517308085/pdf,,openalex,openalex:telepericia_avaliacao_remota:telepericia_avaliacao_remota_3,0.0,CONCLUIDA,6.0,INCERTO_METADADOS,71.0,Teleperícia e avaliação remota,"Título sugere implicações legais da telehealth, potencialmente relevantes para avaliação remota.","Registros sem título, resumo ou metadados suficientes para triagem humana.","Há apenas título e metadados mínimos, sem resumo. O tema parece regulatório em telehealth, mas não é possível verificar relação com incapacidade, certificação ou perícia.",PENDENTE,,,NAO_INICIADO,,PENDENTE,,,,,,,,
semantic_scholar:85ff43d0b8ccb329280ebc8c94ed32c9b804937c,Use of remote radiology support for training and quality assurance in the “focused assessment with sonography for HIV-associated tuberculosis:” A pilot program in Malawi,K. Schwab; R. Hoffman; L. Phiri; Daniel G Kahn; Levison Longwe; Ben; Allan Banda; Khumbo Gama; Mayamiko Chimombo; R. Shih; A. Schooley; Kara-Lee Pool,2019,,,https://www.semanticscholar.org/paper/85ff43d0b8ccb329280ebc8c94ed32c9b804937c,,,semantic_scholar,semantic_scholar:equidade_qualidade_controle:equidade_qualidade_controle_2,0.0,CONCLUIDA,6.0,INCERTO_METADADOS,61.0,Teleperícia e avaliação remota,Pode tangenciar avaliação remota e garantia de qualidade em contexto diagnóstico.,"Registros sem título, resumo ou metadados suficientes para triagem humana.","O título menciona suporte remoto em radiologia para treinamento e garantia de qualidade em ultrassonografia focada. Pode ter relevância apenas metodológica muito indireta sobre avaliação remota e controle, mas sem resumo não é possível verificar aderência ao escopo de incapacidade e perícia.",PENDENTE,,,NAO_INICIADO,,PENDENTE,,,,,,,,
openalex:https://openalex.org/W1532101783,Addressing Health Disparities Through Promoting Equity for Individuals with Intellectual Disability,Hélène Ouellette‐Kuntz; Patricia Minnes; Nathalie Garcin; Carol Martin; M. E. Suzanne Lewis; Jeanette J. A. Holden,2005,Canadian Journal of Public Health,10.1007/bf03403699,https://doi.org/10.1007/bf03403699,https://link.springer.com/content/pdf/10.1007/BF03403699.pdf,,openalex,openalex:equidade_qualidade_controle:equidade_qualidade_controle_1,0.0,CONCLUIDA,6.0,INCERTO_METADADOS,58.0,"Equidade territorial, qualidade e controle",Pode tangenciar equidade em saúde para pessoas com deficiência.,"Registros sem título, resumo ou metadados suficientes para triagem humana.","O título sugere disparidades em saúde e equidade para pessoas com deficiência intelectual, mas não há resumo. Com os metadados disponíveis, não é possível verificar relação com avaliação médico-pericial, benefícios por incapacidade ou fluxo de análise.",PENDENTE,,,NAO_INICIADO,,PENDENTE,,,,,,,,
semantic_scholar:46e119c827eb5e2e6f0f25fd8452b7d740f1f91e,Individualised Support and Funding: Building blocks for capacity building and inclusion,J. Lord; P. Hutchison,2003,,10.1080/713662196,https://www.semanticscholar.org/paper/46e119c827eb5e2e6f0f25fd8452b7d740f1f91e,,,semantic_scholar,semantic_scholar:capacidade_filas_alocacao:capacidade_filas_alocacao_3,0.0,CONCLUIDA,6.0,INCERTO_METADADOS,46.0,"Capacidade, filas e alocação de serviços",Título sugere financiamento individualizado e construção de capacidade/inclusão.,"Metadados insuficientes; pode não envolver avaliação de incapacidade, elegibilidade ou gestão de fluxos periciais.","Sem resumo e sem periódico, o registro é insuficiente para verificar aderência. O título aponta para financiamento e inclusão em deficiência, mas não necessariamente para benefícios por incapacidade ou perícia médica.",PENDENTE,,,NAO_INICIADO,,PENDENTE,,,,,,,,
openalex:https://openalex.org/W2105398083,Modernising medical careers,Ed Neville,2003,Clinical Medicine,10.7861/clinmedicine.3-6-529,https://doi.org/10.7861/clinmedicine.3-6-529,https://www.rcpjournals.org/content/clinmedicine/3/6/529.full.pdf,,openalex,openalex:equidade_qualidade_controle:equidade_qualidade_controle_3,0.0,CONCLUIDA,5.0,INCERTO_METADADOS,88.0,"Equidade territorial, qualidade e controle",,"Registros sem título, resumo ou metadados suficientes para triagem humana.","Título genérico e ausência de resumo impedem avaliar relação com avaliação médico-pericial, benefícios por incapacidade ou organização de fluxos.",PENDENTE,,,NAO_INICIADO,,PENDENTE,,,,,,,,
crossref:10.1542/9781610026291-part03-ch05,How to provide good care using telehealth and reduce medical liability risks,Oken,2022,Pediatric Telehealth Best Practices,10.1542/9781610026291-part03-ch05,https://doi.org/10.1542/9781610026291-part03-ch05,,,crossref,crossref:telepericia_avaliacao_remota:telepericia_avaliacao_remota_3,0.0,CONCLUIDA,5.0,INCERTO_METADADOS,76.0,"Equidade territorial, qualidade e controle","Pode abordar riscos, qualidade e responsabilidade em telehealth.",Telemedicina exclusivamente assistencial; metadados insuficientes para avaliar relação com avaliação de incapacidade.,"Título sugere boas práticas e risco de responsabilidade em telehealth pediátrica, mas sem resumo não é possível verificar conexão com avaliação médico-pericial, certificação ou benefícios por incapacidade.",PENDENTE,,,NAO_INICIADO,,PENDENTE,,,,,,,,
semantic_scholar:7404c925e9594c11ee031918eaa386c24fc8cf6d,Effectiveness Of The Osteopathy In Rehabilitation Programme,Elena Jablonskytė,2016,,10.5200/sm-hs.2016.041,https://www.semanticscholar.org/paper/7404c925e9594c11ee031918eaa386c24fc8cf6d,,,semantic_scholar,semantic_scholar:analise_documental_elegibilidade:analise_documental_elegibilidade_1,0.0,CONCLUIDA,5.0,INCERTO_METADADOS,63.0,Benefícios por incapacidade e avaliação médico-pericial,,"Registros sem título, resumo ou metadados suficientes para triagem humana.","Título sobre programa de reabilitação em osteopatia pode tangenciar incapacidade funcional, mas faltam resumo e metadados suficientes para verificar relação com certificação, elegibilidade ou fluxo pericial.",PENDENTE,,,NAO_INICIADO,,PENDENTE,,,,,,,,
crossref:10.31525/ct1-nct04164667,Telehealth for Veterans With Chronic Multi-Symptom Illness.,Case Medical Research,2019,Case Medical Research,10.31525/ct1-nct04164667,https://doi.org/10.31525/ct1-nct04164667,,,crossref,crossref:telepericia_avaliacao_remota:telepericia_avaliacao_remota_3,0.0,CONCLUIDA,4.0,INCERTO_METADADOS,82.0,Teleperícia e avaliação remota,Pode tangenciar incapacidade funcional em veteranos.,Telemedicina exclusivamente assistencial; metadados insuficientes para triagem humana.,"Título sugere telehealth para veteranos com doença multissintomática crônica, mas sem resumo não se sabe se trata de cuidado assistencial ou de avaliação/certificação de incapacidade.",PENDENTE,,,NAO_INICIADO,,PENDENTE,,,,,,,,
crossref:10.31525/ct1-nct04248725,Telehealth Pain Self-Management for Employed Adults,Case Medical Research,2020,Case Medical Research,10.31525/ct1-nct04248725,https://doi.org/10.31525/ct1-nct04248725,,,crossref,crossref:telepericia_avaliacao_remota:telepericia_avaliacao_remota_3,0.0,CONCLUIDA,4.0,INCERTO_METADADOS,82.0,Teleperícia e avaliação remota,Tema tangencia adultos empregados e telehealth.,Telemedicina exclusivamente assistencial; metadados insuficientes para triagem humana.,"Título sugere intervenção assistencial de autogerenciamento da dor para adultos empregados. Sem resumo, não se verifica relação com avaliação de incapacidade ou certificação.",PENDENTE,,,NAO_INICIADO,,PENDENTE,,,,,,,,
semantic_scholar:b89cabebd302f4a10fc6075db33cf59e7f91dbd8,Physicians' preferences and expectations in stroke rehabilitation - results of a case-based questionnaire survey,U. Hasenbein; O. Kuss; M. Bäumer; C. Schert; H. Schneider; C. Wallesch,2002,Disability and Rehabilitation,10.1080/0963828021000007888,https://www.semanticscholar.org/paper/b89cabebd302f4a10fc6075db33cf59e7f91dbd8,,,semantic_scholar,semantic_scholar:capacidade_filas_alocacao:capacidade_filas_alocacao_3,0.0,CONCLUIDA,4.0,INCERTO_METADADOS,60.0,Benefícios por incapacidade e avaliação médico-pericial,Título sugere preferências médicas e decisão baseada em casos.,"Provável foco em reabilitação clínica, não em avaliação pericial ou elegibilidade administrativa; resumo ausente.","O título menciona preferências e expectativas de médicos em reabilitação pós-AVC. Sem resumo, parece mais próximo de decisão clínica de reabilitação do que de certificação/benefício por incapacidade.",PENDENTE,,,NAO_INICIADO,,PENDENTE,,,,,,,,
semantic_scholar:8ba849957e7132b51d5e6c873ba5d82e85e7fd29,Physicians' preferences and expectations in traumatic brain injury rehabilitation-results of a case-based questionnaire survey,U. Hasenbein; O. Kuss; M. Bäumer; C. Schert; H. Schneider; C. Wallesch,2003,Disability and Rehabilitation,10.1080/0963828021000024889,https://www.semanticscholar.org/paper/8ba849957e7132b51d5e6c873ba5d82e85e7fd29,,,semantic_scholar,semantic_scholar:capacidade_filas_alocacao:capacidade_filas_alocacao_3,0.0,CONCLUIDA,4.0,INCERTO_METADADOS,60.0,Benefícios por incapacidade e avaliação médico-pericial,Título sugere preferências médicas e decisão baseada em casos.,"Provável foco em reabilitação clínica, não em avaliação pericial ou elegibilidade administrativa; resumo ausente.","Sem resumo, o registro aparenta tratar de preferências médicas em reabilitação de traumatismo craniano, com baixa aderência provável ao fluxo de benefícios por incapacidade.",PENDENTE,,,NAO_INICIADO,,PENDENTE,,,,,,,,
crossref:10.31525/ct1-nct04240977,Feasibility of HOBSCOTCH Telehealth Intervention in Refractory Epilepsy,Case Medical Research,2020,Case Medical Research,10.31525/ct1-nct04240977,https://doi.org/10.31525/ct1-nct04240977,,,crossref,crossref:telepericia_avaliacao_remota:telepericia_avaliacao_remota_3,0.0,CONCLUIDA,3.0,INCERTO_METADADOS,84.0,Teleperícia e avaliação remota,Envolve telehealth.,Telemedicina exclusivamente assistencial; metadados insuficientes para triagem humana.,"Título aponta intervenção de telehealth em epilepsia refratária, aparentemente assistencial. Sem resumo, não é possível confirmar exclusão com base apenas nos metadados.",PENDENTE,,,NAO_INICIADO,,PENDENTE,,,,,,,,
openalex:https://openalex.org/W2791379829,"Prevention and treatment of low back pain: evidence, challenges, and promising directions",Nadine E. Foster; Johannes R. Anema; Dan Cherkin; Roger Chou; Steven P. Cohen; Douglas P. Gross; Paulo H. Ferreira; Julie M. Fritz; Bart W. Koes; Wilco C. Peul; Judith A. Turner; Christopher G. Maher; Rachelle Buchbinder; Jan Hartvigsen; Dan Cherkin; Nadine E. Foster; Christopher G. Maher; Martin Underwood; Maurits W. van Tulder; Johannes R. Anema; Roger Chou; Stephen P. Cohen; Lucíola Menezes Costa; Peter Croft; Manuela L. Ferreira; Paulo H. Ferreira; Julie M. Fritz; Stéphane Genevay; Douglas P. Gross; Mark J. Hancock; Damian Hoy; Jaro Karppinen; Bart W. Koes; Alice Kongsted; Quinette Louw; Birgitta Öberg; Wilco C. Peul; Glenn Pransky; Mark L. Schoene; Joachim Sieper; Rob Smeets; Judith A. Turner; Anthony D. Woolf,2018,The Lancet,10.1016/s0140-6736(18)30489-6,https://doi.org/10.1016/s0140-6736(18)30489-6,http://www.thelancet.com/article/S0140673618304896/pdf,,openalex,openalex:capacidade_filas_alocacao:capacidade_filas_alocacao_1; openalex:telepericia_avaliacao_remota:telepericia_avaliacao_remota_1,0.0,CONCLUIDA,3.0,INCERTO_METADADOS,70.0,Benefícios por incapacidade e avaliação médico-pericial,"Pode ter utilidade indireta por tratar de condição frequentemente associada a afastamentos, mas isso não está demonstrado nos metadados.",Registro sem resumo suficiente; provável estudo clínico/assistencial sem foco em avaliação pericial ou gestão de benefícios.,"O título sugere revisão clínica sobre prevenção e tratamento de lombalgia. Sem resumo, não é possível confirmar contribuição para processos de incapacidade, certificação, teleperícia ou gestão de filas.",PENDENTE,,,NAO_INICIADO,,PENDENTE,,,,,,,,
openalex:https://openalex.org/W2266871031,Estimating the true global burden of mental illness,Daniel Vigo; Graham Thornicroft; Rifat Atun,2016,The Lancet Psychiatry,10.1016/s2215-0366(15)00505-2,https://doi.org/10.1016/s2215-0366(15)00505-2,https://kclpure.kcl.ac.uk/ws/files/55296846/16001_vigo_et_al_GBD_lancet_psychiatry_2016.pdf,,openalex,openalex:analise_documental_elegibilidade:analise_documental_elegibilidade_2; openalex:beneficios_incapacidade_avaliacao_medico_pericial:beneficios_incapacidade_avaliacao_medico_pericial_3,0.0,CONCLUIDA,3.0,INCERTO_METADADOS,58.0,Benefícios por incapacidade e avaliação médico-pericial,Pode ter utilidade contextual sobre carga de transtornos mentais e incapacidade.,"Resumo ausente e provável foco em carga global de doença, não em processos periciais ou benefícios.","O título sugere estimativa de carga global de doença mental, possivelmente distante da pergunta da revisão. Sem resumo, não é possível confirmar exclusão com segurança apenas pelos metadados.",PENDENTE,,,NAO_INICIADO,,PENDENTE,,,,,,,,
semantic_scholar:7aa67e9fdd9ccd5b1032c44a67d720f15b98df0a,Chapter 6 Early Retirement,K. Bolin; Matias Eklöf; D. Hallberg; S. Höjgård; B. Lindgren,2008,,10.1016/s0573-8555(07)00006-5,https://www.semanticscholar.org/paper/7aa67e9fdd9ccd5b1032c44a67d720f15b98df0a,,,semantic_scholar,semantic_scholar:analise_documental_elegibilidade:analise_documental_elegibilidade_2,0.0,CONCLUIDA,3.0,INCERTO_METADADOS,51.0,Benefícios por incapacidade e avaliação médico-pericial,,"Registros sem título, resumo ou metadados suficientes para triagem humana.","Título genérico sobre aposentadoria precoce; sem resumo ou fonte detalhada, não é possível verificar relação com benefícios por incapacidade ou avaliação pericial.",PENDENTE,,,NAO_INICIADO,,PENDENTE,,,,,,,,
semantic_scholar:5540b8b3b0f742453d04130ea623a00e0de52a4e,Inpatient Rehabilitation Units: Age and Comorbidities Are Not Relevant if Admission Fits the Mission,L. Tesio,2018,,10.1007/978-3-319-57406-6_54,https://www.semanticscholar.org/paper/5540b8b3b0f742453d04130ea623a00e0de52a4e,,,semantic_scholar,semantic_scholar:capacidade_filas_alocacao:capacidade_filas_alocacao_3,0.0,CONCLUIDA,3.0,INCERTO_METADADOS,42.0,"Capacidade, filas e alocação de serviços",Título sugere critérios de admissão e capacidade em unidades de reabilitação.,"Metadados insuficientes e provável foco assistencial/hospitalar, não em benefícios por incapacidade ou perícia.","O título menciona unidades de reabilitação internadas e adequação de admissão à missão do serviço. Sem resumo, não há base para relacionar ao escopo pericial-administrativo.",PENDENTE,,,NAO_INICIADO,,PENDENTE,,,,,,,,
semantic_scholar:2d5be8d0b366c6d86d71e44a33876679846b706b,Developing disease quality management and improving medical service capacity,Zhang Zhenwei,2010,,,https://www.semanticscholar.org/paper/2d5be8d0b366c6d86d71e44a33876679846b706b,,,semantic_scholar,semantic_scholar:capacidade_filas_alocacao:capacidade_filas_alocacao_2,0.0,CONCLUIDA,2.0,INCERTO_METADADOS,93.0,"Capacidade, filas e alocação de serviços",Título sugere gestão da qualidade e capacidade de serviços médicos.,"Registros sem título, resumo ou metadados suficientes para triagem humana.","O título é genérico e o registro não traz resumo nem periódico. Metadados insuficientes para verificar relação com incapacidade, avaliação médico-pericial, triagem documental ou teleperícia.",PENDENTE,,,NAO_INICIADO,,PENDENTE,,,,,,,,
crossref:10.31525/ct1-nct03840642,Examining an Adaptive Telehealth Intervention,Case Medical Research,2000,Case Medical Research,10.31525/ct1-nct03840642,https://doi.org/10.31525/ct1-nct03840642,,,crossref,crossref:telepericia_avaliacao_remota:telepericia_avaliacao_remota_3,0.0,CONCLUIDA,2.0,INCERTO_METADADOS,80.0,Teleperícia e avaliação remota,Pode envolver intervenção por telehealth.,"Registros sem título, resumo ou metadados suficientes para triagem humana.","Sem resumo e com título muito amplo. Não é possível inferir relação com benefícios por incapacidade, avaliação pericial, elegibilidade ou gestão de filas.",PENDENTE,,,NAO_INICIADO,,PENDENTE,,,,,,,,
crossref:10.31525/ct1-nct04201028,Telehealth Program in Usual Care Setting,Case Medical Research,2019,Case Medical Research,10.31525/ct1-nct04201028,https://doi.org/10.31525/ct1-nct04201028,,,crossref,crossref:telepericia_avaliacao_remota:telepericia_avaliacao_remota_3,0.0,CONCLUIDA,2.0,INCERTO_METADADOS,80.0,Teleperícia e avaliação remota,Pode envolver implementação de programa de telehealth.,"Registros sem título, resumo ou metadados suficientes para triagem humana.","Sem resumo e título inespecífico. Não há elementos suficientes para aferir aderência aos eixos de incapacidade, perícia, triagem documental ou gestão de demanda.",PENDENTE,,,NAO_INICIADO,,PENDENTE,,,,,,,,
openalex:https://openalex.org/W2753659610,Definition and recommendations for advance care planning: an international consensus supported by the European Association for Palliative Care,Judith Rietjens; Rebecca L. Sudore; Michael Connolly; Johannes J. M. van Delden; Margaret A. Drickamer; Mirjam Droger; Agnes van der Heide; Daren K. Heyland; Dirk Houttekier; Daisy J.A. Janssen; Luciano Orsi; Sheila Payne; Jane Seymour; Ralf J. Jox; Ida J. Korfage,2017,The Lancet Oncology,10.1016/s1470-2045(17)30582-x,https://doi.org/10.1016/s1470-2045(17)30582-x,http://www.thelancet.com/article/S147020451730582X/pdf,,openalex,openalex:analise_documental_elegibilidade:analise_documental_elegibilidade_3,0.0,CONCLUIDA,2.0,INCERTO_METADADOS,74.0,Análise documental e elegibilidade,"Metadados insuficientes; pode tangenciar documentação e planejamento de cuidados, mas não há evidência de relação com incapacidade laboral/perícia.",Registro sem resumo suficiente para triagem humana confiável.,"O título trata de planejamento antecipado de cuidados em oncologia/paliativos. Sem resumo, não é possível confirmar relação com certificação, elegibilidade administrativa ou avaliação pericial.",PENDENTE,,,NAO_INICIADO,,PENDENTE,,,,,,,,
openalex:https://openalex.org/W2016727213,Socio-economic health differences in the Netherlands: A review of recent empirical findings,Johan P. Mackenbach,1992,Social Science & Medicine,10.1016/0277-9536(92)90264-q,https://doi.org/10.1016/0277-9536(92)90264-q,https://www.sciencedirect.com/science/article/pii/027795369290264Q,,openalex,openalex:analise_documental_elegibilidade:analise_documental_elegibilidade_3,0.0,CONCLUIDA,2.0,INCERTO_METADADOS,71.0,Benefícios por incapacidade e avaliação médico-pericial,Metadados insuficientes para verificar eventual relação indireta com incapacidade ou desigualdades de saúde.,Registro sem resumo suficiente para triagem humana confiável.,"O título indica revisão sobre diferenças socioeconômicas em saúde na Holanda, mas não permite inferir relação com benefícios por incapacidade, perícia ou gestão de demanda. Ausência de resumo limita a avaliação.",PENDENTE,,,NAO_INICIADO,,PENDENTE,,,,,,,,
openalex:https://openalex.org/W2996789024,"Securing internet of medical things systems: Limitations, issues and recommendations",Jean-Paul A. Yaacoub; Mohamad Noura; Hassan Noura; Ola Salman; Elias Yaacoub; Raphaël Couturier; Ali Chehab,2019,Future Generation Computer Systems,10.1016/j.future.2019.12.028,https://doi.org/10.1016/j.future.2019.12.028,https://www.sciencedirect.com/science/article/am/pii/S0167739X19305680?via%3Dihub,,openalex,openalex:telepericia_avaliacao_remota:telepericia_avaliacao_remota_3,0.0,CONCLUIDA,2.0,INCERTO_METADADOS,68.0,"Equidade territorial, qualidade e controle","Título sugere segurança de sistemas médicos conectados, tangenciando controle.","Registros sem título, resumo ou metadados suficientes para triagem humana.","Sem resumo. Pelo título, o foco parece segurança de IoMT, provavelmente distante de perícia e benefícios por incapacidade, mas os metadados são insuficientes para confirmação segura.",PENDENTE,,,NAO_INICIADO,,PENDENTE,,,,,,,,
crossref:10.1057/9781137502445.0003,The Campus Divide,,,Disability Services and Disability Studies in Higher Education,10.1057/9781137502445.0003,https://doi.org/10.1057/9781137502445.0003,,,crossref,crossref:capacidade_filas_alocacao:capacidade_filas_alocacao_3,0.0,CONCLUIDA,2.0,INCERTO_METADADOS,68.0,"Equidade territorial, qualidade e controle",Metadados insuficientes para identificar aderência.,"Registros sem título, resumo ou metadados suficientes para triagem humana.","Título pouco informativo ('The Campus Divide'), sem resumo, em livro sobre disability services no ensino superior. Aparentemente fora do escopo, mas os metadados são insuficientes para afirmar com total segurança.",PENDENTE,,,NAO_INICIADO,,PENDENTE,,,,,,,,
semantic_scholar:c151ac38046241a11fd6680092f70fcf8d8e3806,"Educational Provision, Equity and Educational Accountability for Students with Disability: Intentions and Practice",J. Cumming,2012,,10.1007/978-94-007-2935-3_3,https://www.semanticscholar.org/paper/c151ac38046241a11fd6680092f70fcf8d8e3806,,,semantic_scholar,semantic_scholar:equidade_qualidade_controle:equidade_qualidade_controle_1,0.0,CONCLUIDA,1.0,INCERTO_METADADOS,78.0,"Equidade territorial, qualidade e controle",Metadados insuficientes para verificar aderência.,"Registros sem título, resumo ou metadados suficientes para triagem humana.","O título sugere provisão educacional, equidade e accountability para estudantes com deficiência, mas não há resumo nem periódico informado. Pelos metadados disponíveis, parece fora do escopo da revisão, porém a insuficiência de informações recomenda marcação por incerteza de metadados.",PENDENTE,,,NAO_INICIADO,,PENDENTE,,,,,,,,
crossref:10.1201/b19147-7,Medical Robotics,,2015,Telehealth and Mobile Health,10.1201/b19147-7,https://doi.org/10.1201/b19147-7,,,crossref,crossref:telepericia_avaliacao_remota:telepericia_avaliacao_remota_3,0.0,CONCLUIDA,1.0,INCERTO_METADADOS,78.0,Teleperícia e avaliação remota,Pode tangenciar telehealth por estar em obra da área.,"Registros sem título, resumo ou metadados suficientes para triagem humana.","Título genérico ('Medical Robotics') e ausência de resumo. Metadados insuficientes para verificar relação com incapacidade, certificação, triagem documental ou fluxo pericial.",PENDENTE,,,NAO_INICIADO,,PENDENTE,,,,,,,,
semantic_scholar:e95f1ee989d87231581f1035c292838691799272,Effective enactment of assessment for learning and student diversity in Australia,J. Cumming; F. V. D. Kleij,2016,,10.1007/978-3-319-39211-0_4,https://www.semanticscholar.org/paper/e95f1ee989d87231581f1035c292838691799272,,,semantic_scholar,semantic_scholar:equidade_qualidade_controle:equidade_qualidade_controle_1,0.0,CONCLUIDA,1.0,INCERTO_METADADOS,76.0,"Equidade territorial, qualidade e controle",Metadados insuficientes para verificar aderência.,"Registros sem título, resumo ou metadados suficientes para triagem humana.","O título remete a assessment for learning e diversidade estudantil na Austrália, sugerindo contexto educacional e não pericial. Sem resumo e sem periódico, os metadados são insuficientes para triagem segura.",PENDENTE,,,NAO_INICIADO,,PENDENTE,,,,,,,,
semantic_scholar:d6f10a0a5e9b35df6fb58bbb03e984abbfc17ce7,"Deafness, Disability and Inclusion: The Gap between Rhetoric and Practice",Mary Brennan,2003,,10.2304/pfie.2003.1.4.5,https://www.semanticscholar.org/paper/d6f10a0a5e9b35df6fb58bbb03e984abbfc17ce7,https://journals.sagepub.com/doi/pdf/10.2304/pfie.2003.1.4.5,,semantic_scholar,semantic_scholar:equidade_qualidade_controle:equidade_qualidade_controle_1,0.0,CONCLUIDA,1.0,INCERTO_METADADOS,75.0,"Equidade territorial, qualidade e controle",Metadados insuficientes para verificar aderência.,"Registros sem título, resumo ou metadados suficientes para triagem humana.","O título sugere discussão ampla sobre surdez, deficiência e inclusão, provavelmente em contexto social ou educacional. Sem resumo e sem periódico, não há base suficiente para avaliar aderência ao tema pericial.",PENDENTE,,,NAO_INICIADO,,PENDENTE,,,,,,,,
semantic_scholar:7be58719c78488c4e0b70802e12daab36a530bc0,Diverse Approaches to Parent Advocacy During Special Education Home—School Interactions,Audrey A. Trainor,2010,,10.1177/0741932508324401,https://www.semanticscholar.org/paper/7be58719c78488c4e0b70802e12daab36a530bc0,,,semantic_scholar,semantic_scholar:equidade_qualidade_controle:equidade_qualidade_controle_1,0.0,CONCLUIDA,1.0,INCERTO_METADADOS,74.0,"Equidade territorial, qualidade e controle",Metadados insuficientes para verificar aderência.,"Registros sem título, resumo ou metadados suficientes para triagem humana.","O título sugere advocacia parental em interações casa-escola na educação especial, aparentemente fora do escopo. Contudo, sem resumo e sem periódico, os metadados são insuficientes para triagem conclusiva.",PENDENTE,,,NAO_INICIADO,,PENDENTE,,,,,,,,
crossref:10.1057/9781137502445.0002,Introduction,,,Disability Services and Disability Studies in Higher Education,10.1057/9781137502445.0002,https://doi.org/10.1057/9781137502445.0002,,,crossref,crossref:capacidade_filas_alocacao:capacidade_filas_alocacao_3,0.0,CONCLUIDA,1.0,INCERTO_METADADOS,72.0,Benefícios por incapacidade e avaliação médico-pericial,Metadados insuficientes para identificar aderência.,"Registros sem título, resumo ou metadados suficientes para triagem humana.","Título genérico ('Introduction'), sem resumo e em livro sobre disability services no ensino superior. Metadados insuficientes e sem indicação aparente de relação com avaliação pericial ou benefícios por incapacidade.",PENDENTE,,,NAO_INICIADO,,PENDENTE,,,,,,,,
openalex:https://openalex.org/W2160177515,Reimbursing Live Organ Donors for Incurred Non-Medical Expenses: A Global Perspective on Policies and Programs,M. Sickand; Meaghan S. Cuerden; Scott Klarenbach; Akinlolu Ojo; Chirag R. Parikh; Neil Boudville; Amit X. Garg,2009,American Journal of Transplantation,10.1111/j.1600-6143.2009.02829.x,https://doi.org/10.1111/j.1600-6143.2009.02829.x,https://onlinelibrary.wiley.com/doi/pdfdirect/10.1111/j.1600-6143.2009.02829.x,,openalex,openalex:analise_documental_elegibilidade:analise_documental_elegibilidade_3,0.0,CONCLUIDA,1.0,INCERTO_METADADOS,68.0,"Equidade territorial, qualidade e controle","Metadados insuficientes; eventual relação remota com políticas e reembolso, mas não com incapacidade/perícia.",Registro sem resumo suficiente e sem relação aparente com a pergunta de pesquisa.,"O título trata de reembolso de despesas de doadores vivos de órgãos. Sem resumo e sem vínculo aparente com avaliação de incapacidade ou fluxo pericial, a tendência é de exclusão, mas os metadados são insuficientes.",PENDENTE,,,NAO_INICIADO,,PENDENTE,,,,,,,,
scopus:1,,,,,,,,,scopus,scopus:beneficios_incapacidade_avaliacao_medico_pericial:beneficios_incapacidade_avaliacao_medico_pericial_1,0.0,CONCLUIDA,0.0,INCERTO_METADADOS,99.0,Benefícios por incapacidade e avaliação médico-pericial,"Não é possível avaliar critérios de inclusão por ausência de título, resumo e metadados úteis.","Registros sem título, resumo ou metadados suficientes para triagem humana.","Registro sem título, resumo, periódico ou ano. Não há informação suficiente para pré-triagem baseada em aderência aparente.",PENDENTE,,,NAO_INICIADO,,PENDENTE,,,,,,,,
semantic_scholar:41512a13fbe9ae9c941b01dfcd5b542b562d9ebb,Assessment OF Quality OF Life After Cardiac Surgery in Children Using Modern Rehabilitation Tools,Kasimova Nodirabegim Adizjonovna,2025,,,https://www.semanticscholar.org/paper/41512a13fbe9ae9c941b01dfcd5b542b562d9ebb,,,semantic_scholar,semantic_scholar:telepericia_avaliacao_remota:telepericia_avaliacao_remota_2,0.0,CONCLUIDA,0.0,INCERTO_METADADOS,99.0,Teleperícia e avaliação remota,Metadados insuficientes; título sugere avaliação de qualidade de vida com ferramentas modernas de reabilitação.,Registro sem resumo ou metadados suficientes para triagem humana confiável.,"Sem resumo e sem periódico informado. O título não indica relação com benefícios por incapacidade, perícia ou certificação, mas os metadados são insuficientes para avaliação segura.",PENDENTE,,,NAO_INICIADO,,PENDENTE,,,,,,,,
semantic_scholar:9bf4a5689e91b6334dcf7c9b3a6303a0e94b1f20,Study Report from the Pragmatic Assessment of the NuvoAir Clinical Service in the Management of Patients with Chronic Obstructive Pulmonary Disease,E. Harker; J. J. Van Wormer; D. Qiao,2025,medRxiv,10.1101/2025.11.11.25339788,https://www.semanticscholar.org/paper/9bf4a5689e91b6334dcf7c9b3a6303a0e94b1f20,https://www.medrxiv.org/content/medrxiv/early/2025/11/13/2025.11.11.25339788.full.pdf,,semantic_scholar,semantic_scholar:telepericia_avaliacao_remota:telepericia_avaliacao_remota_2,0.0,CONCLUIDA,0.0,INCERTO_METADADOS,98.0,Teleperícia e avaliação remota,Título sugere avaliação pragmática de serviço clínico remoto.,Registro sem resumo suficiente; provável contexto assistencial sem relação pericial.,"Sem resumo. O título aponta para manejo clínico de DPOC por serviço NuvoAir, aparentemente assistencial. Não há informação suficiente para confirmar aderência aos eixos da revisão.",PENDENTE,,,NAO_INICIADO,,PENDENTE,,,,,,,,
openalex:https://openalex.org/W2133210361,"Family, Maternal, and Child Health Through Photovoice",Caroline C. Wang; Cheri Pies,2004,Maternal and Child Health Journal,10.1023/b:maci.0000025732.32293.4f,https://doi.org/10.1023/b:maci.0000025732.32293.4f,https://hdl.handle.net/2027.42/45326,,openalex,openalex:analise_documental_elegibilidade:analise_documental_elegibilidade_1,0.0,CONCLUIDA,0.0,INCERTO_METADADOS,97.0,Benefícios por incapacidade e avaliação médico-pericial,Metadados insuficientes para identificar eventual aderência.,Registro sem resumo e sem elementos suficientes para triagem confiável.,O título sugere tema de saúde materno-infantil e não há resumo disponível. Não é possível avaliar aderência aparente com segurança apenas pelos metadados.,PENDENTE,,,NAO_INICIADO,,PENDENTE,,,,,,,,
semantic_scholar:5d507320f8548b09ef10dd4b43dd5bd203da918f,Implementing Care Coordination and Transition Management in a Critical Care Telemetry Unit,L. Wilson; H. Kane,2017,,,https://www.semanticscholar.org/paper/5d507320f8548b09ef10dd4b43dd5bd203da918f,,,semantic_scholar,semantic_scholar:telepericia_avaliacao_remota:telepericia_avaliacao_remota_3,0.0,CONCLUIDA,0.0,INCERTO_METADADOS,97.0,"Capacidade, filas e alocação de serviços",,"Registros sem título, resumo ou metadados suficientes para triagem humana.","Há apenas título genérico sobre coordenação do cuidado em unidade de telemetria crítica, sem resumo e sem elementos suficientes para avaliar relação com incapacidade ou fluxo pericial.",PENDENTE,,,NAO_INICIADO,,PENDENTE,,,,,,,,
openalex:https://openalex.org/W2571458453,Defining Advance Care Planning for Adults: A Consensus Definition From a Multidisciplinary Delphi Panel,Rebecca L. Sudore; Hillary D. Lum; John J. You; Laura C. Hanson; Diane E. Meier; Steven Z. Pantilat; Daniel D. Matlock; Judith Rietjens; Ida J. Korfage; Christine S. Ritchie; Jean S. Kutner; Joan M. Teno; Judy Thomas; Ryan D. McMahan; Daren K. Heyland,2017,Journal of Pain and Symptom Management,10.1016/j.jpainsymman.2016.12.331,https://doi.org/10.1016/j.jpainsymman.2016.12.331,http://www.jpsmjournal.com/article/S0885392416312325/pdf,,openalex,openalex:analise_documental_elegibilidade:analise_documental_elegibilidade_3,0.0,CONCLUIDA,0.0,INCERTO_METADADOS,96.0,Benefícios por incapacidade e avaliação médico-pericial,Metadados insuficientes para avaliar eventual utilidade.,Sem resumo e título aparentemente fora do escopo temático da revisão.,"O título sugere planejamento antecipado de cuidados, não avaliação de incapacidade; sem resumo, a triagem confiável não é possível.",PENDENTE,,,NAO_INICIADO,,PENDENTE,,,,,,,,
semantic_scholar:4b32ee3d5c524120d6df3395f3c3608f61280a00,Specialist medical physicist in Sweden-implementation of a higher professional level raising the bar for patient safety and clinical precision for meeting future challenges in therapy and diagnostics.,Marie-Louise Aurumskjöld; A. Gustafsson; A. Tingberg,2026,Radiation Protection Dosimetry,10.1093/rpd/ncaf127,https://www.semanticscholar.org/paper/4b32ee3d5c524120d6df3395f3c3608f61280a00,,,semantic_scholar,semantic_scholar:telepericia_avaliacao_remota:telepericia_avaliacao_remota_3,0.0,CONCLUIDA,0.0,INCERTO_METADADOS,96.0,"Equidade territorial, qualidade e controle",,"Registros sem título, resumo ou metadados suficientes para triagem humana.","Título indica tema de física médica e segurança do paciente, sem resumo. Metadados insuficientes e sem relação aparente com incapacidade ou avaliação pericial.",PENDENTE,,,NAO_INICIADO,,PENDENTE,,,,,,,,
openalex:https://openalex.org/W2066937690,The challenge of emerging and re-emerging infectious diseases,David M. Morens; Gregory K. Folkers; Anthony S. Fauci,2004,Nature,10.1038/nature02759,https://doi.org/10.1038/nature02759,https://www.nature.com/articles/nature02759.pdf,,openalex,openalex:analise_documental_elegibilidade:analise_documental_elegibilidade_2,0.0,CONCLUIDA,0.0,INCERTO_METADADOS,96.0,Benefícios por incapacidade e avaliação médico-pericial,Metadados insuficientes para verificar aderência.,Registro sem resumo e título aparentemente fora do escopo.,"Sem resumo e com título sobre doenças infecciosas emergentes, não há base suficiente para triagem confiável; a aderência aparente é muito baixa.",PENDENTE,,,NAO_INICIADO,,PENDENTE,,,,,,,,
semantic_scholar:910985edc06cf50b594c4493f928913fd91f2c33,[Investigate the medical education all the way to specialist certification].,M. Randjelovic; O. Björgell; Barbro Edén; C. Halford; Anders Johansson; Lars Kihlström; Elisabeth Lindmark; U. U. Wort,2013,Läkartidningen,,https://www.semanticscholar.org/paper/910985edc06cf50b594c4493f928913fd91f2c33,,,semantic_scholar,semantic_scholar:telepericia_avaliacao_remota:telepericia_avaliacao_remota_3,0.0,CONCLUIDA,0.0,INCERTO_METADADOS,95.0,Benefícios por incapacidade e avaliação médico-pericial,,"Registros sem título, resumo ou metadados suficientes para triagem humana; Publicações em idioma diferente de português, inglês ou espanhol quando não houver informação suficiente para avaliação confiável.","Título em sueco sobre educação médica e certificação de especialista, sem resumo. Sem dados suficientes e sem relação aparente com avaliação de incapacidade.",PENDENTE,,,NAO_INICIADO,,PENDENTE,,,,,,,,
semantic_scholar:65ffab8a04232efb84b4134453b2eb122322b6f6,Working with families,Karen Argent and; M. Cronin,2017,,10.4324/9781315511696-5,https://www.semanticscholar.org/paper/65ffab8a04232efb84b4134453b2eb122322b6f6,,,semantic_scholar,semantic_scholar:analise_documental_elegibilidade:analise_documental_elegibilidade_3,0.0,CONCLUIDA,0.0,INCERTO_METADADOS,95.0,Benefícios por incapacidade e avaliação médico-pericial,"Metadados insuficientes para verificar relação com benefícios por incapacidade, avaliação médico-pericial ou gestão de fluxo.","Registros sem título, resumo ou metadados suficientes para triagem humana.",Título genérico ('Working with families') e ausência de resumo/periódico impedem avaliar aderência ao tema da revisão.,PENDENTE,,,NAO_INICIADO,,PENDENTE,,,,,,,,
semantic_scholar:271b6d0e3265daa00a21a9f136ea2d03a49ee1c1,[Is a reformation of the medical training worthwhile? The quality of the Hamburg curriculum under the old and the new board certification law].,H. van den Bussche; S. Anders; Maren Ehrhardt; Thomas Göttsche; B. Hüneke; A. Kohlschütter; Ralph Kothe; O. Kuhnigk; Karsten Neuber; M. Rijntjes; C. Quellmann; S. Harendza,2005,Zeitschrift fur arztliche Fortbildung und Qualitatssicherung,,https://www.semanticscholar.org/paper/271b6d0e3265daa00a21a9f136ea2d03a49ee1c1,,,semantic_scholar,semantic_scholar:telepericia_avaliacao_remota:telepericia_avaliacao_remota_3,0.0,CONCLUIDA,0.0,INCERTO_METADADOS,94.0,Benefícios por incapacidade e avaliação médico-pericial,,"Registros sem título, resumo ou metadados suficientes para triagem humana; Publicações em idioma diferente de português, inglês ou espanhol quando não houver informação suficiente para avaliação confiável.","Título em alemão sobre reforma da formação médica e certificação, sem resumo. Metadados insuficientes e sem aderência aparente ao tema da revisão.",PENDENTE,,,NAO_INICIADO,,PENDENTE,,,,,,,,
semantic_scholar:567986393963e6ae77da680eb3cd1ada60eabf52,[Paths to Swedish medical license for international medical graduates].,M. Hultin; A. Själander; M. Werner; Pernilla Hultberg; Oskar Ragnarsson; I. Skoglund; Anders Gottsäter; Peter J Svensson; Linda Appelberg; Maria Dahlin,2025,Läkartidningen,,https://www.semanticscholar.org/paper/567986393963e6ae77da680eb3cd1ada60eabf52,,,semantic_scholar,semantic_scholar:telepericia_avaliacao_remota:telepericia_avaliacao_remota_3,0.0,CONCLUIDA,0.0,INCERTO_METADADOS,94.0,Benefícios por incapacidade e avaliação médico-pericial,,"Registros sem título, resumo ou metadados suficientes para triagem humana; Publicações em idioma diferente de português, inglês ou espanhol quando não houver informação suficiente para avaliação confiável.","Título em sueco sobre licença médica para graduados internacionais, sem resumo. Não há elementos suficientes para avaliar aderência ao tema da revisão.",PENDENTE,,,NAO_INICIADO,,PENDENTE,,,,,,,,
pubmed:30726003,Prescription of Controlled Substances: Benefits and Risks.,Preuss CV; Kalava A; King KC,2026,,,https://pubmed.ncbi.nlm.nih.gov/30726003/,,,pubmed,pubmed:analise_documental_elegibilidade:analise_documental_elegibilidade_2; pubmed:beneficios_incapacidade_avaliacao_medico_pericial:beneficios_incapacidade_avaliacao_medico_pericial_3,0.0,CONCLUIDA,0.0,INCERTO_METADADOS,93.0,Análise documental e elegibilidade,Nenhum confirmável com os metadados disponíveis.,"Registros sem título, resumo ou metadados suficientes para triagem humana.","O título sobre prescrição de substâncias controladas não indica pertinência ao tema, e os metadados são insuficientes/inconsistentes (sem periódico e ano futuro). Sem resumo, não é possível avaliar aderência de forma confiável.",PENDENTE,,,NAO_INICIADO,,PENDENTE,,,,,,,,
crossref:10.3403/30374498u,Provision of services,,,,10.3403/30374498u,https://doi.org/10.3403/30374498u,,,crossref,crossref:capacidade_filas_alocacao:capacidade_filas_alocacao_2,0.0,CONCLUIDA,0.0,INCERTO_METADADOS,92.0,"Capacidade, filas e alocação de serviços",Metadados insuficientes para verificar eventual relação com provisão/organização de serviços.,"Registro sem título específico, resumo ou metadados suficientes para triagem humana confiável.","O título genérico 'Provision of services' e a ausência de resumo, periódico e contexto temático impedem avaliar aderência ao tema da revisão.",PENDENTE,,,NAO_INICIADO,,PENDENTE,,,,,,,,
crossref:10.3403/30374498,Provision of services,,,,10.3403/30374498,https://doi.org/10.3403/30374498,,,crossref,crossref:capacidade_filas_alocacao:capacidade_filas_alocacao_2,0.0,CONCLUIDA,0.0,INCERTO_METADADOS,92.0,"Capacidade, filas e alocação de serviços",Metadados insuficientes para verificar eventual relação com provisão/organização de serviços.,"Registro sem título específico, resumo ou metadados suficientes para triagem humana confiável.","O título genérico 'Provision of services' e a ausência de resumo, periódico e contexto temático impedem avaliar aderência ao tema da revisão.",PENDENTE,,,NAO_INICIADO,,PENDENTE,,,,,,,,
openalex:https://openalex.org/W3046994664,Assessment of Disparities in Digital Access Among Medicare Beneficiaries and Implications for Telemedicine,Eric T. Roberts; Ateev Mehrotra,2020,JAMA Internal Medicine,10.1001/jamainternmed.2020.2666,https://doi.org/10.1001/jamainternmed.2020.2666,https://jamanetwork.com/journals/jamainternalmedicine/articlepdf/2768771/jamainternal_roberts_2020_ld_200030_1601661032.12468.pdf,"quine from retail pharmacies, including an approximate additional 93 000 patients who received both hydroxychloroquine and azithromycin. First, evidence of efficacy in preventing or treating COVID-19 is limited. Treatment guidelines found insufficient clinical data to recommend for or against hydroxychloroquine or chloroquine use and recommend against combining either with azithromycin, except in clinical trials. 1 Second, because of reports of cardiac and other adverse events, the US Food and Drug Administration has cautioned against using hydroxychloroquine or chloroquine for COVID-19 outside of hospitalized settings or clinical trials. 5 If azithromycin is used with hydroxychloroquine or chloroquine, correcting electrolyte levels, completing electrocardiographic monitoring, and avoiding other QTc interval-prolonging drugs are recommended. 6 Third, sudden increases in demand for hydroxychloroquine and chloroquine limit availability for FDAapproved uses for rheumatoid arthritis, lupus, and malaria. 5 While some of the largest increases in hydroxychloroquine and chloroquine dispensing occurred in states with high COVID-19 case rates (eg, New Jersey, New York), other states with large increases in dispensing had moderate (eg, Florida) or low (eg, Hawaii) case rates.",openalex,openalex:telepericia_avaliacao_remota:telepericia_avaliacao_remota_2,0.0,CONCLUIDA,0.0,INCERTO_METADADOS,91.0,"Equidade territorial, qualidade e controle",Título sugere disparidades de acesso digital e implicações para telemedicina.,"Registros sem título, resumo ou metadados suficientes para triagem humana.","O título parece potencialmente relevante para acesso digital e telemedicina, mas o resumo fornecido está truncado/incompatível com o título, impedindo avaliação confiável da aderência aparente.",PENDENTE,,,NAO_INICIADO,,PENDENTE,,,,,,,,
openalex:https://openalex.org/W2051521434,The Global Burden of Skin Disease in 2010: An Analysis of the Prevalence and Impact of Skin Conditions,Roderick J. Hay; Nicole E. Johns; Hywel C Williams; Ian Bolliger; Robert P. Dellavalle; David J. Margolis; Robin Marks; Luigi Naldi; Martin A. Weinstock; Sarah K. Wulf; Catherine Michaud; Christopher J L Murray; Mohsen Naghavi,2013,Journal of Investigative Dermatology,10.1038/jid.2013.446,https://doi.org/10.1038/jid.2013.446,http://www.jidonline.org/article/S0022202X15368275/pdf,,openalex,openalex:telepericia_avaliacao_remota:telepericia_avaliacao_remota_1,0.0,CONCLUIDA,0.0,INCERTO_METADADOS,88.0,Benefícios por incapacidade e avaliação médico-pericial,Nenhum identificável pelos metadados disponíveis.,"Registros sem título, resumo ou metadados suficientes para triagem humana.","Título e periódico indicam estudo de carga global de doença dermatológica, aparentemente fora do escopo. Contudo, o resumo está ausente, limitando a confirmação apenas por metadados.",PENDENTE,,,NAO_INICIADO,,PENDENTE,,,,,,,,
openalex:https://openalex.org/W2043861297,"Global Surgery 2030: evidence and solutions for achieving health, welfare, and economic development",John G. Meara; Andrew Leather; Lars Hagander; Blake C. Alkire; Nivaldo Alonso; Emmanuel A. Ameh; Stephen W. Bickler; Lesong Conteh; Anna Dare; Justine Davies; Eunice Dérivois Mérisier; Shenaaz El‐Halabi; Paul E. Farmer; Atul A. Gawande; Rowan Gillies; Sarah Greenberg; Caris Grimes; Russell L. Gruen; Edna Adan Ismail; Thaim Buya Kamara; Chris Lavy; Ganbold Lundeg; Nyengo Mkandawire; Nakul Raykar; Johanna N. Riesel; Edgar B. Rodas; John Rose; Nobhojit Roy; Mark G. Shrime; Richard Sullivan; Stéphane Verguet; David Watters; Thomas G. Weiser; Iain H. Wilson; Gavin Yamey; Winnie Yip,2015,The Lancet,10.1016/s0140-6736(15)60160-x,https://doi.org/10.1016/s0140-6736(15)60160-x,http://www.thelancet.com/article/S014067361560160X/pdf,,openalex,openalex:telepericia_avaliacao_remota:telepericia_avaliacao_remota_1,0.0,CONCLUIDA,0.0,INCERTO_METADADOS,86.0,"Capacidade, filas e alocação de serviços",Nenhum identificável pelos metadados disponíveis.,"Registros sem título, resumo ou metadados suficientes para triagem humana.","O título sugere cirurgia global e soluções sistêmicas em saúde, provavelmente fora do escopo da revisão. Porém, sem resumo, os metadados são insuficientes para afastar completamente eventual utilidade sobre capacidade/acesso.",PENDENTE,,,NAO_INICIADO,,PENDENTE,,,,,,,,
openalex:https://openalex.org/W2142472354,"Global, regional, and national disability-adjusted life years (DALYs) for 306 diseases and injuries and healthy life expectancy (HALE) for 188 countries, 1990–2013: quantifying the epidemiological transition",Christopher J L Murray; Ryan M Barber; Kyle J Foreman; Ayşe Abbasoğlu Özgören; Foad Abd-Allah; Semaw Ferede Abera; Victor Aboyans; Jerry Abraham; Ibrahim Abubakar; Laith J. Abu‐Raddad; Niveen M. E. Abu-Rmeileh; Tom Achoki; Ilana N. Ackerman; Zanfina Ademi; Arsène Kouablan Adou; José Carmelo Adsuar; Ashkan Afshin; Emilie Agardh; Sayed Saidul Alam; Deena Alasfoor; Mohammed I Albittar; Miguel Alegretti; Zewdie Aderaw Alemu; Rafael Alfonso‐Cristancho; Samia Alhabib; Raghib Ali; François Alla; Peter Allebeck; Mohammad A. AlMazroa; Ubai Alsharif; Elena Álvarez; Nelson Alvis‐Guzmán; Azmeraw T. Amare; Emmanuel A Ameh; Heresh Amini; Walid Ammar; H Ross Anderson; Benjamin O. Anderson; Carl Abelardo T. Antonio; Palwasha Anwari; Johan Ärnlöv; Valentina Arsić‐Arsenijević; Al Artaman; Rana J Asghar; Reza Assadi; Lydia S Atkins; Marco Antonio Navarrete Ávila; Baffour Awuah; Victoria F Bachman; Alaa Badawi; Maria C Bahit; Kalpana Balakrishnan; Amitava Banerjee; Suzanne Barker‐Collo; Sı́món Barquera; Lars Barregård; Lope H. Barrero; Arindam Basu; Sanjay Basu; Mohammed Basulaiman; Justin Beardsley; Neeraj Bedi; Ettore Beghi; Tolesa Bekele; Michelle L. Bell; Corina Benjet; Derrick Bennett; Isabela M. Benseñor; Habib Benzian; Eduardo Bernabé; Amelia Bertozzi-Villa; Tariku J. Beyene; Neeraj Bhala; Ashish Bhalla; Zulfiqar A Bhutta; Kelly Bienhoff; Boris Bikbov; Stan Biryukov; Jed D Blore; Christopher D. Blosser; Fiona Blyth; Megan A Bohensky; Ian Bolliger; Berrak Bora Başara; Natan M. Bornstein; Dipan Bose; Soufiane Boufous; Rupert Bourne; Lindsay N. Boyers; Michael Brainin; Carol Brayne; Alexandra Bražinová; Nicholas J. K. Breitborde; Hermann Brenner; Adam Briggs; Peter Brooks; Jonathan C. Brown; Traolach Brugha; Rachelle Buchbinder; Geoffrey Buckle,2015,The Lancet,10.1016/s0140-6736(15)61340-x,https://doi.org/10.1016/s0140-6736(15)61340-x,https://cris.maastrichtuniversity.nl/en/publications/a633b64e-5397-46d3-bd3b-0bddad10fcfb,,openalex,openalex:beneficios_incapacidade_avaliacao_medico_pericial:beneficios_incapacidade_avaliacao_medico_pericial_3,0.0,CONCLUIDA,0.0,INCERTO_METADADOS,84.0,"Equidade territorial, qualidade e controle",,"Registros sem título, resumo ou metadados suficientes para triagem humana.","O título remete a DALYs e expectativa de vida saudável em escala global. Sem resumo disponível e sem indicação de relação com benefícios por incapacidade ou avaliação pericial, os metadados são insuficientes para confirmar aderência substantiva.",PENDENTE,,,NAO_INICIADO,,PENDENTE,,,,,,,,
openalex:https://openalex.org/W3013893137,Virological assessment of hospitalized patients with COVID-2019,Roman Wölfel; Victor M. Corman; Wolfgang Guggemos; Michael Seilmaier; Sabine Zange; Marcel A. Müller; Daniela Niemeyer; Terry C. Jones; Patrick Vollmar; Camilla Rothe; Michael Höelscher; Tobias Bleicker; Sebastian Brünink; Julia Schneider; Rosina Ehmann; Katrin Zwirglmaier; Christian Drosten; Clemens‐Martin Wendtner,2020,Nature,10.1038/s41586-020-2196-x,https://doi.org/10.1038/s41586-020-2196-x,https://www.nature.com/articles/s41586-020-2196-x.pdf,,openalex,openalex:capacidade_filas_alocacao:capacidade_filas_alocacao_2,0.0,CONCLUIDA,0.0,INCERTO_METADADOS,80.0,Benefícios por incapacidade e avaliação médico-pericial,Nenhum aparente pelos metadados disponíveis.,Metadados insuficientes; título sugere estudo virológico clínico sobre COVID-19 sem relação com perícia ou benefícios.,"Sem resumo e com título claramente clínico-laboratorial; ainda assim, pela regra, os metadados insuficientes impedem triagem totalmente segura.",PENDENTE,,,NAO_INICIADO,,PENDENTE,,,,,,,,
openalex:https://openalex.org/W2596624061,Standards of Medical Care in Diabetes—2010,,2009,Diabetes Care,10.2337/dc10-s011,https://doi.org/10.2337/dc10-s011,https://www.ncbi.nlm.nih.gov/pmc/articles/2797382,,openalex,openalex:capacidade_filas_alocacao:capacidade_filas_alocacao_2,0.0,CONCLUIDA,0.0,INCERTO_METADADOS,78.0,Benefícios por incapacidade e avaliação médico-pericial,Nenhum aparente pelos metadados disponíveis.,Metadados insuficientes; título sugere diretriz clínica de diabetes sem relação com perícia ou benefícios.,"Sem resumo e com título de guideline assistencial, aparentemente fora do escopo, mas com metadados insuficientes para triagem segura.",PENDENTE,,,NAO_INICIADO,,PENDENTE,,,,,,,,
openalex:https://openalex.org/W2463810424,Brain health: time matters in multiple sclerosis,Gavin Giovannoni; Helmut Butzkueven; Suhayl Dhib‐Jalbut; Jeremy Hobart; Gisela Kobelt; George Pepper; Maria Pia Sormani; Christoph Thalheim; Anthony Traboulsee; Timothy Vollmer,2016,Multiple Sclerosis and Related Disorders,10.1016/j.msard.2016.07.003,https://doi.org/10.1016/j.msard.2016.07.003,http://www.msard-journal.com/article/S221103481630102X/pdf,,openalex,openalex:capacidade_filas_alocacao:capacidade_filas_alocacao_1,0.0,CONCLUIDA,0.0,INCERTO_METADADOS,72.0,Benefícios por incapacidade e avaliação médico-pericial,Nenhum aparente pelos metadados disponíveis.,"Metadados insuficientes; título sugere tema clínico de esclerose múltipla, sem indicação de avaliação pericial ou fluxo de benefícios.","Registro sem resumo. Pelo título, parece artigo clínico/opinativo sobre tempo no manejo da esclerose múltipla, mas os metadados são insuficientes para triagem segura.",PENDENTE,,,NAO_INICIADO,,PENDENTE,,,,,,,,
openalex:https://openalex.org/W4213368610,Time for united action on depression: a Lancet–World Psychiatric Association Commission,Helen Herrman; Vikram Patel; Christian Kieling; Michael Berk; Claudia Buchweitz; Pim Cuijpers; Toshiaki A Furukawa; Ronald C Kessler; Brandon A Kohrt; Mario Maj; Patrick McGorry; Charles F Reynolds; Myrna M Weissman; Dixon Chibanda; Christopher Dowrick; Louise M Howard; Christina W Hoven; Martin Knapp; Helen S Mayberg; Brenda W J H Penninx; Shuiyuan Xiao; Madhukar Trivedi; Rudolf Uher; Lakshmi Vijayakumar; Miranda Wolpert,2022,The Lancet,10.1016/s0140-6736(21)02141-3,https://doi.org/10.1016/s0140-6736(21)02141-3,https://pure.amsterdamumc.nl/ws/files/197608862/Time-for-united-action-on-depression.pdf,,openalex,openalex:capacidade_filas_alocacao:capacidade_filas_alocacao_1,0.0,CONCLUIDA,0.0,INCERTO_METADADOS,70.0,Benefícios por incapacidade e avaliação médico-pericial,Nenhum aparente pelos metadados disponíveis.,"Metadados insuficientes; título sugere comissão/opinião sobre depressão sem foco explícito em perícia, elegibilidade ou gestão de fluxos.","Sem resumo. O título aponta para ação em saúde mental em nível amplo, não necessariamente para avaliação de incapacidade ou desenho de fluxo pericial.",PENDENTE,,,NAO_INICIADO,,PENDENTE,,,,,,,,
pubmed:26740991,,Debas HT; Donkor P; Gawande A; Jamison DT; Kruk ME; Mock CN,2015,,10.1596/978-1-4648-0346-8,https://pubmed.ncbi.nlm.nih.gov/26740991/,http://hdl.handle.net/10986/21568,,pubmed,pubmed:capacidade_filas_alocacao:capacidade_filas_alocacao_3,0.0,NAO_AVALIADA_LIMITE,,INCERTO_METADADOS,,,,,Registro preservado para revisão humana: excede o limite configurado de pré-triagem por IA.,PENDENTE,,,NAO_INICIADO,,PENDENTE,,,,,,,,
pubmed:11658546,"""Doctors' Dilemmas.",Taylor PJ; Jerram T; Forsythe M,1985,British medical journal (Clinical research ed.),,https://pubmed.ncbi.nlm.nih.gov/11658546/,,,pubmed,pubmed:capacidade_filas_alocacao:capacidade_filas_alocacao_3,0.0,NAO_AVALIADA_LIMITE,,INCERTO_METADADOS,,,,,Registro preservado para revisão humana: excede o limite configurado de pré-triagem por IA.,PENDENTE,,,NAO_INICIADO,,PENDENTE,,,,,,,,
pubmed:39774815,"""Fear of the unknown"": Health, disability, and stakeholder perspectives on the behavioral and social drivers of vaccination in children with disability in Fiji.",Power R; Vakaloloma U; Jahan I; Perera S; Tuibeqa I; Devi R; Volavola L; May W; Wilson D; Tuimabu L; Khandaker G; Sheel M; Australian Immunisation and Disability Investigators,2025,PLOS global public health,10.1371/journal.pgph.0004132,https://pubmed.ncbi.nlm.nih.gov/39774815/,https://doi.org/10.1371/journal.pgph.0004132,,pubmed,pubmed:capacidade_filas_alocacao:capacidade_filas_alocacao_1,0.0,NAO_AVALIADA_LIMITE,,INCERTO_METADADOS,,,,,Registro preservado para revisão humana: excede o limite configurado de pré-triagem por IA.,PENDENTE,,,NAO_INICIADO,,PENDENTE,,,,,,,,
europe_pmc:42328091,"""Treat us Like Human Beings"": Messages and Recommendations to U.S. Policymakers and Veterans Health Administration Providers from a Qualitative Inquiry Into the Health Experiences of Gulf War Veterans With Gulf War Illness.","Montague KA, Lafferty M, Graham M, Nugent SM.",2026,,10.1177/23743735261461919,https://doi.org/10.1177/23743735261461919,https://europepmc.org/articles/PMC13276235?pdf=render,"Gulf War Illness (GWI) affects many U.S. Veterans of the 1990-1991 Persian Gulf War (GWVs), yet recognition of the condition and effective treatments remain limited. GWVs with GWI describe feeling dismissed by institutions tasked with their benefits and healthcare, fueling mistrust and disengagement. This qualitative study explored the messages GWVs with GWI wished to convey to the Department of Veterans Affairs (VA) providers and U.S. policymakers. We conducted semi-structured interviews (2019-2022) with a national sample of 39 GWVs with GWI. Veterans emphasized persistent challenges in transitioning to VA care, navigating complex disability claims, and obtaining recognition of GWI as a chronic, service-connected illness. Participants perceived inequities in recognition, benefits, and other support compared to other service eras, and mistrust in compensation and pension processes. Finally, central to these GWI narratives was a desire to be heard, acknowledged, and validated. These findings underscore the importance of Veteran-informed policies, provider education, and empathetic and cooperative dialogue in restoring trust and improving care for GWI.",europe_pmc,europe_pmc:capacidade_filas_alocacao:capacidade_filas_alocacao_1,0.0,NAO_AVALIADA_LIMITE,,INCERTO_METADADOS,,,,,Registro preservado para revisão humana: excede o limite configurado de pré-triagem por IA.,PENDENTE,,,NAO_INICIADO,,PENDENTE,,,,,,,,
europe_pmc:42117663,"""Voluntary"" but Pressured: Informal Coercion Mechanisms in Inpatient Psychiatry and a Nursing-Led Safeguard Package.",Grant E.,2026,,10.1177/15271544261444727,https://doi.org/10.1177/15271544261444727,,"Legally voluntary psychiatric inpatients can nonetheless experience informal coercion-pressure, leverage, or implied threats without a formal legal order-yet nursing standards and facility oversight often leave it unmeasured and unmanaged. This article synthesizes evidence on coercion mechanisms in inpatient mental health care, links them to patient outcomes, and proposes implementable safeguards. Six mechanism families commonly operate: discharge/placement leverage (delaying discharge or preferred placement unless patients comply); the ""legal shadow"" (invoking possible involuntary conversion); conditional privileges (phones, visitors, leave, or activities tied to participation); external contingencies (housing, custody, benefits, probation, or immigration consequences linked to hospital recommendations); procedural and documentation pressure (coercive language in plans, notes, or summaries); and interpersonal persuasion that crosses into relational coercion. Across perceived-coercion measurement studies, qualitative accounts, and therapeutic-alliance research, these mechanisms are associated with reduced trust, weaker alliance, trauma symptoms, disengagement, complaints, and higher risk of readmission or adverse events. Nurses are pivotal in privilege decisions, care planning, discharge preparation, and documentation, but often lack clear guidance for reducing coercion while maintaining safety. Policy options evaluated include routine coercion audits, patient advisory review, limits on privilege-conditionality, mandatory documentation review, and targeted training. A recommended package combines brief patient-reported coercion measures, simulation-based nursing education with competency assessment, explicit limits on privilege-based leverage, and independent documentation audits. Implementation requires alignment across hospital governance, state regulators, and professional organizations. Accountability metrics include quarterly coercion scores, privilege-policy adherence, audit findings, competency certification rates, complaint and seclusion trends, and voluntary-to-involuntary conversion ratios. Limitations include observational evidence, legal heterogeneity, and resource constraints.",europe_pmc,europe_pmc:equidade_qualidade_controle:equidade_qualidade_controle_3,0.0,NAO_AVALIADA_LIMITE,,INCERTO_METADADOS,,,,,Registro preservado para revisão humana: excede o limite configurado de pré-triagem por IA.,PENDENTE,,,NAO_INICIADO,,PENDENTE,,,,,,,,
pubmed:38422563,'Evaluation of testamentary capacity: A systematic review'.,Aravind H; Taylor M; Gill N,2024,International journal of law and psychiatry,10.1016/j.ijlp.2024.101969,https://pubmed.ncbi.nlm.nih.gov/38422563/,https://doi.org/10.1016/j.ijlp.2024.101969,,pubmed,pubmed:capacidade_filas_alocacao:capacidade_filas_alocacao_2,0.0,NAO_AVALIADA_LIMITE,,INCERTO_METADADOS,,,,,Registro preservado para revisão humana: excede o limite configurado de pré-triagem por IA.,PENDENTE,,,NAO_INICIADO,,PENDENTE,,,,,,,,
europe_pmc:PMC12777019,258 Association of family and community connectedness with childhood violence in Uganda‘s refugee settings,,2025,,,,https://www.ncbi.nlm.nih.gov/pmc/articles/PMC12777019/pdf/?tool=EBI,,europe_pmc,europe_pmc:analise_documental_elegibilidade:analise_documental_elegibilidade_1,0.0,NAO_AVALIADA_LIMITE,,INCERTO_METADADOS,,,,,Registro preservado para revisão humana: excede o limite configurado de pré-triagem por IA.,PENDENTE,,,NAO_INICIADO,,PENDENTE,,,,,,,,
europe_pmc:PMC13173050,266 Stakeholder-engaged adaptation of a dementia caregiving intervention for families of aging adults with Down syndrome,"Bodde A, Ptomey L, Vidoni E, Teri L, Pelter M, Sherman J.",,,,,https://www.ncbi.nlm.nih.gov/pmc/articles/PMC13173050/pdf/?tool=EBI,,europe_pmc,europe_pmc:telepericia_avaliacao_remota:telepericia_avaliacao_remota_1,0.0,NAO_AVALIADA_LIMITE,,INCERTO_METADADOS,,,,,Registro preservado para revisão humana: excede o limite configurado de pré-triagem por IA.,PENDENTE,,,NAO_INICIADO,,PENDENTE,,,,,,,,
europe_pmc:PMC12777137,279 Mental health trajectories and family functioning among Syrian refugees in Switzerland: a five-year longitudinal study,,2025,,,,https://www.ncbi.nlm.nih.gov/pmc/articles/PMC12777137/pdf/?tool=EBI,,europe_pmc,europe_pmc:analise_documental_elegibilidade:analise_documental_elegibilidade_1,0.0,NAO_AVALIADA_LIMITE,,INCERTO_METADADOS,,,,,Registro preservado para revisão humana: excede o limite configurado de pré-triagem por IA.,PENDENTE,,,NAO_INICIADO,,PENDENTE,,,,,,,,
europe_pmc:PMC12776732,420 Empowering refugee female healthcare workers: a community-driven approach to advancing equity and inclusion,,2025,,,,https://www.ncbi.nlm.nih.gov/pmc/articles/PMC12776732/pdf/?tool=EBI,,europe_pmc,europe_pmc:analise_documental_elegibilidade:analise_documental_elegibilidade_1,0.0,NAO_AVALIADA_LIMITE,,INCERTO_METADADOS,,,,,Registro preservado para revisão humana: excede o limite configurado de pré-triagem por IA.,PENDENTE,,,NAO_INICIADO,,PENDENTE,,,,,,,,
pubmed:31293279,[An assessment of work ability after the completion of rehabilitation as part of disability pension prevention of the Social Insurance Institution among people with chronic musculoskeletal diseases].,Przysada G; Kilian J; Wiśniowska-Szurlej A; Sozański B; Piwoński P; Drużbicki M; Wilmowska-Pietruszyńska A; Ćwirlej-Sozańska A,2019,Medycyna pracy,10.13075/mp.5893.00826,https://pubmed.ncbi.nlm.nih.gov/31293279/,http://medpr.imp.lodz.pl/pdf-103653-41048?filename=An assessment of work.pdf,"Wstęp Wzrastająca liczba osób pobierających świadczenia z tytułu niezdolności do pracy jest dużym obciążeniem budżetu państwa. W celu zmniejszania skali tego zjawiska Zakład Ubezpieczeń Społecznych (ZUS) realizuje program rehabilitacji w ramach prewencji rentowej. Materiał i metody Badanie przeprowadzono na podstawie analizy dokumentacji medycznej 607 pacjentów rehabilitowanych w latach 2011−2013 w Klinicznym Szpitalu Wojewódzkim nr 2 im. św. Jadwigi Królowej w Rzeszowie w ramach prewencji rentowej ZUS. Dokumentację medyczną stanowiła historia choroby i wyniki rekomendowanego przez ZUS Testu funkcjonalnego. Po 2 latach od zakończenia rehabilitacji (2013−2015) przeprowadzono telefoniczne badanie kontrolne dotyczące losów zawodowych rehabilitowanych pacjentów, w którym wzięło udział 118 osób. Wyniki Analiza dokumentacji dotyczącej postępów usprawniania po zakończeniu leczenia z wykorzystaniem Testu funkcjonalnego wykazała, że we wszystkich grupach pacjentów, u których zostało przeprowadzone badanie końcowe, przeważały osoby, u których wystąpił ból powysiłkowy, z pełną wydolnością fizyczną, o nieznacznym ograniczeniu ruchomości, z pełną sprawnością w zakresie czynności dnia codziennego, prawidłową siłą mięśniową, zdolnościami lokomocyjnymi i prawidłową sprawnością psychospołeczną. Zdecydowana większość badanych otrzymała rekomendację pracy na przystosowanym stanowisku. Wykazano także, że w dwuletnim okresie obserwacji odsetek badanych aktywnych zawodowo zwiększył się z 56% do 61,02%. Wnioski Na podstawie wyników Testu funkcjonalnego stwierdzono, że do najważniejszych obszarów warunkujących powrót do pracy należą sprawność psychospołeczna i poziom odczuwanych dolegliwości bólowych. Med. Pr. 2019;70(4):459–473Background The increasing number of people receiving benefits due to incapacity for work is a heavy burden for the state budget. In order to reduce the scale of this phenomenon, the Social Insurance Institution (ZUS) carries out a rehabilitation program as part of disability pension prevention. Material and Methods The study was based on the analysis of medical documentation of 607 patients rehabilitated at the Saint Queen Jadwiga’s Regional Clinical Hospital No. 2 in Rzeszow, as part of the ZUS prevention of disability pension program in 2011−2013. Medical documentation included the medical history and results of the Functional Test recommended by ZUS. Two years after the completion of rehabilitation, a telephone check was conducted among 118 rehabilitated patients to assess their occupational status. Results The analysis of the Functional Test documentation showed that in all groups of wykorzystująpatients included in the rehabilitation program, as well as those among whom the control was carried out, the majority were people with post-exercise pain, full physical fitness, slight mobility limitation, full efficiency in everyday activities, correct strength of muscles and moving abilities, as well as normal psychosocial efficiency. The vast majority of them received a recommendation regarding work in a properly-adjusted position. It was shown that in the 2-year observation period, the percentage of professionally active people increased from 56% to 61.02%. Conclusions The most important factors determining the return to work include psychosocial efficiency and the level of pain. Med Pr. 2019;70(4):459–7",core; pubmed,core:analise_documental_elegibilidade:analise_documental_elegibilidade_3; pubmed:analise_documental_elegibilidade:analise_documental_elegibilidade_3,0.0,NAO_AVALIADA_LIMITE,,INCERTO_METADADOS,,,,,Registro preservado para revisão humana: excede o limite configurado de pré-triagem por IA.,PENDENTE,,,NAO_INICIADO,,PENDENTE,,,,,,,,
pubmed:35620178,[Data collection and inclusion of the population with disabilities during the COVID-19 pandemic in Latin America and the CaribbeanColeta de dados na pandemia de COVID-19 e a inclusão de pessoas com deficiência na América Latina e no Caribe].,Pinilla-Roncancio M; Rodríguez Caicedo N,2022,Revista panamericana de salud publica = Pan American journal of public health,10.26633/rpsp.2022.44,https://pubmed.ncbi.nlm.nih.gov/35620178/,https://iris.paho.org/bitstream/10665.2/56004/1/v46e442022.pdf,,pubmed,pubmed:analise_documental_elegibilidade:analise_documental_elegibilidade_1,0.0,NAO_AVALIADA_LIMITE,,INCERTO_METADADOS,,,,,Registro preservado para revisão humana: excede o limite configurado de pré-triagem por IA.,PENDENTE,,,NAO_INICIADO,,PENDENTE,,,,,,,,
pubmed:21833916,[Evaluation of work capacity and issuance of a work disability certificate].,Coggon D; Palmer KT,2011,Praxis,10.1024/1661-8157/a000628,https://pubmed.ncbi.nlm.nih.gov/21833916/,,,pubmed,pubmed:beneficios_incapacidade_avaliacao_medico_pericial:beneficios_incapacidade_avaliacao_medico_pericial_3,0.0,NAO_AVALIADA_LIMITE,,INCERTO_METADADOS,,,,,Registro preservado para revisão humana: excede o limite configurado de pré-triagem por IA.,PENDENTE,,,NAO_INICIADO,,PENDENTE,,,,,,,,
europe_pmc:41991739,[Expert assessment of blindness].,Rohrschneider K.,2026,,10.1007/s00347-026-02426-8,https://doi.org/10.1007/s00347-026-02426-8,,"The determination of blindness is a secondary aspect usually performed by ophthalmologists at the request of visually impaired patients during medical treatment. It is essential to understand that proving blindness requires an examination conducted under expert conditions; it cannot be based solely on records gathered during a routine doctor-patient consultation. Important are a visual acuity test according to DIN 58220 and manual kinetic perimetry using a Goldmann perimeter or other approved devices. Functional deficits must be morphologically explainable and objectively verifiable based on the diagnosis and other objective examination findings. Due to the potentially high costs associated with blindness and in claims from social law, stringent standards must be applied to its determination; blindness must be established with near certainty.",europe_pmc,europe_pmc:beneficios_incapacidade_avaliacao_medico_pericial:beneficios_incapacidade_avaliacao_medico_pericial_1,0.0,NAO_AVALIADA_LIMITE,,INCERTO_METADADOS,,,,,Registro preservado para revisão humana: excede o limite configurado de pré-triagem por IA.,PENDENTE,,,NAO_INICIADO,,PENDENTE,,,,,,,,
pubmed:36377453,[Exploration and practice of building tele-critical care system].,Wei G; Yuan Z; Jing Y; Zhou W; Wang F; Liu Y; Yao B; Xing J,2022,Zhonghua wei zhong bing ji jiu yi xue,10.3760/cma.j.cn121430-20220310-00233,https://pubmed.ncbi.nlm.nih.gov/36377453/,,,pubmed,pubmed:telepericia_avaliacao_remota:telepericia_avaliacao_remota_3,0.0,NAO_AVALIADA_LIMITE,,INCERTO_METADADOS,,,,,Registro preservado para revisão humana: excede o limite configurado de pré-triagem por IA.,PENDENTE,,,NAO_INICIADO,,PENDENTE,,,,,,,,
pubmed:36753175,[Occupational performance and application of the International Classification of Functioning (ICF) in a rehabilitation service].,Alves MT; Cavalcanti A; Garavello I; Kososki E; Martins Silva E Dutra FC,2019,"Revista de salud publica (Bogota, Colombia)",10.15446/rsap.v21n3.76011,https://pubmed.ncbi.nlm.nih.gov/36753175/,https://doi.org/10.15446/rsap.v21n3.76011,,pubmed,pubmed:analise_documental_elegibilidade:analise_documental_elegibilidade_1,0.0,NAO_AVALIADA_LIMITE,,INCERTO_METADADOS,,,,,Registro preservado para revisão humana: excede o limite configurado de pré-triagem por IA.,PENDENTE,,,NAO_INICIADO,,PENDENTE,,,,,,,,
