id_registro,titulo,autores,ano,periodico,doi,url,url_pdf_aberto,resumo,fontes,consultas_busca,pontuacao_relevancia,status_pre_triagem_ia,escore_aderencia_ia,recomendacao_ia,confianca_ia,bloco_tematico_ia,criterio_inclusao_ia,criterio_exclusao_ia,justificativa_ia,decisao_titulo_resumo,motivo_exclusao_titulo_resumo,texto_completo_local,decisao_texto_completo,motivo_exclusao_texto_completo,incluir_final,observacoes,pais_contexto,objetivo_estudo,desenho_metodo,amostra_base,achados_principais,limitacoes,contribuicao_pergunta
semantic_scholar:daf0642c3cc63c4fe571e7d8a2c7fd20371e796d,Telehealth Intervention: A Proposal for a Telemedicine Manual to Ascertain the Civil Disability Status in Italy,N. Di Fazio; G. Delogu; D. Morena; Eugenia Carfora; Dalila Tripi; R. Rinaldi; P. Frati; V. Fineschi,2024,International Journal of Environmental Research and Public Health,10.3390/ijerph21030253,https://www.semanticscholar.org/paper/daf0642c3cc63c4fe571e7d8a2c7fd20371e796d,https://www.mdpi.com/1660-4601/21/3/253/pdf?version=1708613056,"(1) This paper aims to propose a telematic method for assessing the state of disability by a social worker member of the Medico-Legal Commissions of INPS. (2) We have proceeded to delve into and compare the current methods with new strategies to enhance the experience linked to the assessment of the status of disability in terms of timing and accessibility, eliminating the need for a direct visit. (3) The proposed protocol can be applied in cases where patients cannot be physically moved, following a medical visit at home, and when the mere evaluation of documents is sufficient. In both cases, a remote session with the Commission is necessary to fill in the required information about the socio-environmental section. This protocol can be applied to different platforms such as Skype™ since it is free and widely used throughout the country. (4) It should be noted that telemedicine solutions cannot completely replace face-to-face interaction; however, in some limited cases, they can optimize the process and timing, avoiding the need to move or interact only by telephone.",core; semantic_scholar,core:telepericia_avaliacao_remota:telepericia_avaliacao_remota_2; semantic_scholar:telepericia_avaliacao_remota:telepericia_avaliacao_remota_2,0.0,CONCLUIDA,92.0,PRIORIDADE_ALTA,96.0,Teleperícia e avaliação remota,"Estudo que aborda avaliação médica remota/teleperícia aplicada à determinação de status de deficiência, com discussão de análise documental, acessibilidade e tempo do processo.",,"O resumo descreve proposta de método telemático para aferição de status de deficiência no contexto médico-legal do INPS, incluindo comparação com métodos atuais, uso de documentos, sessão remota com comissão e otimização de tempo e acessibilidade. Alta aderência ao redesenho de fluxo entre análise documental e avaliação remota.",PENDENTE,,,NAO_INICIADO,,PENDENTE,,,,,,,,
pubmed:26679500,[Ophthalmological assessment in procedures for disability benefits for the blind : Why medical certificates alone are insufficient].,von Livonius B; Pause H; Ulbig M,2016,Der Ophthalmologe : Zeitschrift der Deutschen Ophthalmologischen Gesellschaft,10.1007/s00347-015-0189-1,https://pubmed.ncbi.nlm.nih.gov/26679500/,https://core.ac.uk/download/623894890.pdf,"Financial aid for the blind which is awarded based only on medical certificates and results of examinations has in the past resulted in too many false diagnoses; therefore, Bavaria seeks to pay financial aid to the blind only on the basis of a specific ophthalmological assessment according to the standards of the German pension medical ordinance (VersMedV, Versorgungsmedizinische Verordnung). Because these ophthalmological assessments initially contribute to a higher financial burden on the state, longer processing times and inconvenience to the patient, investigations should be undertaken to determine if ophthalmological findings, reports and medical certificates can be a suitable basis for an expert assessment and in how many cases blindness which had been certified by the original examination could be confirmed by a specific ophthalmological assessment.A total of 925 applications for financial assistance to the blind within the catchment area of the Bavarian Center for Family and Social Services (ZBFS, Zentrum Bayern Familie und Soziales) regional center in Upper Bavaria between 2003 and 2008, all of which had been subjected to an assessment by the same practitioner acting as external expert, were statistically analyzed.Of the 357 applicants who had been classified as blind according to the medical certificate and findings, 283 (79 %) were confirmed as being blind after the assessment and in 73 (21 %) blindness could not be confirmed. Of the 262 applicants who were classified as not being blind during the first examination, the diagnosis was confirmed in 192 (73 %) while 70 cases (27 %) were classified as blind. Of the 304 applicants for whom an assessment was not possible by the medical certification, 165 were ultimately classified as blind and 139 as not blind. Out of 32 applicants who were explicitly classified as being blind in the medical certificate, 13 were confirmed as being blind while the remaining 18 were classified in the subsequent assessment as not blind.Apart from unambiguous cases, the awarding of financial aid to the blind should only be based on an ophthalmological assessment which follows the VersMedV guidelines. Only this approach can result in an equal treatment of all applicants before the law and the awarding of financial aid to the blind to assist those truly in need. In addition, fiscal budget results revealed that the falsely awarded financial aid to the blind reached well beyond millions of Euros",core; pubmed,core:analise_documental_elegibilidade:analise_documental_elegibilidade_2; pubmed:analise_documental_elegibilidade:analise_documental_elegibilidade_2; pubmed:beneficios_incapacidade_avaliacao_medico_pericial:beneficios_incapacidade_avaliacao_medico_pericial_1,0.0,CONCLUIDA,90.0,PRIORIDADE_ALTA,95.0,Análise documental e elegibilidade,"Estudos que abordem triagem documental, elegibilidade, análise de documentos médicos, validação de atestados ou processos de decisão sobre incapacidade; estudos que tratem de qualidade decisória, controle e prevenção de fraude.",Nenhum critério de exclusão aparente pelo título e resumo.,"Título e resumo tratam diretamente de benefício por incapacidade/assistência ao cego, suficiência de certificados médicos, necessidade de avaliação oftalmológica específica, falsos diagnósticos, confirmação de elegibilidade e impacto em tempo de processamento. Há forte aderência aos eixos de análise documental, elegibilidade, qualidade decisória e controle.",PENDENTE,,,NAO_INICIADO,,PENDENTE,,,,,,,,
crossref:10.1080/09638288.2017.1366556,Assessing work disability for social security benefits: international models for the direct assessment of work capacity,Geiger; Garthwaite; Warren; Bambra,2018,Disability and Rehabilitation,10.1080/09638288.2017.1366556,https://doi.org/10.1080/09638288.2017.1366556,https://www.tandfonline.com/doi/pdf/10.1080/09638288.2017.1366556?needAccess=true,"PURPOSE: It has been argued that social security disability assessments should directly assess claimants' work capacity, rather than relying on proxies such as on functioning. However, there is little academic discussion of how such assessments could be conducted. METHOD: The article presents an account of different models of direct disability assessments based on case studies of the Netherlands, Germany, Denmark, Norway, the United States of America, Canada, Australia, and New Zealand, utilising over 150 documents and 40 expert interviews. RESULTS: Three models of direct work disability assessments can be observed: (i) structured assessment, which measures the functional demands of jobs across the national economy and compares these to claimants' functional capacities; (ii) demonstrated assessment, which looks at claimants' actual experiences in the labour market and infers a lack of work capacity from the failure of a concerned rehabilitation attempt; and (iii) expert assessment, based on the judgement of skilled professionals. CONCLUSIONS: Direct disability assessment within social security is not just theoretically desirable, but can be implemented in practice. We have shown that there are three distinct ways that this can be done, each with different strengths and weaknesses. Further research is needed to clarify the costs, validity/legitimacy, and consequences of these different models. Implications for rehabilitation It has recently been argued that social security disability assessments should directly assess work capacity rather than simply assessing functioning - but we have no understanding about how this can be done in practice. Based on case studies of nine countries, we show that direct disability assessment can be implemented, and argue that there are three different ways of doing it. These are ""demonstrated assessment"" (using claimants' experiences in the labour market), ""structured assessment"" (matching functional requirements to workplace demands), and ""expert assessment"" (the judgement of skilled professionals). While it is possible to implement a direct assessment of work capacity for social security benefits, further research is necessary to understand how best to maximise validity, legitimacy, and cost-effectiveness.",crossref; openalex; pubmed,crossref:beneficios_incapacidade_avaliacao_medico_pericial:beneficios_incapacidade_avaliacao_medico_pericial_1; openalex:analise_documental_elegibilidade:analise_documental_elegibilidade_1; pubmed:beneficios_incapacidade_avaliacao_medico_pericial:beneficios_incapacidade_avaliacao_medico_pericial_1,0.0,CONCLUIDA,90.0,PRIORIDADE_ALTA,95.0,Benefícios por incapacidade e avaliação médico-pericial,"Estudo analisa modelos internacionais de avaliação direta da capacidade laboral para benefícios de seguridade social, com comparação institucional entre países e discussão de métodos de assessment.","Não aborda explicitamente teleperícia ou fluxo operacional entre modalidades, mas isso não impede inclusão potencial por forte aderência ao eixo de avaliação médico-pericial e qualidade decisória.","O resumo mostra clara relação com avaliação de incapacidade para benefícios sociais, modelos de decisão, capacidade laboral e desenho institucional de assessment. É altamente pertinente para informar alternativas de avaliação e critérios decisórios.",PENDENTE,,,NAO_INICIADO,,PENDENTE,,,,,,,,
crossref:10.35371/aoem.2025.37.e24,Medical certification in sickness benefit scheme (II): practical approaches for evaluating work disability,Kim; Kim,2025,Annals of Occupational and Environmental Medicine,10.35371/aoem.2025.37.e24,https://doi.org/10.35371/aoem.2025.37.e24,https://europepmc.org/articles/PMC12671957?pdf=render,"Work disability evaluation plays a central role in medical certification in sickness benefit schemes. This guides effective decision making for return-to-work timelines. Countries that incorporate it have varied approaches. To improve fairness and consistency, Sweden adopted disease-specific guidelines, particularly for complex health conditions such as mental disorders, cancer, and neurological diseases, whereas in the United Kingdom, a fit note system highlights the ease of fitness-for-work assessments in clinical settings. For a successful implementation of the sickness benefit scheme in Korea, it is essential to review international acumen in work disability evaluation and medical certification. This study also examines challenges that physicians face in certification, factors influencing assessments, and the usefulness of disease-specific guidelines. In many countries, administrative burdens, uncertainty in diagnosis, and ethical conflicts complicate physicians' tasks. Countries such as Sweden, France, and Ireland, have addressed these issues by developing structured certification tools and support systems. Learnings from the recent Korean pilot programs, this review identifies the following core priorities: developing disease-specific guidelines, providing clinical support for physicians’ decisions, and integrating occupational health expertise. These guidelines should function not only as administrative checklists, but also as potential clinical tools that consider both patient functionality and job characteristics. Finally, this study offers policy and practical insights to help design a consistent and fair medical certification system for Korea’s sickness benefit program that encourages timely medical intervention, prevents presenteeism, and promotes sustainable workforce reintegration.",crossref; europe_pmc; pubmed; semantic_scholar,crossref:beneficios_incapacidade_avaliacao_medico_pericial:beneficios_incapacidade_avaliacao_medico_pericial_3; europe_pmc:beneficios_incapacidade_avaliacao_medico_pericial:beneficios_incapacidade_avaliacao_medico_pericial_3; pubmed:analise_documental_elegibilidade:analise_documental_elegibilidade_2; pubmed:beneficios_incapacidade_avaliacao_medico_pericial:beneficios_incapacidade_avaliacao_medico_pericial_3; semantic_scholar:beneficios_incapacidade_avaliacao_medico_pericial:beneficios_incapacidade_avaliacao_medico_pericial_3,0.0,CONCLUIDA,88.0,PRIORIDADE_ALTA,92.0,Benefícios por incapacidade e avaliação médico-pericial,"Analisa certificação médica em esquema de benefício por doença, avaliação de incapacidade laboral, diretrizes estruturadas, apoio à decisão e consistência/fairness nas avaliações.",Nenhum critério de exclusão evidente no título/resumo.,"Título e resumo tratam diretamente de avaliação de incapacidade para benefícios por doença e certificação médica, incluindo diretrizes, desafios decisórios e ferramentas estruturadas em diferentes países. Há aderência clara aos eixos de avaliação médico-pericial, elegibilidade documental e qualidade/consistência decisória.",PENDENTE,,,NAO_INICIADO,,PENDENTE,,,,,,,,
crossref:10.1192/pb.20.7.434,Mental health aspects of incapacity benefit,Measey,1996,Psychiatric Bulletin,10.1192/pb.20.7.434,https://doi.org/10.1192/pb.20.7.434,https://www.cambridge.org/core/services/aop-cambridge-core/content/view/81D0E6F7D6E4ECAC35E75F26F4ADD248/S0955603600075449a.pdf/div-class-title-mental-health-aspects-of-incapacity-benefit-div.pdf,"In February 1994 the Royal College of Psychiatrists contacted the Benefits Agency Medical Services (BAMS) to take part in their consultation exercise before bringing in the new Incapacity Benefit (IB) in April 1995. This new benefit was to replace the then existing Invalidity Benefit which was being paid to over 250 000 people with a primary diagnosis of mental illness. The main changes were that a patient's own general practitioner (GP) would certify incapacity for work for the first 29 weeks of sickness and after this the continuation of benefit (IB) would require assessment by a BAMS doctor, with some illness categories being exempt from medical examination. The aim was to create standardised criteria across the UK and to do so in an objective fashion, based on function rather than diagnosis. The test is designed to look at ability to work in any capacity rather than the claimant's own work which is the criterion for the first 29 weeks.",crossref,crossref:beneficios_incapacidade_avaliacao_medico_pericial:beneficios_incapacidade_avaliacao_medico_pericial_2,0.0,CONCLUIDA,88.0,PRIORIDADE_ALTA,90.0,Benefícios por incapacidade e avaliação médico-pericial,"Resumo aborda explicitamente certificação inicial por GP, avaliação posterior por médico da agência, critérios padronizados, isenções de exame e teste funcional para continuidade do benefício por incapacidade.",Nenhum critério de exclusão evidente a partir de título e resumo.,"Registro altamente aderente: descreve arranjo institucional de avaliação de incapacidade, transição entre certificação documental e exame médico, critérios objetivos e processo decisório administrativo, todos diretamente relevantes para o redesenho de fluxos.",PENDENTE,,,NAO_INICIADO,,PENDENTE,,,,,,,,
openalex:https://openalex.org/W2276328784,Medical evidence and Incapacity Benefit: evaluation of a pilot study,Roy Sainsbury; Anne Corden; Nancy Moses Finch,2003,"White Rose Research Online (University of Leeds, The University of Sheffield, University of York)",,https://openalex.org/W2276328784,https://eprints.whiterose.ac.uk/id/eprint/73270/1/Document.pdf,"'A report of research carried out by the Social Policy Research Unit, University of York on behalf of the Department for Work and Pensions'. Includes bibliographical references: p. 107",core; openalex,core:beneficios_incapacidade_avaliacao_medico_pericial:beneficios_incapacidade_avaliacao_medico_pericial_2; openalex:analise_documental_elegibilidade:analise_documental_elegibilidade_3,0.0,CONCLUIDA,88.0,PRIORIDADE_ALTA,83.0,Análise documental e elegibilidade,"Avalia evidência médica em benefício por incapacidade e piloto institucional, potencialmente relacionada à análise documental, elegibilidade e decisão administrativa.",,"O título é fortemente alinhado ao uso de evidência médica em Incapacity Benefit e à avaliação de estudo piloto. Embora o resumo seja muito limitado, os metadados sugerem alta relevância para análise documental e decisão sobre elegibilidade.",PENDENTE,,,NAO_INICIADO,,PENDENTE,,,,,,,,
openalex:https://openalex.org/W1489873298,Judging without criteria? Sickness certification in Dutch disability schemes,Agnes Meershoek; Anja Krumeich; Rein Vos,2007,Sociology of Health & Illness,10.1111/j.1467-9566.2007.01009.x,https://doi.org/10.1111/j.1467-9566.2007.01009.x,,"The gate-keeping function that physicians perform in determining clients' physical and mental incapacities is widely assumed to be the main reason for the rising numbers of disabled people. The sharp rise in the number of disabled has led many to claim that the disability benefits schemes are untenable. In order to regain public control and to make disabled eligibility procedures more transparent guidelines have been introduced in which medical evaluations are conceptualised as formal rational decisions. It is, however, questionable whether such measures are helpful in achieving their stated aims. This paper is based on ethnographic research on the ways physicians evaluate the eligibility of clients for disability benefits. It argues that assessing incapacity involves much more than formal rational decision-making. Doctors' reasoning is contextual and deliberative in character, and thus their assessment of a client's incapacity is less a technical matter than a normative one. Instead of generating transparency, guidelines based on formal rationality make the complex deliberations on which such judgments are based invisible, because they deny the normative dimension of medical expert decision-making. Therefore, different measures have to be developed that allow this normative dimension to be articulated, since insight into this normative dimension is a necessary pre-condition to be able to criticise disability judgments at all.",openalex,openalex:analise_documental_elegibilidade:analise_documental_elegibilidade_2; openalex:beneficios_incapacidade_avaliacao_medico_pericial:beneficios_incapacidade_avaliacao_medico_pericial_2,0.0,CONCLUIDA,86.0,PRIORIDADE_ALTA,93.0,Análise documental e elegibilidade,"Estudos que analisem benefícios por incapacidade, certificação médica ou avaliação médico-pericial; Estudos que abordem triagem documental, elegibilidade, análise de documentos médicos, validação de atestados ou processos de decisão sobre incapacidade; Estudos que tratem de qual…",Nenhum critério de exclusão claramente aplicável com base em título e resumo.,"Aborda diretamente certificação de doença e esquemas de incapacidade na Holanda, com foco na função de gatekeeping dos médicos, elegibilidade, transparência, diretrizes e natureza decisória da avaliação. Alta aderência aos eixos de avaliação pericial, elegibilidade e controle decisório.",PENDENTE,,,NAO_INICIADO,,PENDENTE,,,,,,,,
semantic_scholar:6f79e6e87eb6a90fd2d832283ce271f1e039704c,The Korea National Disability Registration System,Miso Kim; Won Jung; S. Y. Kim; Jong Hyock Park; D. Shin,2023,Epidemiology and Health,10.4178/epih.e2023053,https://www.semanticscholar.org/paper/6f79e6e87eb6a90fd2d832283ce271f1e039704c,https://www.e-epih.org/upload/pdf/epih-e2023053-AOP.pdf,"The Korea National Disability Registration System (KNDRS) was established in 1989 to provide social welfare benefits based on predefined criteria for disability registration and an objective medical assessment using a disability grading system. Disability registration requires (1) a medical examination by a qualified specialist physician and (2) a medical advisory meeting to review the degree of disability. Medical institutions and specialists for the diagnosis of disabilities are legally stipulated, and medical records for a specified period are required to support the diagnosis. The number of disability types has gradually expanded, and 15 disability types have been legally defined. As of 2021, 2.645 million people were registered as disabled, accounting for approximately 5.1% of the total population. Among the 15 disability types, disabilities of the extremities account for the largest proportion (45.1%). Previous studies have investigated the epidemiology of disabilities using data from the KNDRS, combined predominantly with data from the National Health Insurance Research Database (NHIRD). Korea has a mandatory public health insurance system that covers the entire Korean population, and the National Health Insurance Services manages all eligibility information, including disability types and severity ratings. In short, the KNDRS-NHIRD is a significant data resource for research on the epidemiology of disabilities.",pubmed; semantic_scholar,pubmed:beneficios_incapacidade_avaliacao_medico_pericial:beneficios_incapacidade_avaliacao_medico_pericial_1; semantic_scholar:beneficios_incapacidade_avaliacao_medico_pericial:beneficios_incapacidade_avaliacao_medico_pericial_1,0.0,CONCLUIDA,84.0,PRIORIDADE_ALTA,86.0,Análise documental e elegibilidade,"Sistema nacional de registro de deficiência com critérios predefinidos, exame médico, reunião consultiva, exigência de prontuários/documentos e revisão do grau de deficiência para benefícios sociais.","Não aborda explicitamente teleperícia ou filas, mas isso não impede relevância.","Resumo descreve arranjo institucional de elegibilidade e avaliação médica para registro/benefícios por deficiência na Coreia, incluindo exame, revisão colegiada e documentação exigida. Tem alta utilidade comparada para desenho de fluxo, critérios auditáveis e análise documental.",PENDENTE,,,NAO_INICIADO,,PENDENTE,,,,,,,,
openalex:https://openalex.org/W2623186831,Who Is Screened Out? Application Costs and the Targeting of Disability Programs,Manasi Deshpande; Yue Li,2019,American Economic Journal Economic Policy,10.1257/pol.20180076,https://doi.org/10.1257/pol.20180076,https://www.aeaweb.org/articles/pdf/doi/10.1257/pol.20180076,"We study the effect of application costs on the targeting of disability programs. We identify these effects using the closings of Social Security Administration field offices, which provide assistance with filing disability applications. Closings lead to a persistent 16 percent decline in the number of disability recipients in surrounding areas, with the largest effects for applicants with moderately severe conditions and low education levels. Disability applications fall by only 10 percent, implying that the closings reduce targeting efficiency based on current eligibility standards. Increased congestion at neighboring offices appears more important as a channel than higher travel or information costs. (JEL H55, I13, I18, J14)",openalex,openalex:capacidade_filas_alocacao:capacidade_filas_alocacao_1,0.0,CONCLUIDA,82.0,PRIORIDADE_ALTA,95.0,Benefícios por incapacidade e avaliação médico-pericial,"Analisa programas de disability, custos de aplicação, targeting, fechamento de escritórios, congestionamento e acesso territorial/operacional.",Nenhum critério de exclusão evidente no título/resumo.,"Resumo diretamente relacionado a programas de incapacidade e efeitos de custos de aplicação sobre elegibilidade/targeting. Também aborda fechamento de escritórios, congestionamento e barreiras de acesso, altamente pertinente ao redesenho de fluxo e capacidade territorial.",PENDENTE,,,NAO_INICIADO,,PENDENTE,,,,,,,,
openalex:https://openalex.org/W2159370636,The development of instruments to measure the work disability assessment behaviour of insurance physicians,Romy Steenbeek; Antonius JM Schellart; Henny Mulders; Johannes R. Anema; Herman Kroneman; Jan Besseling,2011,BMC Public Health,10.1186/1471-2458-11-1,https://doi.org/10.1186/1471-2458-11-1,https://bmcpublichealth.biomedcentral.com/counter/pdf/10.1186/1471-2458-11-1,"BACKGROUND: Variation in assessments is a universal given, and work disability assessments by insurance physicians are no exception. Little is known about the considerations and views of insurance physicians that may partly explain such variation. On the basis of the Attitude--Social norm--self Efficacy (ASE) model, we have developed measurement instruments for assessment behaviour and its determinants. METHODS: Based on theory and interviews with insurance physicians the questionnaire included blocks of items concerning background variables, intentions, attitudes, social norms, self-efficacy, knowledge, barriers and behaviour of the insurance physicians in relation to work disability assessment issues. The responses of 231 insurance physicians were suitable for further analysis. Factor analysis and reliability analysis were used to form scale variables and homogeneity analysis was used to form dimension variables. Thus, we included 169 of the 177 original items. RESULTS: Factor analysis and reliability analysis yielded 29 scales with sufficient reliability. Homogeneity analysis yielded 19 dimensions. Scales and dimensions fitted with the concepts of the ASE model. We slightly modified the ASE model by dividing behaviour into two blocks: behaviour that reflects the assessment process and behaviour that reflects assessment behaviour.The picture that emerged from the descriptive results was of a group of physicians who were motivated in their job and positive about the Dutch social security system in general. However, only half of them had a positive opinion about the Dutch Work and Income (Capacity for Work) Act (WIA). They also reported serious barriers, the most common of which was work pressure. Finally, 73% of the insurance physicians described the majority of their cases as 'difficult'. CONCLUSIONS: The scales and dimensions developed appear to be valid and offer a promising basis for future research. The results suggest that the underlying ASE model, in modified form, is suitable for describing the assessment behaviour of insurance physicians and the determinants of this behaviour. The next step in this line of research should be to validate the model using structural equation modelling. Finally, the predictive value should be tested in relation to outcome measurements of work disability assessments.",openalex,openalex:analise_documental_elegibilidade:analise_documental_elegibilidade_2; openalex:beneficios_incapacidade_avaliacao_medico_pericial:beneficios_incapacidade_avaliacao_medico_pericial_3,0.0,CONCLUIDA,82.0,PRIORIDADE_ALTA,91.0,Benefícios por incapacidade e avaliação médico-pericial,"Estudo analisa comportamento de avaliação de médicos do seguro em work disability assessment, incluindo variação decisória e determinantes.",Nenhum critério de exclusão claramente aplicável pelo resumo.,"Alta aderência aparente: trata diretamente de avaliação de incapacidade laboral por médicos peritos/seguro, variação nas avaliações e instrumentos para medir comportamento decisório, tema útil para qualidade, padronização e controle.",PENDENTE,,,NAO_INICIADO,,PENDENTE,,,,,,,,
semantic_scholar:38751410ad9679234d66dc6f80e9c29dc676e894,Medical certification in sickness benefit schemes (I): theoretical perspectives and return-to-work,Yangwoo Kim; Inah Kim,2025,Annals of Occupational and Environmental Medicine,10.35371/aoem.2025.37.e23,https://www.semanticscholar.org/paper/38751410ad9679234d66dc6f80e9c29dc676e894,https://europepmc.org/articles/PMC12671951?pdf=render,"This study explores the theoretical foundations and practical applications of medical certification within the sickness benefit systems, particularly in the context of Korea’s pilot program and its planned national rollout. While sickness benefit systems have long existed in many Organization for Economic Cooperation and Development (OECD) countries, Korea has only recently initiated pilot projects, largely prompted by the coronavirus disease 2019 pandemic. These systems aim to compensate for income loss due to illness or injury, and medical certification plays a central role in determining eligibility and work ability. This study defines medical certification as a two-stage process: clinical diagnosis and formal assessment of a worker’s ability to return-to-work. The dual nature highlights the distinct objectives of the medical treatment and social security policies. Drawing on international practices, this study reviews the International Classification of Functioning, Disability, and Health (ICF) as a key global framework for assessing disability and work ability, although it acknowledges the limitations of its application to sickness benefits. The research emphasizes a shift in global trends toward return-to-work–oriented certification models, such as the UK’s “fit note” system, which focuses on evaluating fitness-for-work rather than merely documenting illness. Sweden and Japan also offer models that integrate rehabilitation with flexible work accommodations. Three key issues were identified in Korea’s system: the role of medical certification and concerns about moral hazard, the burden of proof and workload on physicians, and public perceptions of the program’s purpose. We believe that medical certification should not only verify illness but also support early intervention and a healthy workforce. Ultimately, this study advocates for a balanced and efficient medical certification system tailored to Korea’s healthcare context closely aligning with labor market policies to ensure long-term sustenance and integration of the sickness benefit program.",europe_pmc; pubmed; semantic_scholar,europe_pmc:analise_documental_elegibilidade:analise_documental_elegibilidade_2; europe_pmc:beneficios_incapacidade_avaliacao_medico_pericial:beneficios_incapacidade_avaliacao_medico_pericial_3; pubmed:analise_documental_elegibilidade:analise_documental_elegibilidade_2; pubmed:beneficios_incapacidade_avaliacao_medico_pericial:beneficios_incapacidade_avaliacao_medico_pericial_3; semantic_scholar:beneficios_incapacidade_avaliacao_medico_pericial:beneficios_incapacidade_avaliacao_medico_pericial_3,0.0,CONCLUIDA,82.0,PRIORIDADE_ALTA,90.0,Análise documental e elegibilidade,"Estudo/revisão sobre certificação médica em esquemas de benefício por doença, elegibilidade e avaliação da capacidade para retorno ao trabalho, com comparação internacional.",Não há exclusão aparente pelos metadados.,"O resumo é diretamente alinhado ao tema: certificação médica em benefícios por doença, determinação de elegibilidade e capacidade laboral, distinção entre cuidado clínico e política de seguridade, e revisão de práticas internacionais. Pode oferecer evidência útil para desenho de critérios e fluxo decisório.",PENDENTE,,,NAO_INICIADO,,PENDENTE,,,,,,,,
semantic_scholar:7dd77881be214bb3e0788cf971366e51bbbedf6b,WAITING TO BENEFIT: AGE-BASED DISABILITY REGULATIONS AND PATHWAYS TO SUPPLEMENTAL SECURITY INCOME IN LATER LIFE,Callie Freitag,2024,Innovation in aging,10.1093/geroni/igae098.2172,https://www.semanticscholar.org/paper/7dd77881be214bb3e0788cf971366e51bbbedf6b,https://academic.oup.com/innovateage/article-pdf/8/Supplement_1/664/61308190/igae098.2172.pdf,"Abstract Supplemental Security Income (SSI) is an important resource for low-income older adults and people with disabilities, but it is notoriously difficult to be deemed eligible. Older SSI applicants may have an easier time getting approved. Starting at age 45, the Social Security Administration (SSA) relaxes the disability requirements for certain groups every five years until they are eliminated at age 65. If the age-based rules prevent otherwise-eligible people from receiving SSI benefits, then the consequences for this economically vulnerable group could be particularly dire. This paper has two aims. First, I estimate the SSI take-up rate by age and test whether discontinuities in SSI take-up exist when SSA disability determination rules are relaxed (at ages 45, 50, 55, and 60) and eliminated (at age 65). Second, I identify patterns of employment, homelessness, and public assistance use among SSI recipients in the five years prior to SSI take-up and examine how these patterns vary by age. I conduct these analyses with administrative microdata from multiple agencies in Washington state spanning from 2010 through 2017. I find strong evidence of discontinuous increases in SSI take-up when the disability rules are relaxed at age 55 and eliminated at age 65, suggesting the program rules may act as gatekeepers for otherwise eligible applicants. Adults face significant financial hardship in the five years prior to receiving SSI. People who took up SSI between the ages of 40 and 59 were more likely to have been homeless than employed prior to receiving SSI.",semantic_scholar,semantic_scholar:capacidade_filas_alocacao:capacidade_filas_alocacao_1,0.0,CONCLUIDA,82.0,PRIORIDADE_ALTA,90.0,Benefícios por incapacidade e avaliação médico-pericial,"Estudos que analisem benefícios por incapacidade, afastamento por doença, seguro por incapacidade, certificação médica ou avaliação médico-pericial; Estudos que analisem capacidade operacional, filas, tempo de espera, produtividade, priorização de casos ou gestão de demanda em s…",,"Estudo sobre regras etárias na determinação de elegibilidade ao Supplemental Security Income, com foco explícito em disability regulations, aprovação e trajetórias de acesso ao benefício. Alta aderência ao eixo de benefícios por incapacidade e decisão administrativa, embora não trate diretamente de teleperícia.",PENDENTE,,,NAO_INICIADO,,PENDENTE,,,,,,,,
openalex:https://openalex.org/W2037745283,Permanent Disability Benefits in Workers' Compensation,Monroe Berkowitz; John Burton,1987,,10.17848/9780880995894,https://doi.org/10.17848/9780880995894,https://doi.org/10.17848/9780880995894,"Berkowitz and Burton provide a detailed examination of the adequacy and equity of permanent partial disability benefits, and the efficiency of the system delivering those benefits. A ten-state study is presented that examines states' criteria for awarding scheduled and nonscheduled benefits. Three of those states are then used for a wage-loss study illustrating the relationship among workers' disability ratings, the workers' WC benefits, and losses of earnings caused by work-related injuries.",openalex,openalex:capacidade_filas_alocacao:capacidade_filas_alocacao_1,0.0,CONCLUIDA,82.0,PRIORIDADE_ALTA,88.0,Benefícios por incapacidade e avaliação médico-pericial,"Estudos que analisem benefícios por incapacidade, seguro por incapacidade ou avaliação/certificação; estudos que discutam equidade e eficiência do sistema de benefícios.",Nenhum claramente aplicável pelos metadados.,"Título e resumo tratam diretamente de benefícios por incapacidade permanente em workers' compensation, critérios de concessão, adequação, equidade e eficiência do sistema. É fortemente pertinente ao eixo de benefícios por incapacidade e decisão/critério de concessão, ainda que não mencione teleperícia ou análise documental.",PENDENTE,,,NAO_INICIADO,,PENDENTE,,,,,,,,
semantic_scholar:460f3dd9b19143dcd676fa772e5b2de5b7bf2315,What happens when you wait? Effects of Social Security Disability Insurance wait time on health and financial well-being.,Sarah Prenovitz,2020,Health Economics,10.1002/hec.4203,https://www.semanticscholar.org/paper/460f3dd9b19143dcd676fa772e5b2de5b7bf2315,,"While waiting for a decision, individuals who apply for Social Security Disability Insurance face strong incentives to remain out of the labor force and receive no support from the program. An extended period with low income, high uncertainty, and lowered access to health insurance has the potential to harm applicants' well-being along many dimensions. In this study, I estimate the effect of initial wait time on health, healthcare access, and financial well-being, using the prevailing wait at the time an applicant applied as an instrument for their own initial wait. I find that a longer wait decreases the likelihood that an applicant has benefits terminated at the time of survey and increases the likelihood that they are currently receiving benefits, consistent with prior findings that longer waits decrease future work and earnings. Wait time also increases the number of conditions causing activity limitations. This suggests that new or worsening medical conditions contribute to the effect of wait time on employment and earnings, and that wait time has effects that extend beyond labor force outcomes.",pubmed; semantic_scholar,pubmed:capacidade_filas_alocacao:capacidade_filas_alocacao_1; semantic_scholar:capacidade_filas_alocacao:capacidade_filas_alocacao_1,0.0,CONCLUIDA,82.0,PRIORIDADE_ALTA,88.0,"Capacidade, filas e alocação de serviços","Estudo sobre Social Security Disability Insurance que examina efeitos do tempo de espera da decisão inicial sobre saúde, acesso e bem-estar financeiro dos requerentes.","Não aborda explicitamente triagem documental, teleperícia ou desenho operacional do fluxo pericial.","Alta aderência por tratar diretamente de benefício por incapacidade e impacto do tempo de espera decisório, eixo central para redesenho de filas e alocação. Mesmo sem discutir modalidades de avaliação, oferece evidência útil sobre consequências da demora.",PENDENTE,,,NAO_INICIADO,,PENDENTE,,,,,,,,
pubmed:19779804,Reliability and validity of the Disability Assessment Structured Interview (DASI): a tool for assessing functional limitations in claimants.,Spanjer J; Krol B; Brouwer S; Popping R; Groothoff JW; van der Klink JJ,2010,Journal of occupational rehabilitation,10.1007/s10926-009-9203-2,https://pubmed.ncbi.nlm.nih.gov/19779804/,https://link.springer.com/content/pdf/10.1007/s10926-009-9203-2.pdf,,pubmed,pubmed:beneficios_incapacidade_avaliacao_medico_pericial:beneficios_incapacidade_avaliacao_medico_pericial_1,0.0,CONCLUIDA,82.0,PRIORIDADE_ALTA,86.0,Benefícios por incapacidade e avaliação médico-pericial,"Ferramenta para avaliar limitações funcionais em claimants, com foco em confiabilidade e validade, relevante para qualidade decisória e avaliação pericial.",Nenhum critério de exclusão claramente aplicável pelo título.,"O título descreve estudo de confiabilidade e validade de instrumento estruturado para avaliar limitações funcionais em requerentes. É diretamente pertinente a avaliação de incapacidade, padronização e qualidade/controle da decisão.",PENDENTE,,,NAO_INICIADO,,PENDENTE,,,,,,,,
pubmed:39569419,"Exploring international classification of functioning, disability and health applicability for coding work-related disability: a study on depression and fibromyalgia in Swedish sick leave certificates.",Fresk M; Grooten WJA; Brodin N; Backlund LG; Arrelöv B; Skånér Y; Kiessling A,2024,Journal of rehabilitation medicine,10.2340/jrm.v56.36886,https://pubmed.ncbi.nlm.nih.gov/39569419/,https://medicaljournalssweden.se/jrm/article/download/36886/48286,,pubmed,pubmed:beneficios_incapacidade_avaliacao_medico_pericial:beneficios_incapacidade_avaliacao_medico_pericial_3,0.0,CONCLUIDA,82.0,PRIORIDADE_ALTA,81.0,Análise documental e elegibilidade,"Estudos que abordem triagem documental, elegibilidade, análise de documentos médicos, validação de atestados ou processos de decisão sobre incapacidade.",,"O título trata explicitamente da aplicabilidade da ICF para codificação de incapacidade relacionada ao trabalho em certificados de afastamento, diretamente relevante para análise documental, padronização e critérios auditáveis.",PENDENTE,,,NAO_INICIADO,,PENDENTE,,,,,,,,
pubmed:36502361,Perceptions of medical advisers on ICF core-sets' use for evaluating work incapacity related to back pain in French-speaking Belgium.,Otte T; Decuman S; Gelade W; Duyver C,2023,"Work (Reading, Mass.)",10.3233/wor-210247,https://pubmed.ncbi.nlm.nih.gov/36502361/,http://hdl.handle.net/2078.1/268675,,pubmed,pubmed:beneficios_incapacidade_avaliacao_medico_pericial:beneficios_incapacidade_avaliacao_medico_pericial_2,0.0,CONCLUIDA,80.0,PRIORIDADE_ALTA,88.0,Benefícios por incapacidade e avaliação médico-pericial,"Aborda uso de core sets da ICF por assessores médicos para avaliar incapacidade laboral, diretamente pertinente à avaliação pericial e padronização decisória.",Nenhum critério de exclusão claramente aplicável pelo título.,"O título mostra foco explícito em avaliação de incapacidade para o trabalho por assessores médicos, com potencial contribuição para critérios, padronização e qualidade da decisão.",PENDENTE,,,NAO_INICIADO,,PENDENTE,,,,,,,,
semantic_scholar:b16936f4c78a9b45f3c6369864fbf8ad9ff74074,A RELEVÂNCIA DO ASSISTENTE SOCIAL NA ANÁLISE DO BENEFÍCIO DE PRESTAÇÃO CONTINUADA (BPC/LOAS) À PESSOA COM DEFICIÊNCIA JUNTO AO INSTITUTO NACIONAL DO SEGURO SOCIAL1.,V. G. D. Silva; D. Xavier,2024,Revista ft,10.69849/revistaft/pa10202409291311,https://www.semanticscholar.org/paper/b16936f4c78a9b45f3c6369864fbf8ad9ff74074,http://www.cfess.org.br/arquivos/historico_defesaAS_inss.pdf,"This research consists of discussing the real importance of professional social workers when analyzing the granting of continuous provision benefits carried out by the National Social Security Institute. To this end, the theme of the benefit in question is initially addressed, its concepts, requirements and disability assessment procedure, carried out by social assessment and medical expertise. Understanding the disability assessment tool demonstrates the progress that the inclusion of social services has brought to the concession process. However, it makes it clear that improvements need to be sought to fairly guarantee the rights of the vulnerable population. The study was carried out through a bibliographic and documentary survey, about books, dissertations and scientific articles with an approach around the analyzed topic, with the aim of building a well- founded theoretical framework. In short, it was concluded that the presence of the social worker in the evaluation stages for granting social support is fundamental, although it requires reforms in the evaluation tools used by the social security authority, to achieve the right to social security established in the Brazilian system.",semantic_scholar,semantic_scholar:analise_documental_elegibilidade:analise_documental_elegibilidade_1,0.0,CONCLUIDA,78.0,PRIORIDADE_ALTA,88.0,Benefícios por incapacidade e avaliação médico-pericial,"Estudo sobre análise de concessão do BPC/LOAS, procedimento de avaliação da deficiência por avaliação social e perícia médica, e possíveis melhorias nos instrumentos de avaliação.",Pode focar mais em benefício assistencial à pessoa com deficiência do que em benefícios por incapacidade laboral; não aborda explicitamente teleperícia ou filas.,"Há forte aderência por tratar do INSS, avaliação social e médica, procedimento de concessão e instrumentos de avaliação. Mesmo não centrado em fluxo operacional, contribui para o eixo de avaliação pericial e qualidade decisória.",PENDENTE,,,NAO_INICIADO,,PENDENTE,,,,,,,,
crossref:10.2147/jmdh.s17138,"Disability, sickness, and unemployment benefits among long-term sickness absentees five years before, during, and after a multidisciplinary medical assessment",Gustafsson; Lundh; Pia Svedberg; Linder; Kristina Alexanderson; Staffan Marklund,2011,Journal of Multidisciplinary Healthcare,10.2147/jmdh.s17138,https://doi.org/10.2147/jmdh.s17138,https://www.dovepress.com/getfile.php?fileID=9199,"Aim: The aim was to describe how a multidisciplinary medical assessment changed the distribution of long-term sickness absentees between three different forms of social security support during a period of eleven years. Methods: The study group (n = 1002) consisted of persons on long-term sickness absence who were referred to a multidisciplinary medical assessment by the Social Insurance Office in Stockholm, Sweden between 1998 and 2007. Register data from the years 1993–2008 were linked to the study group. A calculation was provided for the number of days per person and year on unemployment benefits, sickness benefits, and disability pension, five years before, during, and five years after the assessment. Also, differences in the average number of days per person and year were calculated with one-way analysis of variance. Results: The number of days on sickness benefits increased up to the time of multidisciplinary medical assessment, from 69 to 218 days on average. After the assessment there was a decrease in the average number of days on sickness benefits, from 218 to 16 days. Before the assessment the number of days on disability pension was 21, but this increased after the assessment from 104 days to an average of 272 days five years after the assessment. There were age differences regarding number of compensated days, and these were particularly pronounced for disability days after the assessment. Further, there were significant differences between types of diagnosis in relation to average days on disability pension after the assessment. Conclusion: The study shows that after a multidisciplinary medical assessment there is a rapid increase in disability pension and a dramatic decrease in sickness benefits. The results indicate that for a large number of persons, a Social Insurance Office referral to an assessment does not improve their chances of returning to work, but rather seems to justify disability pension.",crossref; semantic_scholar,crossref:beneficios_incapacidade_avaliacao_medico_pericial:beneficios_incapacidade_avaliacao_medico_pericial_1; semantic_scholar:beneficios_incapacidade_avaliacao_medico_pericial:beneficios_incapacidade_avaliacao_medico_pericial_1,0.0,CONCLUIDA,78.0,PRIORIDADE_ALTA,88.0,Benefícios por incapacidade e avaliação médico-pericial,"Estudo empírico sobre efeitos de avaliação médica multidisciplinar na distribuição entre benefícios por doença, desemprego e pensão por incapacidade, usando dados administrativos longitudinais.","Não há menção explícita a teleperícia, triagem documental ou gestão de filas; aderência é mais forte ao eixo de avaliação e consequências decisórias.",O resumo indica avaliação institucional concreta ligada ao sistema de seguridade social e aos resultados após assessment médico. Pode contribuir para entender impacto de modalidades avaliativas e alocação entre benefícios.,PENDENTE,,,NAO_INICIADO,,PENDENTE,,,,,,,,
openalex:https://openalex.org/W2016129290,"Evaluation of work disability and the international classification of functioning, disability and health: what to expect and what not",Jessica Anner; Urban Schwegler; Regina Kunz; Bruno Trezzini; Wout de Boer,2012,BMC Public Health,10.1186/1471-2458-12-470,https://doi.org/10.1186/1471-2458-12-470,https://bmcpublichealth.biomedcentral.com/counter/pdf/10.1186/1471-2458-12-470,"BACKGROUND: Individuals who are sick and unable to work may receive wage replacement benefits from an insurer. For these provisions, a disability evaluation is required. This disability evaluation is criticised for lack of standardisation and transparency. The International Classification of Functioning, Disability and Health (ICF) was developed to express the situation of people with disability. We discuss potential benefits of the ICF to structure and phrase disability evaluation in the field of social insurance. We describe core features of disability evaluation of the ICF across countries. We address how and to what extent the ICF may be applied in disability evaluation. DISCUSSION: The medical reports in disability evaluation contain the following core features: health condition, functional capacity, socio-medical history, feasibility of interventions and prognosis of work disability. Reports also address consistency, causal relations according to legal requirements, and ability to work. The ICF consists of a conceptual framework of functioning, disability and health, definitions referring to functioning, disability and health, and a hierarchical classification of these definitions. The ICF component 'activities and participation' is suited to capture functional capacity. Interventions can be described as environmental factors but these would need an additional qualifier to indicate feasibility. The components 'participation' and 'environmental factors' are suited to capture work requirements. The socio-medical history, the prognosis, and legal requirements are problematic to capture with both the ICF framework and classification. SUMMARY: The ICF framework reflects modern thinking in disability evaluation. It allows for the medical expert to describe work disability as a bio-psycho-social concept, and what components are of importance in disability evaluation for the medical expert. The ICF definitions for body functions, structures, activity and participation, and environmental factors cover essential parts of disability evaluation. The ICF framework and definitions are however limited with respect to comprehensive descriptions of work disability.",openalex,openalex:analise_documental_elegibilidade:analise_documental_elegibilidade_3,0.0,CONCLUIDA,78.0,PRIORIDADE_ALTA,86.0,Benefícios por incapacidade e avaliação médico-pericial,"Analisa avaliação de incapacidade para benefícios/substituição salarial e discute padronização, transparência e estruturação de relatórios médicos no campo do seguro social.",,"Título e resumo tratam diretamente de disability evaluation no contexto de social insurance, incluindo relatórios médicos, capacidade funcional, requisitos legais e transparência decisória. Aparentemente aderente ao eixo de avaliação médico-pericial e qualidade/estrutura da decisão.",PENDENTE,,,NAO_INICIADO,,PENDENTE,,,,,,,,
pubmed:30676105,A limb to stand on? A scoping review of employability assessment in Australian total and permanent disability insurance claims.,Black M; Matthews LR; Millington MJ,2020,Disability and rehabilitation,10.1080/09638288.2018.1542462,https://pubmed.ncbi.nlm.nih.gov/30676105/,,,pubmed,pubmed:beneficios_incapacidade_avaliacao_medico_pericial:beneficios_incapacidade_avaliacao_medico_pericial_1,0.0,CONCLUIDA,78.0,PRIORIDADE_ALTA,83.0,Benefícios por incapacidade e avaliação médico-pericial,"Estudo de revisão sobre assessment em claims de seguro por invalidez total e permanente, diretamente ligado à avaliação de elegibilidade/incapacidade.",Nenhum critério de exclusão claramente aplicável pelo título.,"O título aponta revisão de escopo sobre avaliação de empregabilidade em pedidos de seguro por invalidez total e permanente na Austrália. Tem aderência clara ao eixo de avaliação de incapacidade e decisão em claims, potencialmente útil para desenho de critérios e fluxos.",PENDENTE,,,NAO_INICIADO,,PENDENTE,,,,,,,,
pubmed:28427338,'Working is out of the question': a qualitative text analysis of medical certificates of disability.,Aarseth G; Natvig B; Engebretsen E; Lie AK,2017,BMC family practice,10.1186/s12875-017-0627-z,https://pubmed.ncbi.nlm.nih.gov/28427338/,https://bmcfampract.biomedcentral.com/track/pdf/10.1186/s12875-017-0627-z,,pubmed,pubmed:beneficios_incapacidade_avaliacao_medico_pericial:beneficios_incapacidade_avaliacao_medico_pericial_2,0.0,CONCLUIDA,78.0,PRIORIDADE_ALTA,77.0,Análise documental e elegibilidade,"Estudos que abordem triagem documental, elegibilidade, análise de documentos médicos, validação de atestados ou processos de decisão sobre incapacidade.",,"O título indica análise qualitativa de certificados médicos de incapacidade, diretamente relacionada a documentação médica e avaliação de incapacidade. Mesmo sem resumo, há aderência aparente forte ao eixo de análise documental.",PENDENTE,,,NAO_INICIADO,,PENDENTE,,,,,,,,
pubmed:30228222,Acting by persuasion- values and rhetoric in medical certificates of work incapacity: A qualitative document analysis.,Aarseth G; Natvig B; Engebretsen E; Lie AK,2019,Medical humanities,10.1136/medhum-2018-011496,https://pubmed.ncbi.nlm.nih.gov/30228222/,,,pubmed,pubmed:beneficios_incapacidade_avaliacao_medico_pericial:beneficios_incapacidade_avaliacao_medico_pericial_2; pubmed:beneficios_incapacidade_avaliacao_medico_pericial:beneficios_incapacidade_avaliacao_medico_pericial_3,0.0,CONCLUIDA,76.0,PRIORIDADE_ALTA,84.0,Análise documental e elegibilidade,"Análise documental qualitativa de certificados médicos de incapacidade para o trabalho, diretamente ligada à validação documental e decisão sobre incapacidade.",Nenhum critério de exclusão claramente aplicável pelo título.,"O título indica análise qualitativa de documentos médicos de incapacidade laboral. Tem forte pertinência ao eixo de análise documental, conteúdo dos atestados e possíveis critérios auditáveis de elegibilidade.",PENDENTE,,,NAO_INICIADO,,PENDENTE,,,,,,,,
semantic_scholar:dcc0a648dcf5829d05336342d7a2a6a94bc8df2a,Clinician Experiences Assessing Work Disability Related to Mental Disorders,C. Dewa; H. Hees; L. Trojanowski; A. Schene,2015,PLoS ONE,10.1371/journal.pone.0119009,https://www.semanticscholar.org/paper/dcc0a648dcf5829d05336342d7a2a6a94bc8df2a,https://journals.plos.org/plosone/article/file?id=10.1371/journal.pone.0119009&type=printable,"Objective Medical certification is one of the basic administrative mechanisms used by social policies aimed at income protection. The assessment of work disability is central to the income protection application. Yet, there is evidence suggesting that determining work disability related to mental disorders is challenging. Although essential to the disability application process, few studies have looked at physician and other clinician experiences with the process. However, this type of information is critical to developing processes to support providers who participate in the assessments. This purpose of this paper is to explore the experiences of physicians and other clinicians assessing public long-term work disability related to mental disorders. Methods This is an exploratory and descriptive study using qualitative methods. Clinician input was gathered through focus groups and individual in-depth interviews. Verbatim transcripts were analyzed to identify recurrent and significant themes that arose during the focus groups and individual interviews. Results Many of the experiences that the clinicians in this sample discussed related to the difficulty of trying to fill the roles of advocate and medical expert as well as the challenge of determining the impact of functional capacity and work ability. The findings also highlight the current gap in knowledge about the factors that affect successful functioning in general and at work in particular. Conclusions Given the challenges created by the current state of knowledge, it may be useful to consider a category of “partial disability”. In addition, the fact that work disability depends on the interaction between the experience of the mental disorder and specific job requirements and the fact that people applying for public long-term disability are not working, it might be helpful to offer a clear description and guidelines of the meaning of work ability.",core; semantic_scholar,core:beneficios_incapacidade_avaliacao_medico_pericial:beneficios_incapacidade_avaliacao_medico_pericial_3; semantic_scholar:beneficios_incapacidade_avaliacao_medico_pericial:beneficios_incapacidade_avaliacao_medico_pericial_3,0.0,CONCLUIDA,74.0,PRIORIDADE_ALTA,86.0,Benefícios por incapacidade e avaliação médico-pericial,Estudo empírico qualitativo sobre experiências de clínicos na avaliação de incapacidade laboral para políticas públicas de proteção de renda.,Não há exclusão aparente pelos metadados.,"O resumo aborda diretamente a avaliação de incapacidade laboral como mecanismo administrativo de proteção de renda e explora dificuldades do processo de certificação. Pode informar desenho de apoio decisório, critérios e riscos na avaliação, especialmente em casos complexos.",PENDENTE,,,NAO_INICIADO,,PENDENTE,,,,,,,,
semantic_scholar:b8f321c6f44534309da8d37e35b21ccb03853566,Moral Hazard and Claims Deterrence in Private Disability Insurance,David H. Autor; M. Duggan; J. Gruber,2014,,10.1257/app.6.4.110,https://www.semanticscholar.org/paper/b8f321c6f44534309da8d37e35b21ccb03853566,https://doi.org/10.3386/w18172,"We provide a detailed analysis of the incidence, duration and determinants of claims made on private Long Term Disability (LTD) policies using a database of approximately 10,000 policies and 1 million workers from a major LTD insurer. We document that LTD claims rates are much lower than claims rates on the public analogue to LTD, the Social Security Disability Insurance program, yet LTD policies have a much higher return-to-work rate among initial claimants. Nevertheless, our analysis indicates that the impact of moral hazard on LTD claims is substantial. Using within firm, over time variation in plan parameters, we find that a higher replacement rate and a shorter waiting time to benefits receipt--also known as the Elimination Period or EP--significantly increase the likelihood that workers claim LTD. About sixty percent of the effect of a longer EP is due to censoring of shorter claims, while the remainder is due to deterrence: workers facing a longer EP are less likely to claim benefits for impairments that would lead to a only a brief period of LTD receipt. This deterrence effect is equally large among high and low-income workers, suggesting that moral hazard rather than liquidity underlies the behavioral response. Consistent with this interpretation, the response of LTD claims to plan parameters is driven primarily by the behavior of the healthiest disabled, those who would return to work after receiving LTD.",semantic_scholar,semantic_scholar:capacidade_filas_alocacao:capacidade_filas_alocacao_1,0.0,CONCLUIDA,74.0,PRIORIDADE_ALTA,84.0,Benefícios por incapacidade e avaliação médico-pericial,"Analisa sinistros em seguro privado de incapacidade de longo prazo, duração, determinantes, período de espera para recebimento e dissuasão de pedidos, com interface com controle e desenho de incentivos.","Não há indicação explícita de avaliação médico-pericial, triagem documental ou modalidades remotas de avaliação.","Relevante por tratar de disability insurance, waiting period, comportamento de requerimento e risco moral, temas úteis para critérios auditáveis, controle e desenho do fluxo, ainda que em seguro privado e sem foco operacional pericial explícito.",PENDENTE,,,NAO_INICIADO,,PENDENTE,,,,,,,,
pubmed:30428268,The Uneven Foci of Work Disability Research Across Cause-based and Comprehensive Social Security Systems.,MacEachen E; Varatharajan S; Du B; Bartel E; Ekberg K,2019,"International journal of health services : planning, administration, evaluation",10.1177/0020731418809857,https://pubmed.ncbi.nlm.nih.gov/30428268/,https://journals.sagepub.com/doi/pdf/10.1177/0020731418809857,,pubmed,pubmed:beneficios_incapacidade_avaliacao_medico_pericial:beneficios_incapacidade_avaliacao_medico_pericial_3,0.0,CONCLUIDA,74.0,PRIORIDADE_ALTA,73.0,Benefícios por incapacidade e avaliação médico-pericial,"Estudos empíricos, avaliações de política pública, estudos de caso institucionais, revisões sistemáticas, revisões de escopo ou relatórios técnicos com evidência útil para a pergunta de pesquisa.",,"O título aborda pesquisa sobre incapacidade laboral em diferentes sistemas de seguridade social, sugerindo análise comparada institucional relevante para desenho de fluxos e benefícios por incapacidade.",PENDENTE,,,NAO_INICIADO,,PENDENTE,,,,,,,,
openalex:https://openalex.org/W2161815684,Regional trends in awards of incapacity benefit by cause,Anna Cattrell; E Clare Harris; K Palmer; M. Kim; Mansel Aylward; David Coggon,2011,Occupational Medicine,10.1093/occmed/kqr008,https://doi.org/10.1093/occmed/kqr008,https://academic.oup.com/occmed/article-pdf/61/3/148/4346980/kqr008.pdf,"BACKGROUND: Since the early 1990s, rates of incapacity benefit (IB) in Britain for musculoskeletal complaints have declined, and they have been overtaken by mental and behavioural disorders as the main reason for award of IB. AIMS: To explore reasons for this change. METHODS: Using data supplied by the Department for Work and Pensions, we analysed trends in the ratio of new IB awards for mental and behavioural disorders to those for musculoskeletal disorders during 1997-2007 by Government region. RESULTS: In Great Britain overall, the above ratio more than doubled over the study period, as a consequence of falling numbers of new awards for musculoskeletal disorders. The extent to which the ratio increased was smallest in London (50%) and South-East England (56%), and was progressively larger in more northerly regions (>150% in North-East England and Scotland). CONCLUSIONS: The differences in trends between regions seem too large to be explained by differential changes in working conditions, patterns of employment or the rigour with which claims were assessed. An alternative explanation could be that the main driver for the trends has been culturally determined changes in health beliefs and expectations, and that these cultural changes began in London and the South-East, only later spreading to other parts of Britain.",openalex,openalex:beneficios_incapacidade_avaliacao_medico_pericial:beneficios_incapacidade_avaliacao_medico_pericial_2,0.0,CONCLUIDA,72.0,PRIORIDADE_ALTA,89.0,Benefícios por incapacidade e avaliação médico-pericial,"Estudos que analisem benefícios por incapacidade, afastamento por doença, seguro por incapacidade, certificação médica ou avaliação médico-pericial; Estudos que discutam acesso territorial, equidade, barreiras geográficas ou desigualdades de acesso à avaliação médico-pericial.",Nenhum critério de exclusão claramente aplicável com base em título e resumo.,"Analisa tendências regionais em concessões de incapacity benefit por causa e discute possível rigor na avaliação de pedidos. Tem aderência relevante aos eixos de benefícios por incapacidade, variação territorial e processos de avaliação.",PENDENTE,,,NAO_INICIADO,,PENDENTE,,,,,,,,
crossref:10.4103/jfmpc.jfmpc_692_21,"International Classification of Functioning, Disability, and Health augmented by telemedicine and artificial intelligence for assessment of functional disability",Vasudeva; Sheikh; Sahu,2021,Journal of Family Medicine and Primary Care,10.4103/jfmpc.jfmpc_692_21,https://doi.org/10.4103/jfmpc.jfmpc_692_21,https://doi.org/10.4103/jfmpc.jfmpc_692_21,"The concept of functional disability is aligned with the biopsycho-social model of disability. However, there are reasons why the antiquated measurement of medical impairment continues to be in use. We propose solutions for a fairer process using the International Classification of Functioning, Disability, and Health (ICF) at the level of the medical boards augmented by telemedicine and artificial intelligence (AI). The proposed technologies (Level 1 and Level 2 AI) need to be tried in pilot projects. It will accomplish two goals, the first being the measurement of disability and not merely the impairment. Second, and perhaps more importantly, making the process more transparent in creating a “just” society.",crossref; openalex; semantic_scholar,crossref:telepericia_avaliacao_remota:telepericia_avaliacao_remota_2; openalex:telepericia_avaliacao_remota:telepericia_avaliacao_remota_2; semantic_scholar:telepericia_avaliacao_remota:telepericia_avaliacao_remota_2,0.0,CONCLUIDA,72.0,PRIORIDADE_ALTA,84.0,Teleperícia e avaliação remota,"Discute avaliação de deficiência/funcionalidade com ICF em medical boards, augmentada por telemedicina e IA, com ênfase em transparência do processo.","Pode ser artigo conceitual/propositivo, sem evidência empírica robusta explícita no resumo.","O resumo menciona explicitamente assessment of functional disability no nível de medical boards, uso de telemedicina e IA, transparência e justiça do processo. Há aderência clara aos eixos de avaliação remota, qualidade decisória e controle, ainda que a natureza pareça mais propositiva do que empírica.",PENDENTE,,,NAO_INICIADO,,PENDENTE,,,,,,,,
semantic_scholar:f2c4102a8b873d5fa019022890b47e88f17f9fb1,756 ‘predicted sickness absence from employment compared with department of social protection guidelines for closed certification with common health problems’,N. Kononenko; E. Loftus; D. Whelan,2018,,10.1136/oemed-2018-icohabstracts.216,https://www.semanticscholar.org/paper/f2c4102a8b873d5fa019022890b47e88f17f9fb1,https://oem.bmj.com/content/oemed/75/Suppl_2/A75.2.full.pdf,"Introduction Prolonged absence from work may cause deterioration in the patient‘s health and wellbeing and threaten job security. The Department of Social Protection issued Guidelines for Closed Certification in September 2015 to assist medical certifiers of sickness absence. These Guidelines have been complied for use in an Irish context with regard to evidence-based protocols on various health problems, which were developed by DSP, and also with reference to the Official Disability Guidelines 2013, to The Medical Disability Advisor: Workplace Guidelines for Disability Duration 2009. Methods This was an observational study. A questionnaire survey emailed to Consultants and HST trainees of different specialties to explore their opinion on predicted duration of sickness absence with different medical conditions and interventions. 71 Consultants and HST trainees from different Medical Specialties and 32 Consultants and HST trainees in Occupational Medicine responded to a survey. The response rate was 29% from Medical Specialists and 44% from Occupational Medicine Specialists. Results According to this survey 60% of Physicians and 44% of Occupational Health Physicians are not familial with Closed Certification Guidelines. Medical specialist’s opinion coincides with Guidelines in 4%–93%, Occupational Medicine Specialists in 4%–100%. The agreement with Guidelines is in responses about less serious (infectious) conditions in both groups, disagreement with Guidelines in responses about more serious medical conditions (cardiac, pneumonia, asthma). There is a trend to predict shorter time for recovery then recommended by Guidelines in both groups. There is no significant difference in predicted absence agreed with Guidelines recommendations among two groups. Discussion This study compared the opinion of specialists in predicting duration of sickness absence with durations laid down in ‘Closed Certification Guidelines for General Practitioners’ Not all clinician’s opinion coincides with recommended by Closed Certification Guidelines. More than half of participants were not aware about Closed Certification Guidelines.",semantic_scholar,semantic_scholar:beneficios_incapacidade_avaliacao_medico_pericial:beneficios_incapacidade_avaliacao_medico_pericial_3,0.0,CONCLUIDA,72.0,PRIORIDADE_ALTA,79.0,Benefícios por incapacidade e avaliação médico-pericial,"Estudo sobre certificação de afastamento por doença e diretrizes para duração/fechamento de certificação, com potencial relação com decisão sobre incapacidade e elegibilidade.","Não aborda explicitamente fluxo entre análise documental, teleperícia e perícia presencial; foco pode estar mais em opinião de especialistas sobre duração do afastamento.","Título e resumo indicam estudo observacional sobre sickness absence certification comparada a diretrizes do Department of Social Protection, com relação direta a certificação médica e decisão sobre afastamento. Há aderência ao eixo de avaliação/certificação, embora a conexão com redesenho operacional do fluxo seja indireta.",PENDENTE,,,NAO_INICIADO,,PENDENTE,,,,,,,,
crossref:10.1186/2193-9004-3-1,How do people with disabilities cope while waiting for disability insurance benefits?,Coe; Lindner; Wong; Wu,2014,IZA Journal of Labor Policy,10.1186/2193-9004-3-1,https://doi.org/10.1186/2193-9004-3-1,https://doi.org/10.1186/2193-9004-3-1,"Abstract Disability Insurance waiting time varies from a few months to several years. We estimate the causal effect of longer waiting times on the use of five financial coping strategies. We find that SNAP benefits are the most responsive to longer waiting times. Moreover, while spousal employment is not responsive to longer wait times, spousal employment leads to longer waiting times, presumably because these applicants are more able to appeal. Together, these results suggest that coping strategies are used to both help applicants during the wait time and to extend the waiting time and increase their probability of success. JEL Classification Code H53; J08; I3",core; crossref; semantic_scholar,core:capacidade_filas_alocacao:capacidade_filas_alocacao_1; crossref:capacidade_filas_alocacao:capacidade_filas_alocacao_1; semantic_scholar:capacidade_filas_alocacao:capacidade_filas_alocacao_1,0.0,CONCLUIDA,68.0,PRIORIDADE_ALTA,89.0,"Capacidade, filas e alocação de serviços","Estudos que analisem benefícios por incapacidade, afastamento por doença, seguro por incapacidade, certificação médica ou avaliação médico-pericial; estudos que analisem capacidade operacional, filas, tempo de espera, produtividade, priorização de casos, alocação de profissionai…",,"Título e resumo tratam diretamente de tempo de espera por benefícios de seguro por incapacidade e seus efeitos sobre estratégias de enfrentamento. Embora não foque explicitamente no desenho do fluxo pericial, oferece evidência relevante sobre waiting time em sistema de benefícios por incapacidade.",PENDENTE,,,NAO_INICIADO,,PENDENTE,,,,,,,,
openalex:https://openalex.org/W2150738744,NICE guidance on long-term sickness and incapacity,Mark Gabbay; Lorraine C. Taylor; Linda Sheppard; Jim Hillage; Clare Bambra; Fiona Ford; Richard Preece; Nichole Taske; Michael P. Kelly,2011,British Journal of General Practice,10.3399/bjgp11x561221,https://doi.org/10.3399/bjgp11x561221,https://bjgp.org/content/bjgp/61/584/e118.full.pdf,"Long-term sickness absence and incapacity benefits (disability pension) rates have increased across industrialised countries. Effective measures are needed to support return to work. The recommendations of this guidance were informed by the most appropriate available evidence of effectiveness and cost-effectiveness. Public health evidence was provided by research using a variety of study designs that attempted to determine the outcome of a particular intervention by evaluating status before and after the intervention had been effected, and was not limited to randomised control trials. Where the evidence base was depleted or underdeveloped, expert witnesses were called to give their opinion on the best available evidence and emerging interventions. The process enabled challenge and contestability from stakeholder groups at different points as the guidance was developed. Forty-five heterogeneous studies were included in the review of interventions to reduce long-term sickness absence and transitions from short-term to long-term absence (mainly covering the former and also mainly examining musculoskeletal conditions). The analysis of evidence was restricted to descriptive synthesis. Three general themes emerged from an analysis of the studies that were more likely to report positive results: early interventions; multidisciplinary approaches; and interventions with a workplace component. Two further reviews were undertaken, one on interventions to reduce the re-occurrence of sickness absence, which identified seven studies on lower back pain, and concluded that early intervention and direct workplace input are important factors. The final evidence review focused on six studies of interventions for those in receipt of incapacity benefit. The evidence was that work-focused interviews coupled with access to tailored support are effective and cost-effective interventions. Practitioners should consider the impact of interventions and management options on work ability for patients of working age. Work ability should be considered a key outcome for future intervention studies.",openalex,openalex:beneficios_incapacidade_avaliacao_medico_pericial:beneficios_incapacidade_avaliacao_medico_pericial_2,0.0,CONCLUIDA,68.0,PRIORIDADE_ALTA,87.0,Benefícios por incapacidade e avaliação médico-pericial,"Estudos que analisem benefícios por incapacidade, afastamento por doença, seguro por incapacidade, certificação médica ou avaliação médico-pericial; Estudos empíricos, avaliações de política pública, revisões ou relatórios técnicos com evidência útil para a pergunta de pesquisa.",Nenhum critério de exclusão claramente aplicável com base em título e resumo.,"Trata explicitamente de orientação NICE sobre doença de longa duração e incapacidade, incluindo revisão de intervenções e processo de formulação de recomendações. Embora focado em retorno ao trabalho, é potencialmente útil para desenho institucional e critérios baseados em evidência.",PENDENTE,,,NAO_INICIADO,,PENDENTE,,,,,,,,
pubmed:21833916,[Evaluation of work capacity and issuance of a work disability certificate].,Coggon D; Palmer KT,2011,Praxis,10.1024/1661-8157/a000628,https://pubmed.ncbi.nlm.nih.gov/21833916/,,,pubmed,pubmed:beneficios_incapacidade_avaliacao_medico_pericial:beneficios_incapacidade_avaliacao_medico_pericial_3,0.0,CONCLUIDA,78.0,REVISAR_HUMANO,73.0,Benefícios por incapacidade e avaliação médico-pericial,"Estudos que analisem benefícios por incapacidade, afastamento por doença, seguro por incapacidade, certificação médica ou avaliação médico-pericial.",,"Título aponta diretamente para avaliação da capacidade laboral e emissão de certificado de incapacidade para o trabalho, tema central da revisão. Sem resumo, não é possível confirmar escopo administrativo, pericial ou contribuição para desenho de fluxo.",PENDENTE,,,NAO_INICIADO,,PENDENTE,,,,,,,,
semantic_scholar:636fe1dd5e609094a973ee08e1136389afc8a362,"The constructive power of informality? Relationships, emotion, and empathy in the administration of social assistance for childhood disability in South Africa.",Zara Trafford,2025,Social Science & Medicine (1967),10.1016/j.socscimed.2025.118211,https://www.semanticscholar.org/paper/636fe1dd5e609094a973ee08e1136389afc8a362,https://doi.org/10.1016/j.socscimed.2025.118211,"Social assistance cash transfers, known locally as grants, are the only regular financial support available to low-income families in South Africa. There are two broad categories: poverty alleviation and disability-related grants. All disability-related grants are linked with the public sector health system, because only medical doctors are permitted to conduct the required assessments. This article reflects on a three-year qualitative study of the perspectives of stakeholders around the central focus of the Care Dependency Grant for primary caregivers of disabled children. In this article, various framings of disability-related grants are unpacked, with a specific focus on the gatekeeping practices of frontline social security officials in South Africa. I situate their behaviours within local and global conversations about systems for disability benefits assessment and distribution, which increasingly aim to suppress bureaucratic ""emotionality"" for fear that this produces subjective - and thus, unfair - decision-making. The latter imperative is intensified in South Africa because of justified concerns about corruption. In an under-resourced bureaucracy catering to a large population, however, high levels of informality are likely to persist. Building on Rupert Hodder's concept of positive informality, I share examples of ""constructive"" informality from the abovementioned study and argue for the importance of closely examining and learning from these instances. I conclude by suggesting that instead of trying to suppress their humanity, public servants' engagement with the populace could be enhanced by investing in their professional development toward increased empathy and relationship-building. This might be an untapped complementary approach to improving social justice in redistributive efforts.",semantic_scholar,semantic_scholar:beneficios_incapacidade_avaliacao_medico_pericial:beneficios_incapacidade_avaliacao_medico_pericial_1,1.0,CONCLUIDA,76.0,REVISAR_HUMANO,78.0,"Equidade territorial, qualidade e controle","Discussão de administração de assistência social por deficiência, práticas de gatekeeping, subjetividade, equidade e corrupção no sistema de avaliação.","Não aborda explicitamente teleperícia, análise documental ou capacidade operacional.","Estudo qualitativo sobre concessão de benefícios por deficiência na África do Sul, com foco em práticas de gatekeeping, justiça decisória e controle/corrupção. Relevante para qualidade, equidade e desenho institucional, ainda que não operacionalize fluxo.",PENDENTE,,,NAO_INICIADO,,PENDENTE,,,,,,,,
semantic_scholar:f854bb67fbb1885b831ece54c56d148e7ab82441,The assessment of capacity limitations in psychiatric work disability evaluations by the social functioning scale Mini-ICF-APP,T. Rosburg; R. Kunz; B. Trezzini; Urban Schwegler; J. Jeger,2021,BMC Psychiatry,10.1186/s12888-021-03467-w,https://www.semanticscholar.org/paper/f854bb67fbb1885b831ece54c56d148e7ab82441,https://bmcpsychiatry.biomedcentral.com/track/pdf/10.1186/s12888-021-03467-w,"Objective Insurers frequently commission medical experts to estimate the degree of the remaining work capacity (RWC) in claimants for disability benefits. The social functioning scale Mini-ICF-APP allows for a rating of activity and participation limitations in thirteen capacity domains, considered as particularly relevant for work ability. The current study sought to evaluate the role of the Mini-ICF-APP ratings in psychiatric work disability evaluations, by examining how the capacity limitation ratings varied with the claimants’ primary psychiatric diagnoses and how the ratings were related to RWC estimates. Methods Medical experts estimated the RWC of 946 claimants with mental disorders and rated their activity and participation limitations using the Mini-ICF-APP, with higher ratings reflecting more severe limitations. The ratings were compared between claimants with different psychiatric diagnoses by analyses of variance. The mean Mini-ICF-APP rating across all capacity domains as well as all capacity-specific ratings were entered in simple or multiple regression models to predict the RWC in an alternative job. Results The Mini-ICF-APP capacity limitation ratings in all domains but mobility were higher for claimants with personality and behavior disorders as compared to those with mood disorders or with neurotic, stress-related and somatoform disorders. The largest differences were observed in social capacities (e.g. group integration: F 2, 847 = 78.300, P 16.393, all Ps < 0.001). In the overall sample, the mean Mini-ICF-APP rating showed a strong negative correlation with the estimated RWC (r = −.720, P < 0.001). Adding the capacity-specific ratings to the prediction model improved this prediction only marginally. Discussion The Mini-ICF-APP allows for documenting claimants’ activity and participation limitations, which is likely to increase the transparency of medical experts’ RWC estimates and enables them to check the plausibility of such estimates. However, our study showed that despite the strong association between RWC and Mini-ICF-APP ratings, half of the RWC variance was unrelated to the capacity limitations documented in the Mini-ICF-APP.",semantic_scholar,semantic_scholar:beneficios_incapacidade_avaliacao_medico_pericial:beneficios_incapacidade_avaliacao_medico_pericial_1,0.0,CONCLUIDA,74.0,REVISAR_HUMANO,80.0,Benefícios por incapacidade e avaliação médico-pericial,"Estudo sobre avaliações de incapacidade laboral para benefícios, estimativa de capacidade residual de trabalho e uso de escala estruturada por peritos.","Não aborda explicitamente teleperícia, análise documental ou gestão de filas.",Resumo diretamente ligado a avaliações periciais de incapacidade laboral para seguradoras/benefícios e à relação entre limitações funcionais e capacidade residual de trabalho. Pode informar qualidade e padronização decisória.,PENDENTE,,,NAO_INICIADO,,PENDENTE,,,,,,,,
pubmed:7977918,Occupational impairment and disability among applicants for Social Security disability benefits in Pennsylvania.,Bresnitz EA; Frumkin H; Goldstein L; Neumark D; Hodgson M; Needleman C,1994,American journal of public health,10.2105/ajph.84.11.1786,https://pubmed.ncbi.nlm.nih.gov/7977918/,,,pubmed,pubmed:beneficios_incapacidade_avaliacao_medico_pericial:beneficios_incapacidade_avaliacao_medico_pericial_1,0.0,CONCLUIDA,74.0,REVISAR_HUMANO,72.0,Benefícios por incapacidade e avaliação médico-pericial,"Aborda candidatos a benefícios por incapacidade da Social Security, potencialmente relevante para perfil dos requerentes e avaliação ocupacional.","Pode focar apenas em perfil epidemiológico dos candidatos, sem analisar processo decisório ou fluxo pericial.","O título menciona comprometimento ocupacional e deficiência entre solicitantes de benefícios por incapacidade da seguridade social. Há aderência temática ao universo de benefícios por incapacidade, mas o resumo ausente impede saber se contribui para desenho de fluxo, elegibilidade ou gestão.",PENDENTE,,,NAO_INICIADO,,PENDENTE,,,,,,,,
crossref:10.1017/idm.2014.58,Patterns of healthcare service utilisation by injured workers following medical certification,Ruseckaite,2014,International Journal of Disability Management,10.1017/idm.2014.58,https://doi.org/10.1017/idm.2014.58,https://www.cambridge.org/core/services/aop-cambridge-core/content/view/0E71538DACDC35216815859F8D5C2B4D/S1833855014000589a.pdf/div-class-title-patterns-of-healthcare-service-utilisation-by-injured-workers-following-medical-certification-div.pdf,"Background : Medical certification of injured workers is a routine occurrence in most General Practitioners (GPs) offices. GPs play an important role in return-to-employment after a work-related injury. Objectives : To examine patterns of healthcare service utilisation (HSU) in injured workers by condition and type of medical certificate issued by the GP at the initial consultation. Methods : Zero-inflated negative binomial regression (ZINB) was conducted for major healthcare services accessed by injured workers over the 12-month period post-initial medical examination. Services included GP consultations, pharmacy, physiotherapy, occupational rehabilitation, psychology and others. Logistic regression was conducted for hospital and occupational therapy services. All models were adjusted for the injured worker's gender, age, injury type, certification type, occupation and residential location. Findings : HSU differed according to the type of initial medical certificate and worker condition. Compared to other conditions, for unfit for work (UFW) and alternate duties (ALT) certificates, the average number of physiotherapy services was greater in workers with musculoskeletal disorders (MSD), back pains and strains and fractures. In contrast, for both UFW and ALT certificates, the mean number of psychological services was greater in mental health conditions (MHC). Workers suffering from MHCs were more likely to access pharmacy and psychological services. Workers with ALT certificates were more likely to use GPs, pharmacy and physiotherapy services. They were less likely to access occupational rehabilitation, psychology or other services. Discussion : HSU in the 12 months post-initial medical certification varied substantially according to the worker's medical condition, certificate type, occupation, age, gender and residential location. Conclusion : Understanding these socio-demographic characteristics that influence HSU can facilitate more appropriate resource allocation, strategic thinking on optimal use of particular health services and enable better targeting of particular provider groups for more education on the health benefits of RTW and safe work.",crossref,crossref:beneficios_incapacidade_avaliacao_medico_pericial:beneficios_incapacidade_avaliacao_medico_pericial_3,0.0,CONCLUIDA,72.0,REVISAR_HUMANO,79.0,Benefícios por incapacidade e avaliação médico-pericial,"Examina certificação médica de trabalhadores lesionados e padrões de utilização de serviços segundo tipo de certificado, com ajuste por localização residencial.","Não aborda explicitamente fluxo pericial, teleavaliação ou benefícios administrativos; foco principal pode ser utilização assistencial pós-certificação.","Há relação substantiva com certificação médica e possíveis implicações de acesso/uso conforme tipo de certificado. Contudo, o desfecho principal é utilização de serviços de saúde, não necessariamente decisão pericial ou gestão de filas, justificando revisão humana.",PENDENTE,,,NAO_INICIADO,,PENDENTE,,,,,,,,
semantic_scholar:bec67173821e64110022127ee32224dccc015cf5,[Disability claim review by non-physicians to meet the legal requirement of Dutch work disability certification laws].,S. Knepper,2000,Nederlandsch tijdschrift voor geneeskunde,,https://www.semanticscholar.org/paper/bec67173821e64110022127ee32224dccc015cf5,,,semantic_scholar,semantic_scholar:beneficios_incapacidade_avaliacao_medico_pericial:beneficios_incapacidade_avaliacao_medico_pericial_3,0.0,CONCLUIDA,72.0,REVISAR_HUMANO,78.0,Análise documental e elegibilidade,"Título sugere revisão de pedidos de incapacidade por não médicos para atender exigências legais de certificação, diretamente relacionada a triagem documental e organização do processo decisório.",Resumo ausente; não é possível confirmar desenho e extensão da evidência.,"O título é bastante alinhado ao redesenho de fluxo entre análise documental e avaliação médica, inclusive com possível delegação de etapas a não médicos. Relevância potencial alta, mas depende de confirmação humana.",PENDENTE,,,NAO_INICIADO,,PENDENTE,,,,,,,,
semantic_scholar:54c4105863df7e52728bdd236b044bfc3f0e0005,The Sociodemographic Factors Related to Disability of Applicants of Welfare Benefits in Greece: A Cross-Sectional Survey Based on the World Health Organization Disability Assessment Schedule (WHODAS) 2.0,Georgios Theotokatos; R. Escorpizo; T. Angelopoulos; Nikolaos Chrysagis; Aikaterini Venieri; Jerome Bickenbach; Konstantinos Karteroliotis; E. Grammatopoulou; E. Skordilis,2024,Cureus,10.7759/cureus.55614,https://www.semanticscholar.org/paper/54c4105863df7e52728bdd236b044bfc3f0e0005,https://assets.cureus.com/uploads/original_article/pdf/230355/20240306-11811-1f3len0.pdf,"Introduction: The aim of the present study was to report on the prevalence of disability and its association with sociodemographic factors among welfare benefit applicants in Greece. The study also compared the disability scores between different health conditions using the WHODAS 2.0 (12-item version), a biopsychosocial-model-based measure. Methods: The Greek WHODAS 2.0, 12-item version, was administered by interview. A three-member medical committee assessed the medical records of the applicants and assigned a disability percentage based on the biomedical measure of disability percentage determination (Barema scale). Results: The majority of the participants were female (56.65%). Certain health conditions were presented more frequently among welfare benefit applicants (mental health disorders and neoplasms). The domains with the highest rate of difficulty were the “participation” and “life activities” domains. Significant differences were found between WHODAS 2.0 and Barema scores for all eight different health condition categories. The factorial ANOVA (8x2) showed a significant interaction effect between health condition category and gender with respect to the WHODAS 2.0 score (F = 19.033, p <.001, η2 = 0.13). The WHODAS 2.0 score was negatively correlated to gender, years of studies, and marital status and positively correlated to age, working status, and the Barema score. The results revealed that male participants with a partner who were younger, had more studies, were actively working, and had a lower Barema score would have lower WHODAS scores. Conclusion: Sociodemographic characteristics of welfare benefit applicants are associated with disability levels based on WHODAS 2.0. Certain health conditions, like mental health or neuromusculoskeletal conditions, are associated with higher disability scores. There are differences between the biopsychosocial and the biomedical approaches to disability assessment. The implementation of WHODAS 2.0 may contribute to a better understanding of the lived experience of patients and is a feasible and efficient tool. Combining biomedical and biopsychosocial approaches may enhance the procedures of disability assessment and help in the development of policies that support people with disabilities.",semantic_scholar,semantic_scholar:beneficios_incapacidade_avaliacao_medico_pericial:beneficios_incapacidade_avaliacao_medico_pericial_1,0.0,CONCLUIDA,72.0,REVISAR_HUMANO,76.0,Benefícios por incapacidade e avaliação médico-pericial,"Estudo sobre solicitantes de benefícios assistenciais, avaliação de deficiência e comparação entre instrumento funcional e percentual atribuído por comitê médico.","Não aborda explicitamente fluxo, teleperícia, filas ou análise documental.","Resumo mostra relação direta com candidatos a benefícios, avaliação por comitê médico e mensuração de incapacidade. Parece útil para eixo de avaliação médico-pericial e qualidade decisória, embora menos diretamente para redesenho operacional do fluxo.",PENDENTE,,,NAO_INICIADO,,PENDENTE,,,,,,,,
semantic_scholar:ceeb153c926dc31ed8a2dc566966f93ff66a783f,Epilepsy and social security: General aspects of the insured claimants and medical decisions,L. Ferreira; D. Palhares; M. Gava; Vladimir Ferreira Seguti and; A. C. Marasciulo,2013,Work,10.3233/wor-131620,https://www.semanticscholar.org/paper/ceeb153c926dc31ed8a2dc566966f93ff66a783f,,,pubmed; semantic_scholar,pubmed:beneficios_incapacidade_avaliacao_medico_pericial:beneficios_incapacidade_avaliacao_medico_pericial_2; semantic_scholar:analise_documental_elegibilidade:analise_documental_elegibilidade_3,0.0,CONCLUIDA,72.0,REVISAR_HUMANO,74.0,Benefícios por incapacidade e avaliação médico-pericial,"Estudos que analisem benefícios por incapacidade, afastamento por doença, seguro por incapacidade, certificação médica ou avaliação médico-pericial.",,"O título menciona explicitamente epilepsia, seguridade social, características de segurados requerentes e decisões médicas. Isso sugere forte relação com avaliação médico-pericial e decisões sobre benefícios, mas a ausência de resumo limita confirmar escopo exato e utilidade para o redesenho do fluxo.",PENDENTE,,,NAO_INICIADO,,PENDENTE,,,,,,,,
pubmed:40441195,Evaluation of specialized medical examinations in disability assessment: A cross-sectional study.,Duc Nhu D; Thanh Trung N; Ngoc Thanh N; Ngoc Nghia N; Lam Toi P; Huynh Phuong Anh N; Thi Ly T; Trong Khoa N; Huy Luong D; Quoc Thang T; Vuong The Vinh T; Thi Thu Ha L; Ngoc Quang L,2025,Medicine,10.1097/md.0000000000042439,https://pubmed.ncbi.nlm.nih.gov/40441195/,https://doi.org/10.1097/md.0000000000042439,,pubmed,pubmed:beneficios_incapacidade_avaliacao_medico_pericial:beneficios_incapacidade_avaliacao_medico_pericial_1,0.0,CONCLUIDA,72.0,REVISAR_HUMANO,71.0,Benefícios por incapacidade e avaliação médico-pericial,"Estudos que analisem benefícios por incapacidade, certificação médica ou avaliação médico-pericial.","Não explicitado no título se aborda fluxo, triagem documental, teleperícia, capacidade operacional ou controle; resumo ausente.","O título menciona explicitamente 'medical examinations in disability assessment' e estudo transversal, o que sugere aderência ao eixo de avaliação pericial. Contudo, sem resumo não é possível saber se trata de processo administrativo, qualidade decisória, elegibilidade ou apenas aspectos clínicos da avaliação.",PENDENTE,,,NAO_INICIADO,,PENDENTE,,,,,,,,
pubmed:12428516,The U.S. study of work incapacity and reintegration.,Wheeler PM; Kearney JR; Harrison CA,2001,Social security bulletin,,https://pubmed.ncbi.nlm.nih.gov/12428516/,,,pubmed,pubmed:beneficios_incapacidade_avaliacao_medico_pericial:beneficios_incapacidade_avaliacao_medico_pericial_2,0.0,CONCLUIDA,72.0,REVISAR_HUMANO,61.0,Benefícios por incapacidade e avaliação médico-pericial,"Estudos que analisem benefícios por incapacidade, afastamento por doença, seguro por incapacidade, certificação médica ou avaliação médico-pericial.",,"O título menciona incapacidade para o trabalho e reintegração, em periódico ligado à seguridade social. Sugere pertinência ao campo de benefícios por incapacidade, mas o foco exato em avaliação, fluxo ou gestão não está claro sem resumo.",PENDENTE,,,NAO_INICIADO,,PENDENTE,,,,,,,,
semantic_scholar:ddb086481f8fc0862be54255f4c99e3c34175bde,"[Identification of the most common problems and mistakes in the medical certification of inability to work for disability pension provision based on the expertise carried out by the Out-Patient Clinic of Occupational Diseases, Nofer Institute of Occupational Medicine, Łódź, 2005-2007].",E. Wągrowska-Koski; M. Rybacki,2010,Medycyna Pracy,,https://www.semanticscholar.org/paper/ddb086481f8fc0862be54255f4c99e3c34175bde,,,semantic_scholar,semantic_scholar:beneficios_incapacidade_avaliacao_medico_pericial:beneficios_incapacidade_avaliacao_medico_pericial_3,0.0,CONCLUIDA,68.0,REVISAR_HUMANO,76.0,Análise documental e elegibilidade,"Título indica análise de problemas e erros na certificação médica de incapacidade para concessão de pensão por invalidez, potencialmente útil para qualidade decisória e controle.","Resumo ausente; não é possível confirmar desenho, dados ou utilidade para fluxo de alocação.","O título é fortemente pertinente aos eixos de certificação, qualidade e erros documentais. Mesmo sem resumo, sugere contribuição para controle e integridade do processo decisório, mas requer verificação humana.",PENDENTE,,,NAO_INICIADO,,PENDENTE,,,,,,,,
crossref:10.29120/ijpsw.2022.v13.i1.321,Disability certification and utilization pattern in persons with mental illness,.,2022,Indian Journal of Psychiatric Social Work,10.29120/ijpsw.2022.v13.i1.321,https://doi.org/10.29120/ijpsw.2022.v13.i1.321,http://pswjournal.org/index.php/ijpsw/article/download/321/41,,crossref,crossref:beneficios_incapacidade_avaliacao_medico_pericial:beneficios_incapacidade_avaliacao_medico_pericial_3,0.0,CONCLUIDA,68.0,REVISAR_HUMANO,70.0,Benefícios por incapacidade e avaliação médico-pericial,"Título sugere certificação de deficiência e padrão de utilização em pessoas com transtorno mental, potencialmente relevante para avaliação/certificação e acesso.",Resumo ausente; pode focar apenas em perfil clínico/social sem discutir processos periciais ou benefícios.,"A certificação de deficiência é pertinente ao tema, especialmente quanto a acesso e utilização, mas sem resumo não é possível confirmar se aborda decisão administrativa, elegibilidade ou organização do fluxo.",PENDENTE,,,NAO_INICIADO,,PENDENTE,,,,,,,,
pubmed:37200737,"Mapping information regarding the work-related disability of depression and long-term musculoskeletal pain to the International Classification of Functioning, Disability and Health and ICF Core Sets.",Fresk M; Grooten WJA; Brodin N; Backlund LG; Arrelöv B; Skånér Y; Kiessling A,2023,Frontiers in rehabilitation sciences,10.3389/fresc.2023.1159208,https://pubmed.ncbi.nlm.nih.gov/37200737/,https://www.frontiersin.org/articles/10.3389/fresc.2023.1159208/pdf,,pubmed,pubmed:analise_documental_elegibilidade:analise_documental_elegibilidade_2; pubmed:beneficios_incapacidade_avaliacao_medico_pericial:beneficios_incapacidade_avaliacao_medico_pericial_3,0.0,CONCLUIDA,68.0,REVISAR_HUMANO,70.0,Análise documental e elegibilidade,"Estudos que abordem triagem documental, elegibilidade, análise de documentos médicos, validação de atestados ou processos de decisão sobre incapacidade.",,"O título indica mapeamento de informações sobre incapacidade relacionada ao trabalho para a ICF, potencialmente útil para padronização documental e critérios auditáveis de avaliação. A contribuição ao fluxo decisório precisa ser confirmada no resumo.",PENDENTE,,,NAO_INICIADO,,PENDENTE,,,,,,,,
semantic_scholar:060a98dd24050676d335921eba2b6a43c0b831ce,HOW DO THE DISABLED COPE WHILE WAITING FOR SSDI,Norma B. Coe; S. Lindner; Kendrew S. K. Wong; A. Wu,2013,,10.2139/ssrn.2277639,https://www.semanticscholar.org/paper/060a98dd24050676d335921eba2b6a43c0b831ce,http://crr.bc.edu/wp-content/uploads/2013/06/wp_2013-12.pdf,,semantic_scholar,semantic_scholar:capacidade_filas_alocacao:capacidade_filas_alocacao_1,0.0,CONCLUIDA,68.0,REVISAR_HUMANO,66.0,"Capacidade, filas e alocação de serviços","Título indica foco em como pessoas com deficiência lidam enquanto aguardam SSDI, potencialmente relacionado aos efeitos da espera em benefícios por incapacidade.","Ausência de resumo impede confirmar desenho, escopo e utilidade para fluxo de avaliação ou gestão pericial.","Provável pertinência por tratar de espera no SSDI, mas faltam metadados para saber se oferece evidência sobre operação, acesso, qualidade ou apenas consequências socioeconômicas.",PENDENTE,,,NAO_INICIADO,,PENDENTE,,,,,,,,
openalex:https://openalex.org/W104243845,Routes Onto Incapacity Benefits: Findings from Qualitative Research,Roy Sainsbury; Jo Davidson,2006,"White Rose Research Online (University of Leeds, The University of Sheffield, University of York)",,https://openalex.org/W104243845,https://eprints.whiterose.ac.uk/73244/1/Document.pdf,"This report presents findings from a qualitative research project to investigate the routes by which people become recipients of incapacity benefits ('Incapacity benefits' include not only Incapacity Benefit itself, but also Income Support (IS) with disability premium, and National Insurance 'credit only' cases). The study was aimed at increasing our understanding of how people become Incapacity Benefit recipients so that further policy development can take place around more 'preventive' job retention and rehabilitation measures. Although producing standalone findings that can inform policy thinking, it is also the first stage in a two part project, the second part of which is a large quantitative survey of new Incapacity Benefit claimants to be conducted in 2006.",openalex,openalex:analise_documental_elegibilidade:analise_documental_elegibilidade_3,0.0,CONCLUIDA,67.0,REVISAR_HUMANO,74.0,Benefícios por incapacidade e avaliação médico-pericial,"Estudo qualitativo sobre trajetórias de entrada em benefícios por incapacidade, com potencial contribuição para compreensão do processo de requerimento e desenvolvimento de políticas.",,"O resumo aborda diretamente incapacity benefits e rotas de acesso ao benefício. Não menciona claramente triagem documental, teleavaliação ou gestão operacional do fluxo, mas é pertinente ao contexto de benefícios por incapacidade.",PENDENTE,,,NAO_INICIADO,,PENDENTE,,,,,,,,
crossref:10.1017/bjt.2026.10033,"Making invalidity fair: schizophrenia, medical uncertainty and the certification of war disability pensions in post-war Britain",Freeborn,2026,BJHS Themes,10.1017/bjt.2026.10033,https://doi.org/10.1017/bjt.2026.10033,https://www.cambridge.org/core/services/aop-cambridge-core/content/view/1DED06DB287E34FE0D28FFFD4387327C/S2058850X26100332a.pdf/div-class-title-making-invalidity-fair-schizophrenia-medical-uncertainty-and-the-certification-of-war-disability-pensions-in-post-war-britain-div.pdf,"Abstract In post-war Britain there was cross-party political pressure to ensure that disabled veterans received fair compensation. This produced a particular challenge to the state’s deployment of psychiatric knowledge. In 1943 new laws governing the pension appeal tribunals were passed to give veterans the benefit of the doubt in their appeals, throwing the spotlight on diseases considered by psychiatrists to have hereditary aetiologies, such as schizophrenia. This paper reconstructs the medico-legal history of schizophrenia appeal cases to better understand both how the pursuit of judicial procedure interacted with medical uncertainty and how post-war sympathies for veterans helped to normalize schizophrenia in public life. Making invalidity fair meant ensuring that the government was held to the standards of legal procedure in its award of war disability pensions. Moreover, in the case of schizophrenia, it also meant using legal means to force the psychiatric profession to be more honest about the limits of its disease theories. The interaction of medical and legal epistemic practices produced a hybrid entity, stress-triggered schizophrenia, as a socially acceptable solution to the problem of medical uncertainty.",crossref,crossref:beneficios_incapacidade_avaliacao_medico_pericial:beneficios_incapacidade_avaliacao_medico_pericial_3,0.0,CONCLUIDA,66.0,REVISAR_HUMANO,76.0,"Equidade territorial, qualidade e controle","Analisa certificação/decisão sobre pensões por invalidez de guerra, incerteza médica, apelações e justiça procedimental na concessão.",Contexto histórico e de pensões de guerra pode limitar aplicabilidade direta ao fluxo contemporâneo de benefícios por incapacidade.,"O resumo aborda explicitamente certificação de invalidez, incerteza médica, padrões legais e revisão de decisões, temas relevantes para qualidade e controle. Apesar do contexto histórico específico, pode oferecer evidência conceitual/institucional útil.",PENDENTE,,,NAO_INICIADO,,PENDENTE,,,,,,,,
semantic_scholar:876b104002033d77ff560c3d09500024c01bdde0,[An assessment of work ability after the completion of rehabilitation as part of disability pension prevention of the Social Insurance Institution among people with chronic musculoskeletal diseases].,G. Przysada; Justyna Kilian; Agnieszka Wiśniowska-Szurlej; B. Sozański; Paweł Piwoński; M. Drużbicki; A. Wilmowska-Pietruszyńska; Agnieszka Ćwirlej-Sozańska,2019,Medycyna Pracy,10.13075/mp.5893.00826,https://www.semanticscholar.org/paper/876b104002033d77ff560c3d09500024c01bdde0,http://medpr.imp.lodz.pl/pdf-103653-41048?filename=An assessment of work.pdf,"BACKGROUND The increasing number of people receiving benefits due to incapacity for work is a heavy burden for the state budget. In order to reduce the scale of this phenomenon, the Social Insurance Institution (ZUS) carries out a rehabilitation program as part of disability pension prevention. MATERIAL AND METHODS The study was based on the analysis of medical documentation of 607 patients rehabilitated at the Saint Queen Jadwiga's Regional Clinical Hospital No. 2 in Rzeszow, as part of the ZUS prevention of disability pension program in 2011-2013. Medical documentation included the medical history and results of the Functional Test recommended by ZUS. Two years after the completion of rehabilitation, a telephone check was conducted among 118 rehabilitated patients to assess their occupational status. RESULTS The analysis of the Functional Test documentation showed that in all groups of wykorzystująpatients included in the rehabilitation program, as well as those among whom the control was carried out, the majority were people with post-exercise pain, full physical fitness, slight mobility limitation, full efficiency in everyday activities, correct strength of muscles and moving abilities, as well as normal psychosocial efficiency. The vast majority of them received a recommendation regarding work in a properly-adjusted position. It was shown that in the 2-year observation period, the percentage of professionally active people increased from 56% to 61.02%. CONCLUSIONS The most important factors determining the return to work include psychosocial efficiency and the level of pain.",pubmed; semantic_scholar,pubmed:analise_documental_elegibilidade:analise_documental_elegibilidade_3; semantic_scholar:analise_documental_elegibilidade:analise_documental_elegibilidade_3; semantic_scholar:beneficios_incapacidade_avaliacao_medico_pericial:beneficios_incapacidade_avaliacao_medico_pericial_1,0.0,CONCLUIDA,63.0,REVISAR_HUMANO,74.0,Benefícios por incapacidade e avaliação médico-pericial,"Estudo empírico sobre incapacidade para o trabalho no contexto de programa previdenciário, com análise de documentação médica e avaliação de capacidade laboral.","Não aborda claramente triagem documental, teleperícia, fluxo de alocação, filas ou gestão operacional do processo pericial.","O resumo trata de benefício por incapacidade e capacidade para o trabalho no âmbito da seguridade social, baseado em análise de documentação médica de reabilitados. Há aderência parcial ao eixo de avaliação médico-pericial, mas o foco principal parece ser desfecho de reabilitação, não redesenho de fluxo, elegibilidade administrativa ou modalidades remotas.",PENDENTE,,,NAO_INICIADO,,PENDENTE,,,,,,,,
crossref:10.1111/j.1468-246x.1981.tb00705.x,Assessing the severity of disability for the allocation of benefits and services,Walker,1981,International Social Security Review,10.1111/j.1468-246x.1981.tb00705.x,https://doi.org/10.1111/j.1468-246x.1981.tb00705.x,,,crossref,crossref:capacidade_filas_alocacao:capacidade_filas_alocacao_3,0.0,CONCLUIDA,62.0,REVISAR_HUMANO,63.0,Benefícios por incapacidade e avaliação médico-pericial,"Estudos que analisem benefícios por incapacidade, afastamento por doença, seguro por incapacidade, certificação médica ou avaliação médico-pericial.",,"Título sugere avaliação da gravidade da deficiência para alocação de benefícios e serviços, o que pode dialogar com elegibilidade e critérios de decisão. Sem resumo, permanece incerto se aborda fluxo pericial, incapacidade laboral ou desenho operacional.",PENDENTE,,,NAO_INICIADO,,PENDENTE,,,,,,,,
semantic_scholar:3e207b85908afc9f30251be69c53c83b6b6f09ff,How does Access to Short Term Disability Insurance Impact SSDI Claiming,David H. Autor; M. Duggan,2013,,,https://www.semanticscholar.org/paper/3e207b85908afc9f30251be69c53c83b6b6f09ff,,,semantic_scholar,semantic_scholar:capacidade_filas_alocacao:capacidade_filas_alocacao_1,0.0,CONCLUIDA,60.0,REVISAR_HUMANO,63.0,Benefícios por incapacidade e avaliação médico-pericial,"Título indica relação entre acesso a short-term disability insurance e requerimento ao SSDI, pertinente ao campo de benefícios por incapacidade e incentivos de entrada no sistema.","Sem resumo, não se confirma contribuição para triagem, avaliação pericial, filas ou modalidades de atendimento.","Aderência moderada pelo tema de disability insurance e claiming, mas a utilidade para o fluxo de análise de requerimentos depende de conteúdo não disponível.",PENDENTE,,,NAO_INICIADO,,PENDENTE,,,,,,,,
crossref:10.1001/jama.1958.03000080035011,MEDICAL CERTIFICATION OF ABSENCE FROM WORK,,1958,Journal of the American Medical Association,10.1001/jama.1958.03000080035011,https://doi.org/10.1001/jama.1958.03000080035011,,,crossref,crossref:beneficios_incapacidade_avaliacao_medico_pericial:beneficios_incapacidade_avaliacao_medico_pericial_3,0.0,CONCLUIDA,60.0,REVISAR_HUMANO,63.0,Análise documental e elegibilidade,"O título sugere certificação médica de ausência ao trabalho, potencialmente ligada a afastamento por doença e validação documental.",Resumo ausente; pode não tratar de benefício por incapacidade nem de fluxo decisório administrativo.,"Há aderência temática provável por envolver certificação médica de ausência laboral, mas faltam resumo e metadados suficientes para confirmar contribuição aos eixos de elegibilidade, decisão administrativa ou gestão de fluxo.",PENDENTE,,,NAO_INICIADO,,PENDENTE,,,,,,,,
crossref:10.1787/116255041581,Figure 3.11. Pathways to Work increases the off-flow from incapacity benefit,,,,10.1787/116255041581,https://doi.org/10.1787/116255041581,,,crossref,crossref:analise_documental_elegibilidade:analise_documental_elegibilidade_3; crossref:beneficios_incapacidade_avaliacao_medico_pericial:beneficios_incapacidade_avaliacao_medico_pericial_2,0.0,CONCLUIDA,60.0,REVISAR_HUMANO,58.0,"Capacidade, filas e alocação de serviços","Título sugere análise de política que aumenta o off-flow de benefício por incapacidade, potencialmente útil para gestão de demanda e fluxos.","Registro aparenta ser figura isolada, sem resumo nem contexto analítico verificável; pode não constituir estudo ou relatório com evidência utilizável.","Há sinal de relevância para dinâmica de entrada/saída de benefícios, mas o metadado indica possivelmente apenas uma figura de publicação OECD, insuficiente para confirmar elegibilidade.",PENDENTE,,,NAO_INICIADO,,PENDENTE,,,,,,,,
openalex:https://openalex.org/W1964352664,The Rise in the Disability Rolls and the Decline in Unemployment,David Autor; Mark Duggan,2003,The Quarterly Journal of Economics,10.1162/00335530360535171,https://doi.org/10.1162/00335530360535171,https://repository.upenn.edu/bitstreams/ab456613-8aeb-437b-9cf6-2383f4827d7b/download,"Between 1984 and 2001, the share of nonelderly adults receiving Social Security Disability Insurance income (DI) rose by 60 percent to 5.3 million beneficiaries. Rapid program growth despite improving aggregate health appears to be explained by reduced screening stringency, declining demand for less skilled workers, and an unforeseen increase in the earnings replacement rate. We estimate that the sum of these forces doubled the labor force exit propensity of displaced high school dropouts after 1984, lowering measured U. S. unemployment by one-half a percentage point. Steady state calculations augur a further 40 percent increase in the rate of DI receipt.",openalex,openalex:analise_documental_elegibilidade:analise_documental_elegibilidade_2; openalex:beneficios_incapacidade_avaliacao_medico_pericial:beneficios_incapacidade_avaliacao_medico_pericial_3,0.0,CONCLUIDA,58.0,REVISAR_HUMANO,82.0,Benefícios por incapacidade e avaliação médico-pericial,"Analisa crescimento do Disability Insurance, screening stringency e dinâmica de entrada em benefícios por incapacidade.","Foco econômico/macrossocial; não há indicação explícita de avaliação médico-pericial operacional, triagem documental ou modalidades remotas.","O resumo é relevante por discutir rigor de triagem/screening e dinâmica de concessão de benefícios por incapacidade, mas parece centrado em economia do programa e mercado de trabalho, com aderência indireta ao redesenho do fluxo pericial.",PENDENTE,,,NAO_INICIADO,,PENDENTE,,,,,,,,
openalex:https://openalex.org/W2888771238,"Toward a low-cost, in-home, telemedicine-enabled assessment of disability in multiple sclerosis",Riley Bove; Carolyn Bevan; Elizabeth Crabtree; Chao Zhao; Refujia Gomez; Priya Garcha; John Morrissey; Jason Dierkhising; Ari Green; Stephen L. Hauser; Bruce Cree; Mitchell T. Wallin; Jeffrey M. Gelfand,2018,Multiple Sclerosis Journal,10.1177/1352458518793527,https://doi.org/10.1177/1352458518793527,https://core.ac.uk/download/427166813.pdf,"Background: Remote assessment of neurological disability in people with multiple sclerosis (MS) could improve access to clinical care and efficiency of clinical research. Objective: To develop and validate a telemedicine-based MS disability examination that does not require an in-home examiner. Methods: Adults with MS were recruited after a standardized in-person Expanded Disability Status Scale (EDSS) evaluation, and within 1 week underwent a blinded televideo-enabled EDSS examination with a different clinician. EDSS and tele-EDSS scores were compared. Results: Overall, 41 adults participated (mean (standard deviation (SD)) age: 47.0 years (11.6); median EDSS: 2 (range: 0–7)); 37 required no in-home assistance for the tele-EDSS evaluation (e.g. help positioning camera). Mean difference between EDSS and tele-EDSS was 0.34 (95% confidence interval (CI): 0.07–0.61). For 88% of evaluations, tele-EDSS and EDSS scores were within 1 point (similar to reported in-person inter-rater differences). Unweighted kappa for agreement within 0.5 point was 0.72. Correlation for individual functional systems (FS) ranged from modest (vision: 0.37) to high (bowel/bladder: 0.79). Overall correlation between EDSS and tele-EDSS was 0.89 ( p &lt; 0.0001); and 0.98 ( p &lt; 0.0001) at EDSS range: 4–7. Conclusion: In this proof of principle study, disability evaluation in mild to moderate MS is feasible using telemedicine without an aide at the patient’s location.",core; openalex; pubmed; semantic_scholar,core:telepericia_avaliacao_remota:telepericia_avaliacao_remota_2; openalex:telepericia_avaliacao_remota:telepericia_avaliacao_remota_2; pubmed:telepericia_avaliacao_remota:telepericia_avaliacao_remota_2; semantic_scholar:telepericia_avaliacao_remota:telepericia_avaliacao_remota_2,0.0,CONCLUIDA,58.0,REVISAR_HUMANO,78.0,Teleperícia e avaliação remota,"Estudo empírico sobre avaliação médica remota de incapacidade/disability, com validação comparada ao exame presencial e potencial relação com acesso e eficiência.","Foco clínico em esclerose múltipla e avaliação funcional, sem vínculo explícito com benefícios por incapacidade, certificação médico-pericial ou fluxo administrativo.","O resumo descreve validação de exame remoto de disability (tele-EDSS) versus presencial, o que dialoga com avaliação remota e confiabilidade. Porém, aparenta ser voltado à assistência/pesquisa clínica, não à decisão pericial ou elegibilidade para benefícios.",PENDENTE,,,NAO_INICIADO,,PENDENTE,,,,,,,,
semantic_scholar:e2afb569481c3d5fae541d979dd4f1731a19ad96,Institutional time inequality: speed capital and the social distribution of waiting,Stephen R. Christ,2026,Theory and society,10.1007/s11186-026-09730-x,https://www.semanticscholar.org/paper/e2afb569481c3d5fae541d979dd4f1731a19ad96,https://link.springer.com/content/pdf/10.1007/s11186-026-09730-x.pdf,"Modern bureaucratic institutions distribute not only resources, rights, sanctions, and recognition, but also time. This article develops a theory of institutional time inequality to explain how disparities in the duration between claim and resolution become a mechanism of stratification. Drawing on sociological theories of time, bureaucracy, waiting, administrative burden, and capital conversion, I argue that institutional delay is not merely an administrative inconvenience or organizational inefficiency. It is a distributive process through which life chances are shaped. The article introduces the concept of speed capital to describe the capacity to convert existing forms of economic, social, and cultural capital into accelerated institutional outcomes under conditions of differentiated temporal governance. Empirical illustrations from immigration adjudication, pretrial detention, disability benefits administration, housing waitlists, eviction proceedings, and citizenship by investment programs show how institutions allocate waiting unevenly and how advantaged actors secure faster or less damaging pathways through bureaucratic systems. The article contributes to theories of stratification by shifting attention from waiting as experience to waiting as distribution. It shows that access received too late is not equivalent to access received in time, and that inequality is reproduced not only through the unequal distribution of resources, but through the unequal distribution of institutional time itself.",semantic_scholar,semantic_scholar:capacidade_filas_alocacao:capacidade_filas_alocacao_1,0.0,CONCLUIDA,58.0,REVISAR_HUMANO,76.0,"Capacidade, filas e alocação de serviços","Estudos que analisem capacidade operacional, filas, tempo de espera, produtividade, priorização de casos, alocação de profissionais ou gestão de demanda em serviços periciais ou sistemas de benefícios",,"Artigo teórico sobre desigualdade temporal institucional e distribuição da espera, com ilustrações empíricas incluindo administração de benefícios por incapacidade. Não é específico de perícia médica, mas pode contribuir conceitualmente para filas, tempos de espera e equidade no processamento de requerimentos.",PENDENTE,,,NAO_INICIADO,,PENDENTE,,,,,,,,
pubmed:37192074,Disability Evaluations: Common Questions and Answers.,Evensen AE; Hartman J,2023,American family physician,,https://pubmed.ncbi.nlm.nih.gov/37192074/,,,pubmed,pubmed:beneficios_incapacidade_avaliacao_medico_pericial:beneficios_incapacidade_avaliacao_medico_pericial_1,0.0,CONCLUIDA,58.0,REVISAR_HUMANO,74.0,Benefícios por incapacidade e avaliação médico-pericial,Pode abordar avaliação de incapacidade e certificação médica.,"Editorial, comentário, notícia, apresentação, resumo de congresso ou opinião sem análise, dados, revisão ou contribuição institucional verificável.","O título 'Disability Evaluations: Common Questions and Answers' sugere conteúdo sobre avaliação de incapacidade, potencialmente útil para práticas de certificação. Porém, sem resumo e por estar em periódico de medicina de família, pode ser texto orientativo/narrativo sem evidência analítica suficiente.",PENDENTE,,,NAO_INICIADO,,PENDENTE,,,,,,,,
semantic_scholar:a5195b792622a0c94aa4179aa293b6bb1ed12e0f,"Psychometric Properties of the 12-Item World Health Organization Disability Assessment Schedule (WHODAS 2.0), Greek Version: A Cross-Sectional Study on Applicants of Welfare Benefits",Georgios Theotokatos; R. Escorpizo; T. Angelopoulos; Nikolaos Chrysagis; Jerome Bickenbach; Aikaterini Venieri; Konstantinos Karteroliotis; E. Grammatopoulou; E. Skordilis,2023,Cureus,10.7759/cureus.48588,https://www.semanticscholar.org/paper/a5195b792622a0c94aa4179aa293b6bb1ed12e0f,https://assets.cureus.com/uploads/original_article/pdf/192270/20231110-28225-doo2cw.pdf,"Introduction: The International Classification of Functioning, Disability, and Health (ICF) provides a framework for the biopsychosocial model of disability and was developed by the World Health Organization (WHO). The World Health Organization Disability Assessment Schedule (WHODAS 2.0) is an ICF-based tool that measures health and disability at the population level or in clinical practice. The aim of the study was to examine the psychometric properties of the Greek version of the WHODAS 2.0 (12-item) administered to 10,163 adults who had applied for welfare benefits in three regions of Greece. Methods: The WHODAS 2.0, administered by interview was the primary outcome variable. Principal axis factoring (PAF) and confirmatory factor analysis (CFA) assessed the data fit to the model (construct validity). The correlation between Barema disability percentage (assessed by a three-member medical committee) and WHODAS 2.0 score and the correlation between WHODAS 2.0 score and the number of comorbidities were also examined (concurrent validity). Cronbach’s alpha was used to assess the internal consistency of the questionnaire. Floor and ceiling effects were also examined. Results: Internal consistency was acceptable (Cronbach’s alpha=0.918). A significant association was found between Barema disability percentage and the WHODAS 2.0 score. Factor analysis showed a clear two-factor solution (PAF and CFA), while no floor or ceiling effects were evident. Conclusion: The Greek version of the 12-item WHODAS 2.0 was found to be reliable and valid in a wide sample of applicants for welfare benefits.",semantic_scholar,semantic_scholar:beneficios_incapacidade_avaliacao_medico_pericial:beneficios_incapacidade_avaliacao_medico_pericial_1,0.0,CONCLUIDA,58.0,REVISAR_HUMANO,74.0,Benefícios por incapacidade e avaliação médico-pericial,Estudo com requerentes de benefícios assistenciais e comparação entre instrumento funcional e percentual de incapacidade atribuído por comitê médico.,"Foco principal em propriedades psicométricas de instrumento, não em fluxo, triagem documental ou gestão operacional.","Há aderência parcial porque envolve applicants de welfare benefits e avaliação por comitê médico, podendo informar qualidade e consistência da avaliação. Contudo, o objetivo central é validação psicométrica do WHODAS.",PENDENTE,,,NAO_INICIADO,,PENDENTE,,,,,,,,
pubmed:24120308,Recommendations for fitness for work medical evaluations in chronic respiratory patients. Spanish Society of Pulmonology and Thoracic Surgery (SEPAR).,Martínez González C; González Barcala FJ; Belda Ramírez J; González Ros I; Alfageme Michavila I; Orejas Martínez C; González Rodríguez-Moro JM; Rodríguez Portal JA; Fernández Álvarez R; Spanish Society of Pulmonology and Thoracic Surgery (SEPAR),2013,Archivos de bronconeumologia,10.1016/j.arbres.2013.06.004,https://pubmed.ncbi.nlm.nih.gov/24120308/,http://hdl.handle.net/10651/24132,,pubmed,pubmed:beneficios_incapacidade_avaliacao_medico_pericial:beneficios_incapacidade_avaliacao_medico_pericial_2,0.0,CONCLUIDA,58.0,REVISAR_HUMANO,74.0,Benefícios por incapacidade e avaliação médico-pericial,"Recomendações para avaliações médicas de aptidão para o trabalho em pacientes respiratórios, potencialmente úteis para critérios de avaliação/certificação.","Pode ser diretriz clínica de aptidão laboral sem foco em benefícios por incapacidade, fluxo pericial ou decisão administrativa.","O título sugere recomendações formais para avaliações médicas de aptidão para o trabalho. Há pertinência potencial ao eixo de avaliação/certificação, mas não está claro se contribui diretamente ao redesenho do fluxo de benefícios por incapacidade.",PENDENTE,,,NAO_INICIADO,,PENDENTE,,,,,,,,
pubmed:38526938,Savings in social expenditures for work incapacity in patients with inflammatory bowel disease depend on access to innovative therapies in Poland.,Zagórowicz E; Binowski G; Strządała D; Pruszko C; Kucha P; Reguła J,2024,European journal of gastroenterology & hepatology,10.1097/meg.0000000000002764,https://pubmed.ncbi.nlm.nih.gov/38526938/,,,pubmed,pubmed:beneficios_incapacidade_avaliacao_medico_pericial:beneficios_incapacidade_avaliacao_medico_pericial_2,0.0,CONCLUIDA,58.0,REVISAR_HUMANO,63.0,Benefícios por incapacidade e avaliação médico-pericial,"Estudos que analisem benefícios por incapacidade, afastamento por doença, seguro por incapacidade, certificação médica ou avaliação médico-pericial.",,"O título trata de despesas sociais por incapacidade laboral em pacientes com doença inflamatória intestinal. Há aderência ao tema de incapacidade para o trabalho, mas o foco parece econômico e terapêutico, não necessariamente em fluxo decisório ou avaliação pericial.",PENDENTE,,,NAO_INICIADO,,PENDENTE,,,,,,,,
crossref:10.1016/s0140-6736(01)31117-0,MEDICAL CERTIFICATION OF INCAPACITY OF INSURED PERSONS FOR WORK.,,1927,The Lancet,10.1016/s0140-6736(01)31117-0,https://doi.org/10.1016/s0140-6736(01)31117-0,,,crossref,crossref:analise_documental_elegibilidade:analise_documental_elegibilidade_3; crossref:beneficios_incapacidade_avaliacao_medico_pericial:beneficios_incapacidade_avaliacao_medico_pericial_3,0.0,CONCLUIDA,58.0,REVISAR_HUMANO,60.0,Benefícios por incapacidade e avaliação médico-pericial,"Título indica certificação médica de incapacidade para o trabalho de segurados, diretamente alinhada ao tema de benefícios por incapacidade.","Resumo ausente; publicação muito antiga e possivelmente correspondência/editorial, sem análise verificável.","O título é altamente pertinente ao escopo, mas a ausência de resumo e o perfil potencialmente editorial impedem classificar com maior prioridade sem inspeção humana.",PENDENTE,,,NAO_INICIADO,,PENDENTE,,,,,,,,
crossref:10.1093/eurpub/ckaa166.633,"Medical certificate of disability: a descriptive analysis of Aveiro region, from 2010 to 2016",Sá; Matos,2020,European Journal of Public Health,10.1093/eurpub/ckaa166.633,https://doi.org/10.1093/eurpub/ckaa166.633,https://academic.oup.com/eurpub/article-pdf/30/Supplement_5/ckaa166.633/33820399/ckaa166.633.pdf,"Abstract Background In Portugal, Public Health Physicians attribute the medical certificate of disability (MCD). This document is mainly used for fiscal benefits or from other kind, as priority parking card and non-medical public services are increasing its requirement. The threshold to determine benefits is 60% of incapacity by law. Oncological, musculoskeletal and psychiatric diseases account for most of the cases. This activity is highly time-consuming and is not part of the Essential Public Health Operations or the competences of Public Health Physicians according to the Medical Professional Order. The aim of this study is to characterize the evolution of this procedure and the obtained incapacity values from 2010 to 2016 in the Public Health Unit of Baixo Vouga Primary Healthcare Cluster. Methods A descriptive analysis was made with the registers of production of MCD in four municipalities of the Aveiro Region from 2010 to 2016. Results An increase in the number of MCD was verified, going from 274 in 2010 to 550 in 2016, in a total of 3087. Two thousand and fifteen was the year with the greatest frequencies, with 632 certificates. The median value of incapacity was 60% (64% of total MCDs), with an interquartile amplitude of 12, varying from 6% to 99%. Incapacity values have an increasing tendency over the years, showing a cohort effect. Conclusions The increase of MCD reflects an enormous burden for the Public Health Services that consequently have fewer resources to deal with Essential Public Health Operations. Human resources or task distribution should be rethought in order to respond to population's needs. Cohort effects might be explained by the law-fixed re-evaluation, required every 5 years for oncological cases. In fact, this incapacity is the main cause of requirement of the MCD. Further studies should address this problematic in order to better organize the health services and understand the effectiveness of this procedure. Key messages The number of issued MCD is growing, overloading Health Services. The median incapacity is 60%, which is the threshold to attribute benefits. Further investigation is needed to address this issue.",crossref,crossref:analise_documental_elegibilidade:analise_documental_elegibilidade_2,0.0,CONCLUIDA,55.0,REVISAR_HUMANO,78.0,Benefícios por incapacidade e avaliação médico-pericial,Estudos que analisem certificação médica ou avaliação médico-pericial; estudos empíricos e estudos de caso institucionais.,Textos sem relação substantiva com a pergunta de pesquisa ou com ao menos um eixo da matriz analítica.,"O resumo descreve análise descritiva de certificados médicos de deficiência em Portugal, incluindo volume de casos, valores de incapacidade e caráter muito consumidor de tempo do procedimento. Há relação com certificação e capacidade operacional, embora o foco pareça mais descritivo e não mencione triagem documental, teleavaliação ou desenho de fluxo.",PENDENTE,,,NAO_INICIADO,,PENDENTE,,,,,,,,
pubmed:36628335,Socio-demographic and Audiological Profile of the Board-Reviewed Applicants for Hearing Handicap Certification in a Tertiary Care Teaching Institute in Eastern India.,Kundu S; Ghosh AK; Dutta M; Kant R; Ghosh B; Jotdar A; Dutta M,2023,Indian journal of otolaryngology and head and neck surgery : official publication of the Association of Otolaryngologists of India,10.1007/s12070-022-03451-0,https://pubmed.ncbi.nlm.nih.gov/36628335/,https://link.springer.com/content/pdf/10.1007/s12070-022-03451-0.pdf,,pubmed,pubmed:beneficios_incapacidade_avaliacao_medico_pericial:beneficios_incapacidade_avaliacao_medico_pericial_3,0.0,CONCLUIDA,55.0,REVISAR_HUMANO,62.0,Benefícios por incapacidade e avaliação médico-pericial,"Estudos que analisem benefícios por incapacidade, afastamento por doença, seguro por incapacidade, certificação médica ou avaliação médico-pericial.",,"O título aborda perfil de candidatos avaliados para certificação de deficiência auditiva, sugerindo relação com processos de certificação. Contudo, não está claro se o estudo informa fluxo, elegibilidade, acesso ou gestão operacional.",PENDENTE,,,NAO_INICIADO,,PENDENTE,,,,,,,,
semantic_scholar:11c4cee29b5698cd87960aa3140cc23d88915026,Early intervention in temporary DI: A randomized natural field experiment reducing waiting time in vocational rehabilitation,K. Hauge; S. Markussen; R. Frisch,2021,,,https://www.semanticscholar.org/paper/11c4cee29b5698cd87960aa3140cc23d88915026,,,semantic_scholar,semantic_scholar:capacidade_filas_alocacao:capacidade_filas_alocacao_1,0.0,CONCLUIDA,55.0,REVISAR_HUMANO,58.0,"Capacidade, filas e alocação de serviços","Título sugere estudo sobre intervenção precoce em benefício por incapacidade temporária, com redução de tempo de espera em reabilitação vocacional, potencialmente relevante para filas e gestão do fluxo.","Resumo e metadados insuficientes para confirmar relação com avaliação médico-pericial, triagem documental, teleperícia ou decisão administrativa sobre incapacidade.","Há aderência parcial pelo foco aparente em disability insurance temporário e waiting time, mas sem resumo não é possível verificar se o estudo informa algo útil sobre alocação entre modalidades de avaliação ou gestão pericial.",PENDENTE,,,NAO_INICIADO,,PENDENTE,,,,,,,,
crossref:10.1920/ps.ifs.2024.0567,Incapacity and disability benefit policy,Emmerson,2017,,10.1920/ps.ifs.2024.0567,https://doi.org/10.1920/ps.ifs.2024.0567,,,crossref,crossref:beneficios_incapacidade_avaliacao_medico_pericial:beneficios_incapacidade_avaliacao_medico_pericial_2,0.0,CONCLUIDA,55.0,REVISAR_HUMANO,52.0,Benefícios por incapacidade e avaliação médico-pericial,"Título indica política de benefícios por incapacidade, potencialmente relevante para avaliação de desenho institucional e regras de elegibilidade.","Resumo e metadados insuficientes para verificar se aborda fluxo pericial, triagem documental, teleavaliação, filas, capacidade operacional ou controle.","O título sugere aderência temática geral ao campo de benefícios por incapacidade, mas a ausência de resumo e periódico impede confirmar contribuição substantiva para a pergunta da revisão.",PENDENTE,,,NAO_INICIADO,,PENDENTE,,,,,,,,
pubmed:17987998,[How frequent are cardiovascular diseases a cause of work absenteeism and of disability in Switzerland?].,Darioli R; Perdrix J,2007,Therapeutische Umschau. Revue therapeutique,10.1024/0040-5930.64.8.443,https://pubmed.ncbi.nlm.nih.gov/17987998/,,,pubmed,pubmed:beneficios_incapacidade_avaliacao_medico_pericial:beneficios_incapacidade_avaliacao_medico_pericial_3,0.0,CONCLUIDA,52.0,REVISAR_HUMANO,58.0,Benefícios por incapacidade e avaliação médico-pericial,"Estudos que analisem benefícios por incapacidade, afastamento por doença, seguro por incapacidade, certificação médica ou avaliação médico-pericial.",,"O título trata da frequência de doenças cardiovasculares como causa de absenteísmo laboral e incapacidade na Suíça. Há aderência ao tema de incapacidade para o trabalho, mas não está claro se contribui para avaliação pericial ou gestão de fluxos.",PENDENTE,,,NAO_INICIADO,,PENDENTE,,,,,,,,
crossref:10.1097/00007611-195605000-00020,The Problem of Disability Certification,WELLS,1956,Southern Medical Journal,10.1097/00007611-195605000-00020,https://doi.org/10.1097/00007611-195605000-00020,,,crossref,crossref:beneficios_incapacidade_avaliacao_medico_pericial:beneficios_incapacidade_avaliacao_medico_pericial_3,0.0,CONCLUIDA,52.0,REVISAR_HUMANO,58.0,Benefícios por incapacidade e avaliação médico-pericial,"O título sugere discussão sobre certificação de incapacidade/disability certification, potencialmente relacionada à avaliação médico-pericial.",Resumo ausente; pode ser comentário/editorial ou texto sem análise empírica/institucional verificável.,"O título é tematicamente próximo da revisão, mas a ausência de resumo e detalhes metodológicos impede verificar se aborda benefícios por incapacidade, processos decisórios ou apenas opinião geral. Requer checagem humana.",PENDENTE,,,NAO_INICIADO,,PENDENTE,,,,,,,,
crossref:10.1057/9781137314277.0008,Are Incapacity Benefit Claimants Beyond Employment? Exploring Issues of Employability,Green; Shuttleworth,,"Disability Benefits, Welfare Reform and Employment Policy",10.1057/9781137314277.0008,https://doi.org/10.1057/9781137314277.0008,,,crossref,crossref:beneficios_incapacidade_avaliacao_medico_pericial:beneficios_incapacidade_avaliacao_medico_pericial_2,0.0,CONCLUIDA,50.0,REVISAR_HUMANO,47.0,Benefícios por incapacidade e avaliação médico-pericial,"Título e obra indicam discussão sobre requerentes de incapacity benefit e empregabilidade, potencialmente relacionada a políticas de benefício por incapacidade.","Sem resumo; não está claro se aborda avaliação médico-pericial, elegibilidade, triagem, capacidade operacional ou apenas mercado de trabalho.",A aderência é apenas parcial e temática ampla; necessita verificação humana para confirmar utilidade para a pergunta específica da revisão.,PENDENTE,,,NAO_INICIADO,,PENDENTE,,,,,,,,
semantic_scholar:6d25b648df33bb4c9f013438fbfc390681d63030,"Association of Sociodemographic Factors and Prolonged Recovery Time from Work Disability in Patients with Cervical Sprain in Obregon City, Mexico",H. M; Corral-Castillo Ja,2022,Journal of Family Medicine,10.26420/jfammed.2022.1315,https://www.semanticscholar.org/paper/6d25b648df33bb4c9f013438fbfc390681d63030,https://austinpublishinggroup.com/family-medicine/fulltext/jfm-v9-id1315.pdf,"Background: Work disability is a medical certification that considers both physical factors and psychophysical conditions of the worker and work conditions. Exceeding the recovery time means a prolonged disability. The most frequent pathologies that incapacitate are cervical injuries (30%), with cervical sprain being the most common. Objective: To determine the association between sociodemographic factors and prolonged time of recovery from disability in patients with a diagnosis of cervical sprain grade 1 and 2 in Obregon City, Mexico. Methods: An analytic cross-sectional study was conducted in the family medicine unit 1 from Obregon City, Mexico. Medical records of 376 disabled workers due to grade 1 and 2 cervical sprain were reviewed. In the bivariate analysis, odds ratio and Chi-Square with a confidence interval of 95% was implemented, a p <0.05 was considered significant Results: Of the 376 disabilities due to general illness, 144(46.6%) were prolonged and 165(53.4%) not prolonged. In disabilities for work risk, 44(65.7%) were prolonged and 23(34.3%) not prolonged, this difference was significative (p=0.005). Conclusions: The variable more associated with prolonged disability wastype of disability (work risk).",semantic_scholar,semantic_scholar:beneficios_incapacidade_avaliacao_medico_pericial:beneficios_incapacidade_avaliacao_medico_pericial_3,0.0,CONCLUIDA,46.0,REVISAR_HUMANO,71.0,"Capacidade, filas e alocação de serviços",Estudo empírico sobre tempo prolongado de incapacidade laboral com revisão de prontuários e fatores associados.,"Foco clínico-epidemiológico em recuperação prolongada, sem abordar claramente fluxo pericial, triagem, teleperícia ou gestão de demanda.","Há relação com incapacidade laboral e duração do afastamento, o que pode informar gestão de casos e priorização. Contudo, o resumo não indica análise do processo de certificação, elegibilidade administrativa ou organização do serviço pericial.",PENDENTE,,,NAO_INICIADO,,PENDENTE,,,,,,,,
crossref:10.33540/2047,Making up incapacity for work?,Dijkstra,,,10.33540/2047,https://doi.org/10.33540/2047,,"In 1901 the Ongevallenwet, the first act regulating the insurance of workers in cases of accidents, was introduced in the Netherlands. In the historiography of the welfare state, introductions of acts like the Ongevallenwet mark a moment in time in which the collective started to take care of individual misfortune. This new form of state funded compensation for the loss of income due to disabilities came with a pressing individual responsibility to not misuse this social security arrangement. The regulations have constantly been tightened to make sure ‘the right people’ receive benefits. But when was a person truly incapable to work? Social security legislation necessitated classification. As philosophers of science have shown, classifications are moving targets that interact with our investigations. Interaction with the classification therefore ‘makes up’ the label that is being described. In line with these insights, this research examines the search for identifying properties of incapacity to work as a process of making up incapacity to work. This dissertation provides a fresh look at the ways in which incapacity for work has historically been produced. It analyses the actions and practices that have created and sustained the phenomenon of incapacity for work. It examines how it was enacted not only through the Ongevallenwet, but also through the interactions between the officials who implemented policies, the medical experts who testified about the nature, veracity and severity of the incapacity for work, and the individuals whose working capacity was under scrutiny. This research has shown how the three actors enacted incapacity for work in different ways, taking into account their position, knowledge, interests, (professional) rationalisations and values. Each actor undertook its own situated search for the properties of incapacity, resulting in a variety of realities of incapacity. Each assessment, however, required mediation, navigation and negotiation between legal frameworks, values and interests. Each actor had to deal with doubt and used their own rationales and techniques, and did so in interaction with the other actors involved. In that process, the characteristics of incapacity were constantly changing. This thesis has shown that there is no such thing as a fixed category of disabled workers, instead this category is created in the process of claim assessment. This conclusion has far-reaching implications for the way we look at social security legislation. It is much more than the allocation of money: the process establishes categories associated with all sorts of socio-material realities. By recognising that the targeted group of people who earn benefits are shaped in the process, we can further explore what hierarchical dynamics are at work, how the narratives and perspectives of the actors involved are valued and taken seriously, and what rationalisations and prejudices about people claiming benefits shape examination practices.",crossref,crossref:analise_documental_elegibilidade:analise_documental_elegibilidade_3,0.0,CONCLUIDA,45.0,REVISAR_HUMANO,70.0,Benefícios por incapacidade e avaliação médico-pericial,"Estudos que analisem benefícios por incapacidade, avaliação médico-pericial ou processos de decisão sobre incapacidade.","Editorial, comentário, notícia, apresentação, resumo de congresso ou opinião sem análise, dados, revisão ou contribuição institucional verificável.","O resumo descreve pesquisa histórica sobre como a incapacidade para o trabalho foi produzida e classificada no contexto do seguro social. Há aderência conceitual ao processo de definição de incapacidade e elegibilidade, mas não está claro se oferece evidência operacional útil para fluxo, filas ou modalidades de avaliação.",PENDENTE,,,NAO_INICIADO,,PENDENTE,,,,,,,,
crossref:10.63492/lzjc98,No workaround: Assessing the impact of the Spring 2025 disability and incapacity benefit reforms on employment,Murphy; Thwaites,2025,,10.63492/lzjc98,https://doi.org/10.63492/lzjc98,https://doi.org/10.63492/lzjc98,"In March, the Government released its Pathways to Work Green Paper, setting out a package of welfare reforms that amounted to a net reduction in spending of £4.8 billion in 2029-30. On the Government’s own figures, 3.2 million families will lose out, 250,000 people will fall into poverty, and 700,000 families will fall further below the poverty line. These benefit cuts were accompanied by a significant increase in employment support costing a cumulative £1.9 billion between 2026-27 and 2029-30 but with over half of that not coming until the final year. This spotlight assesses the impact of these reforms on employment.",crossref,crossref:beneficios_incapacidade_avaliacao_medico_pericial:beneficios_incapacidade_avaliacao_medico_pericial_2,0.0,CONCLUIDA,45.0,REVISAR_HUMANO,61.0,Benefícios por incapacidade e avaliação médico-pericial,"Resumo aborda reformas de benefícios por incapacidade e seus impactos, podendo informar desenho de política pública.","Foco aparente em efeitos sobre emprego e pobreza, sem menção a avaliação pericial, triagem documental, teleperícia, filas ou alocação operacional.","Há aderência ao tema amplo de reforma de benefícios por incapacidade, mas a utilidade para o fluxo de análise pericial é incerta com base apenas no resumo.",PENDENTE,,,NAO_INICIADO,,PENDENTE,,,,,,,,
semantic_scholar:9da54434473c038c28fc7fdd486f0cafce2cae46,Comparison of the 36-Item WHODAS 2.0 Functional Assessment in Older Adults by Face-to-Face or Telephone Interviews: A Randomised Crossover Study,Agnieszka Sozańska; B. Sozański; A. Wilmowska-Pietruszyńska; Z. Dzięcioł-Anikiej; M. Hagner-Derengowska; Agnieszka Wiśniowska-Szurlej,2025,Journal of Clinical Medicine,10.3390/jcm14227902,https://www.semanticscholar.org/paper/9da54434473c038c28fc7fdd486f0cafce2cae46,https://www.mdpi.com/2077-0383/14/22/7902/pdf?version=1762517348,"Background/Objectives: With the expansion of telemedicine, it is essential to determine whether the telephone administration of validated disability measures yields results equivalent to face-to-face interviews in older adults. We aimed to compare the agreement between face-to-face and telephone administration of the 36-item WHODAS 2.0 in a community-dwelling population aged ≥60 years. Methods: The study was a randomised, open-label, cross-over design involving 239 people aged ≥60 from south-eastern Poland. Participants were randomly assigned to two groups: G1 (face-to-face interview first, then telephone interview) and G2 (in the reverse order). The interval between interviews was an average of 14.3 ± 1.3 days. The full version of WHODAS 2.0 (excluding domain D5.2) was used. Cohen’s kappa coefficient (κ), intraclass correlation coefficient (ICC) and Bland–Altman analysis were used to assess the consistency of the results. Results: A total of 203 individuals completed both surveys. The agreement between responses for individual items ranged from 85.71% to 98.03% (κ = 0.788–0.947). The WHODAS 2.0 total score showed very high agreement between face-to-face and telephone interviews (ICC = 0.986). All domains showed high or very high agreement (ICC = 0.953–0.967). Bland–Altman analysis confirmed high agreement—only 5.42% of results fell outside the 95% limits of agreement. Conclusions: Telephone interviews are a reliable alternative to face-to-face interviews when using the 36-item WHODAS 2.0 in older adults. Both methods provide comparable and reliable results, confirming the usefulness of telephone interviews in clinical practice and screening, especially when access to in-person healthcare is limited.",semantic_scholar,semantic_scholar:telepericia_avaliacao_remota:telepericia_avaliacao_remota_2,0.0,CONCLUIDA,42.0,REVISAR_HUMANO,78.0,Teleperícia e avaliação remota,Estudo que examina confiabilidade entre entrevista presencial e telefônica para instrumento padronizado de avaliação funcional/disability.,"Sem vínculo explícito com avaliação médico-pericial, certificação ou decisão administrativa sobre benefícios.","O estudo compara aplicação presencial e por telefone do WHODAS 2.0, com foco em concordância. Pode ser útil como evidência metodológica sobre avaliação remota de funcionalidade, mas o contexto não é pericial.",PENDENTE,,,NAO_INICIADO,,PENDENTE,,,,,,,,
crossref:10.2139/ssrn.2290537,"Statement before the House Committee on Veterans’ Affairs, Subcommittee on Disability Assistance and Memorial Affairs, on 'Why Are Veterans Waiting Years on Appeal?: A Review of the Post-Decision Process for Appealed Veterans’ Disability Benefits Claims'",Ridgway,2013,SSRN Electronic Journal,10.2139/ssrn.2290537,https://doi.org/10.2139/ssrn.2290537,https://doi.org/10.2139/ssrn.2290537,,crossref,crossref:capacidade_filas_alocacao:capacidade_filas_alocacao_1,0.0,CONCLUIDA,42.0,REVISAR_HUMANO,72.0,"Capacidade, filas e alocação de serviços","Estudos que analisem benefícios por incapacidade; estudos que analisem capacidade operacional, filas, tempo de espera, produtividade, priorização de casos, alocação de profissionais ou gestão de demanda em serviços periciais ou sistemas de benefícios.","Editorial, comentário, notícia, apresentação, resumo de congresso ou opinião sem análise, dados, revisão ou contribuição institucional verificável.","O título trata explicitamente de espera de anos em apelações de benefícios por incapacidade de veteranos e do processo pós-decisão. Há aderência temática a filas e benefícios por incapacidade, mas o formato parece ser depoimento/statement perante comissão, exigindo verificação humana do tipo de documento e da existência de análise verificável.",PENDENTE,,,NAO_INICIADO,,PENDENTE,,,,,,,,
semantic_scholar:d5e431a917083a49e465cb4f69fa5f70ae4b1441,Analysis of Impaired Functions and Disability Due to Diseases of the Blood and Hematopoietic Organs with Regard to the Need for Rehabilitative Measures,Irina V. Fedorova; N. S. Zapariy; A. Samusenko; D. Bolotov; Elizaveta S. Koneva,2022,Bulletin of Rehabilitation Medicine,10.38025/2078-1962-2022-21-1-114-125,https://www.semanticscholar.org/paper/d5e431a917083a49e465cb4f69fa5f70ae4b1441,https://doi.org/10.38025/2078-1962-2022-21-1-114-125,"Diseases of the blood and hematopoietic organs are one of the urgent medical and social problems. The effectiveness of the rehabilitation measures carried out depends on their compliance with functional disorders and the degree of disability associated with them. Aim. To study the dysfunction of the disabled person’s body and, based on them, to assess the limitation of vital activity and the degree of their severity. Material and methods. The study was generated in xlsx format and uploaded to the environment for statistical data analysis (https:www.r.project.org) using methods: documentary, data copying (184 units). Data processing and analysis were performed using scripts. For continuous normally distributed variables, the average value, the standard deviation, were calculated when comparing two groups of studies — the t–criterion, when comparing several groups — the ANOVA. Medians, 1st and 3rd quartiles were calculated for continuous abnormally distributed variables, and when comparing groups, the Kruskall-Wallis criterion was used. Absolute and relative frequencies were calculated for categorical variables, and when checking the conjugacy tables of 2x2 sizes, the Chi-square criterion or the Fisher criterion was used. Spearman’s rank correlation index was calculated for each pair of categorical variables. The significance level when testing statistical hypotheses was assumed to be 0.05. Results. It was found that in patients with blood and hematopoietic organs diseases, the greatest proportion in the structure of impaired functions were violations of the functions of the blood system and immunity, cardiovascular system, neuromuscular, skeletal and movement-related (statodynamic) and total functions, the severity of which, as a rule, was moderate. In the structure of restrictions of vital activity, the following restrictions of vital activity were determined: self-service abilities of the 1st degree, self-locomotion of the 1st degree and work activity of the 1st degree. Conclusion. Expert-rehabilitation diagnostics based on samples of different numbers and nosology among persons who have passed examination at the ITU bureau, allows us to form an idea of the amount of rehabilitation measures required for them, including in the conditions of assessment according to the requirements of the International Classification of Disorders, Disability and Social Insufficiency.The expert-statistical assessment of this contingent of disabled people allows us to predict the volume of examinations, to assume a prognosis for the course of diseases and to plan the volume of medical and rehabilitation care.",semantic_scholar,semantic_scholar:analise_documental_elegibilidade:analise_documental_elegibilidade_1,0.0,CONCLUIDA,42.0,REVISAR_HUMANO,68.0,Benefícios por incapacidade e avaliação médico-pericial,"Estudo sobre análise de funções prejudicadas, grau de deficiência e necessidade de medidas reabilitativas, potencialmente relacionado à avaliação de incapacidade.","Foco parece clínico-reabilitacional e funcional, sem indicação explícita de benefício, certificação administrativa ou fluxo pericial.","O resumo aborda avaliação da limitação de atividade e gravidade da deficiência com base documental, o que pode dialogar com avaliação de incapacidade, mas a utilidade para desenho de fluxo administrativo não está clara.",PENDENTE,,,NAO_INICIADO,,PENDENTE,,,,,,,,
pubmed:23365263,Prospective pilot evaluation of the effectiveness and cost-utility of a 'health first' case management service for long-term Incapacity Benefit recipients.,Warren J; Bambra C; Kasim A; Garthwaite K; Mason J; Booth M,2014,"Journal of public health (Oxford, England)",10.1093/pubmed/fds100,https://pubmed.ncbi.nlm.nih.gov/23365263/,https://academic.oup.com/jpubhealth/article-pdf/36/1/117/4465820/fds100.pdf,,pubmed,pubmed:beneficios_incapacidade_avaliacao_medico_pericial:beneficios_incapacidade_avaliacao_medico_pericial_2,0.0,CONCLUIDA,42.0,REVISAR_HUMANO,68.0,"Capacidade, filas e alocação de serviços","Envolve beneficiários de Incapacity Benefit e avaliação de serviço de case management, potencialmente útil para gestão de demanda e resultados operacionais.",Pode focar intervenção assistencial/case management sem relação direta com avaliação pericial ou alocação entre modalidades de perícia.,"O título trata de avaliação prospectiva de efetividade e custo-utilidade de serviço de gestão de casos para beneficiários de Incapacity Benefit de longa duração. Há relação com população-alvo da revisão, mas a pertinência ao fluxo pericial não é clara sem resumo.",PENDENTE,,,NAO_INICIADO,,PENDENTE,,,,,,,,
openalex:https://openalex.org/W2499020854,Mental Disability in Victorian England,David Wright,2001,,10.1093/acprof:oso/9780199246397.001.0001,https://doi.org/10.1093/acprof:oso/9780199246397.001.0001,,"Abstract This book contributes to the growing scholarly interest in the history of disability by investigating the emergence of the so-called idiot asylums in England during the Victorian period. Using the National Asylum for Idiots, now known as the Earlswood Asylum, as a case study, it investigates the social history of institutionalisation, privileging the relationship between the medical institution and the society whence its patients came. By concentrating on the importance of patient-centred admission documents, and utilising the benefits of nominal record linkage to other, non-medical sources, the book extends research on the confinement of the ‘insane’ to the networks of care and control that operated outside the walls of the asylum. The book contends that institutional confinement of mentally disabled and mentally ill individuals in the 19th century cannot be understood independently of a detailed analysis of familial and community patterns of care. In this book, the family plays a significant role in the history of the asylum, initiating the identification of mental disability, participating in the certification process, mediating medical treatment, and facilitating discharge back into the community. By exploring the patterns of confinement to the Earlswood Asylum, the book reveals the diversity of the insane population in Victorian England and the complexities of institutional committal in the 19th century. Moreover, by investigating the evolution of the Earlswood Asylum, it examines the history of the institution where John Langdon Down made his now famous identification of Mongolism, later renamed Down's Syndrome. He thus places the formulation of this archetype of mental disability within its historical, cultural, and scientific contexts.",openalex,openalex:analise_documental_elegibilidade:analise_documental_elegibilidade_2,0.0,CONCLUIDA,42.0,REVISAR_HUMANO,61.0,Benefícios por incapacidade e avaliação médico-pericial,Pode dialogar com certificação e documentos de admissão relacionados à identificação de deficiência/incapacidade.,Possível baixa aderência por tratar de história institucional do século XIX e não de fluxos contemporâneos de benefícios; pode não contribuir substantivamente para a pergunta aplicada.,"Resumo menciona documentos de admissão, record linkage e processo de certification de deficiência mental em contexto institucional inglês. Há relação parcial com certificação e documentação, mas o foco histórico-social pode limitar utilidade para redesenho de fluxo pericial atual.",PENDENTE,,,NAO_INICIADO,,PENDENTE,,,,,,,,
semantic_scholar:50556d11e9bc6738c147265a26dcded09f4ff796,Eliminating the Medicare waiting period for Social Security disabled-worker beneficiaries.,B. Bye; Riley Gf,1989,Social security bulletin,,https://www.semanticscholar.org/paper/50556d11e9bc6738c147265a26dcded09f4ff796,,,semantic_scholar,semantic_scholar:capacidade_filas_alocacao:capacidade_filas_alocacao_1,0.0,CONCLUIDA,42.0,REVISAR_HUMANO,57.0,"Capacidade, filas e alocação de serviços","Título aborda eliminação de período de espera para beneficiários disabled-worker do Social Security, potencialmente relevante para efeitos de regras de espera em benefícios por incapacidade.","Parece focado em waiting period do Medicare, não necessariamente no fluxo de avaliação médico-pericial ou alocação entre modalidades.","Pode oferecer evidência contextual sobre consequências de períodos de espera em política de incapacidade, mas a aderência ao redesenho do fluxo pericial é incerta sem resumo.",PENDENTE,,,NAO_INICIADO,,PENDENTE,,,,,,,,
crossref:10.5694/j.1326-5377.1990.tb126179.x,Work certification,Cohen,1990,Medical Journal of Australia,10.5694/j.1326-5377.1990.tb126179.x,https://doi.org/10.5694/j.1326-5377.1990.tb126179.x,,,crossref,crossref:beneficios_incapacidade_avaliacao_medico_pericial:beneficios_incapacidade_avaliacao_medico_pericial_3,0.0,CONCLUIDA,42.0,REVISAR_HUMANO,55.0,Análise documental e elegibilidade,"Título sugere certificação para trabalho, potencialmente ligada a afastamento por doença e documentação médica.",Resumo ausente; pode ser comentário breve ou texto não analítico.,"O tema de certificação laboral pode dialogar com atestados e elegibilidade, mas faltam elementos para saber se há análise útil sobre incapacidade, decisão administrativa ou gestão de demanda.",PENDENTE,,,NAO_INICIADO,,PENDENTE,,,,,,,,
openalex:https://openalex.org/W589229266,Incapacity Benefits and Work Incentives,Anne Corden; Roy Sainsbury,2001,"White Rose Research Online (University of Leeds, The University of Sheffield, University of York)",,https://openalex.org/W589229266,https://eprints.whiterose.ac.uk/73454/1/Document.pdf,"An evaluation of client experiences of a series of work incentive measures that are available to people on Incapacity Benefits. The purpose of the evaluation was to inform decisions about the further development of work incentive measures, which include: therapeutic work provision, voluntary work provision, 52 week linking rule, Work Trial, incapacity earnings provision, Jobfinders Grant, Jobmatch payments, and Disabled Person's Tax Credit. This was a qualitative study and included discussions with staff and in-depth interviews with clients.",openalex,openalex:beneficios_incapacidade_avaliacao_medico_pericial:beneficios_incapacidade_avaliacao_medico_pericial_2,0.0,CONCLUIDA,41.0,REVISAR_HUMANO,80.0,Benefícios por incapacidade e avaliação médico-pericial,"Estudos que analisem benefícios por incapacidade; Estudos empíricos, avaliações de política pública, estudos de caso institucionais ou relatórios técnicos com evidência útil para a pergunta de pesquisa.",Nenhum critério de exclusão claramente aplicável com base em título e resumo.,"Avaliação qualitativa de experiências de clientes com medidas de incentivo ao trabalho para beneficiários de incapacity benefits. É pertinente ao sistema de benefícios, embora não trate explicitamente de perícia, triagem documental ou teleavaliação.",PENDENTE,,,NAO_INICIADO,,PENDENTE,,,,,,,,
openalex:https://openalex.org/W2089666656,MRSA as an occupational disease: a case series,Frank Haamann; Madeleine Dulon; Albert Nienhaus,2011,International Archives of Occupational and Environmental Health,10.1007/s00420-010-0610-7,https://doi.org/10.1007/s00420-010-0610-7,https://link.springer.com/content/pdf/10.1007/s00420-010-0610-7.pdf,"OBJECTIVES: Occupationally acquired infection with methicillin-resistant Staphylococcus aureus (MRSA) is an issue of increasing concern. However, the number of cases of occupational disease (OD) due to MRSA in healthcare workers (HCWs) and the characteristics of such cases have not been reported for Germany. METHODS: Cases of OD due to MRSA were identified from the database of a compensation board (BGW) for the years 2006 and 2007 and the individual files analyzed. The variables extracted from these data were occupation, workplace, workplace exposure, and the reasons for recognizing a claim as an OD. Seven cases were selected due to the specific characteristics of their medical history and described in more detail. RESULTS: Over a 2-year period, a total of 389 MRSA-related claims were reported to the BGW, of which 17 cases with infections were recognized as an OD. The reasons for not recognizing claims as an OD were either a lack of symptomatic infection or lack of a work-related MRSA exposure. The recognized cases were predominantly among staff in hospitals and nursing homes. The most frequent infection sites were ears, nose, and throat, followed by skin infections. Three cases exhibited secondary infection of the joints, associated with skin damage primarily caused by trauma. There was only one case in which a genetic link between an MRSA-infected index patient and MRSA in a HCW was documented. MRSA infections were recognized as an OD due to known contact with MRSA-positive patients or because workplace conditions were presumed to involve increased exposure to MRSA. Long-term incapacity resulted in four cases. CONCLUSION: MRSA infection can cause severe health problems in HCWs that may lead to long-term incapacity. As recognition of HCW claims often depends on workplace characteristics, improved surveillance of MRSA infections in HCWs would facilitate the recognition of MRSA infections as an OD.",openalex,openalex:analise_documental_elegibilidade:analise_documental_elegibilidade_3,0.0,CONCLUIDA,41.0,REVISAR_HUMANO,63.0,Benefícios por incapacidade e avaliação médico-pericial,"Analisa reconhecimento de doença ocupacional em base de órgão compensador, incluindo razões para deferimento/indeferimento de claims.",,"Há relação com claims e reconhecimento administrativo de doença ocupacional, o que tangencia certificação e decisão sobre elegibilidade. Contudo, o foco parece mais epidemiológico/ocupacional do que no redesenho de fluxo pericial.",PENDENTE,,,NAO_INICIADO,,PENDENTE,,,,,,,,
crossref:10.71279/epw.v61i06.42922,Does Having a Disability Certificate Ensure Benefits?,Rajasulochana; Mohd Imran Khan,2026,Economic &amp; Political Weekly,10.71279/epw.v61i06.42922,https://doi.org/10.71279/epw.v61i06.42922,,"Access to disability certificates is limited to less than one-third of Persons with Disabilities (PwD). Only 52 percent of those who possess such a certificate receive government benefits. Gaps in the identification, access, and inclusion of PwD need to be addressed.",crossref,crossref:analise_documental_elegibilidade:analise_documental_elegibilidade_2,0.0,CONCLUIDA,40.0,REVISAR_HUMANO,72.0,"Equidade territorial, qualidade e controle","Estudos que discutam acesso territorial, equidade, barreiras geográficas, inclusão de populações remotas ou desigualdades de acesso à avaliação médico-pericial.","Telemedicina exclusivamente assistencial, sem relação substantiva com avaliação de incapacidade, certificação, elegibilidade, triagem ou gestão de fluxos.","O resumo trata de acesso a certificados de deficiência e recebimento efetivo de benefícios, com foco em lacunas de identificação, acesso e inclusão. Há aderência parcial ao eixo de elegibilidade e equidade, mas não há indicação clara de análise do fluxo pericial, triagem documental ou modalidades remotas/presenciais.",PENDENTE,,,NAO_INICIADO,,PENDENTE,,,,,,,,
crossref:10.1016/j.dhjo.2020.100973,Telemedicine barriers and challenges for persons with disabilities: COVID-19 and beyond,Annaswamy; Verduzco-Gutierrez; Frieden,2020,Disability and Health Journal,10.1016/j.dhjo.2020.100973,https://doi.org/10.1016/j.dhjo.2020.100973,https://www.ncbi.nlm.nih.gov/pmc/articles/7346769,,crossref,crossref:telepericia_avaliacao_remota:telepericia_avaliacao_remota_2,0.0,CONCLUIDA,40.0,REVISAR_HUMANO,68.0,"Equidade territorial, qualidade e controle","Aborda barreiras e desafios da telemedicina para pessoas com deficiência, potencialmente relevante para acesso, equidade e inclusão de populações com limitações funcionais.","Não há indicação explícita de avaliação de incapacidade, certificação, elegibilidade ou benefícios; resumo ausente.","O título aponta relevância para barreiras de acesso e equidade em telemedicina para pessoas com deficiência. Embora não mencione perícia ou benefícios, pode oferecer evidência contextual útil sobre acesso remoto.",PENDENTE,,,NAO_INICIADO,,PENDENTE,,,,,,,,
crossref:10.70556/hpnlu-jds-v1-i1-2024-09,Disability Certification: A Necessary Evil?,Chetan,2025,HPNLU Journal of Disability Studies,10.70556/hpnlu-jds-v1-i1-2024-09,https://doi.org/10.70556/hpnlu-jds-v1-i1-2024-09,https://doi.org/10.70556/hpnlu-jds-v1-i1-2024-09,,crossref,crossref:beneficios_incapacidade_avaliacao_medico_pericial:beneficios_incapacidade_avaliacao_medico_pericial_3,0.0,CONCLUIDA,40.0,REVISAR_HUMANO,57.0,Benefícios por incapacidade e avaliação médico-pericial,"Título sugere discussão sobre certificação de deficiência, possivelmente com implicações institucionais.",Resumo ausente; pode ser ensaio/opinião jurídica ou normativa sem evidência útil para a pergunta.,"A temática é próxima, mas o subtítulo sugere possível abordagem opinativa ou crítica geral. Sem resumo, não é possível verificar contribuição empírica ou institucional.",PENDENTE,,,NAO_INICIADO,,PENDENTE,,,,,,,,
crossref:10.3898/136266211795427503,The misuse of evidence in incapacity benefit reform,Griffiths,2011,Soundings,10.3898/136266211795427503,https://doi.org/10.3898/136266211795427503,,,crossref,crossref:beneficios_incapacidade_avaliacao_medico_pericial:beneficios_incapacidade_avaliacao_medico_pericial_2,0.0,CONCLUIDA,40.0,REVISAR_HUMANO,55.0,"Equidade territorial, qualidade e controle","Título sugere discussão sobre uso de evidências em reforma de benefício por incapacidade, potencialmente relevante para qualidade decisória e desenho de política.","Sem resumo; periódico pode indicar ensaio crítico/opinativo, não necessariamente estudo empírico, revisão ou relatório técnico.","Pode contribuir para debate sobre integridade e base empírica de reformas, mas os metadados não permitem distinguir análise substantiva de comentário opinativo.",PENDENTE,,,NAO_INICIADO,,PENDENTE,,,,,,,,
openalex:https://openalex.org/W2170942295,Preventing incapacity in people with musculoskeletal disorders,G Waddell,2006,British Medical Bulletin,10.1093/bmb/ldl008,https://doi.org/10.1093/bmb/ldl008,https://academic.oup.com/bmb/article-pdf/77-78/1/55/925196/ldl008.pdf,"Musculoskeletal disorders are among the most common causes of sickness absence, long-term incapacity for work and ill-health retirement. The number of Incapacity Benefit (IB) recipients in the United Kingdom has trebled since 1979, despite improvement in objective measures of health. Most of the trend is in non-specific conditions (largely subjective complaints, often with little objective pathology or impairment). Understanding incapacity requires a biopsychosocial model that addresses all the physical, psychological and social factors involved in human illness and disability. Rehabilitation should be directed to overcome biopsychosocial obstacles to recovery and return to work. These principles are fundamental to better clinical and occupational management and minimizing incapacity. Sickness absence and incapacity from non-specific musculoskeletal conditions could be reduced by 33-50%, but that depends on getting all stakeholders onside and a fundamental shift in thinking about these conditions-in health care, in the workplace and in society.",openalex,openalex:beneficios_incapacidade_avaliacao_medico_pericial:beneficios_incapacidade_avaliacao_medico_pericial_2,0.0,CONCLUIDA,38.0,REVISAR_HUMANO,71.0,Benefícios por incapacidade e avaliação médico-pericial,"Estudos que analisem benefícios por incapacidade, afastamento por doença, seguro por incapacidade, certificação médica ou avaliação médico-pericial.","Estudos clínicos que não contribuam para compreender processos de avaliação médico-pericial, decisão administrativa, capacidade, acesso, qualidade ou controle.","Resumo discute ausência por doença, incapacidade laboral de longo prazo e benefícios por incapacidade no Reino Unido, com foco em retorno ao trabalho. A aderência ao fluxo pericial é indireta e não menciona triagem, elegibilidade ou modalidades de avaliação, mas pode oferecer contexto útil.",PENDENTE,,,NAO_INICIADO,,PENDENTE,,,,,,,,
semantic_scholar:1b2f8d651c318f8943e251fe68b63d8c5d4fa534,Is There Uniformity in the Diagnosis of Learning Disability Globally?,A. Nehra; Ruchita Hazrati; Rhythm Makkar; Rajesh Hassija; Sanyam Bhardwaj; Apoorva Panshikar,2024,Indian Journal of Public Health,10.4103/ijph.ijph_1274_23,https://www.semanticscholar.org/paper/1b2f8d651c318f8943e251fe68b63d8c5d4fa534,https://doi.org/10.4103/ijph.ijph_1274_23,"Learning disabilities (LDs) are a group of neurodevelopmental deficits that negatively affect the acquisition, organization, retention, comprehension, or application of age appropriate knowledge. Persons with LD lead a subsidized quality of life, especially in academic/vocational and psychosocial domains. A certificate issued by the medical boards at a state or district level is required to avail benefits such as scribes or relaxations. This may be done through a series of assessments by psychologists, special educators, or other health-care professionals. The authors aim to understand if uniformity exists in the assessment methods used for the diagnosis of LD globally and to prepare a gap analysis for the same. A systematic review was performed on English literature articles published from January 2005 to August 2023. Full-text studies reporting assessment and diagnostic methods of LD were included. A total of 1246 records were identified through a manual search of an electronic database. Seven duplicates were removed and 1174 studies were excluded based on the relevance by screening titles, abstracts, and full texts. Sixty-five studies were included and analyzed. The authors found a lack of uniformity in this diagnostic protocol, leading to uncertainty in disability certification, doctor shopping, and additional stress for the patients, as well as added burden on the government. Identification of LD requires a multistep assessment process with culturally relevant tools and norms and the participation of a multidisciplinary team of experts.",pubmed; semantic_scholar,pubmed:analise_documental_elegibilidade:analise_documental_elegibilidade_2; semantic_scholar:beneficios_incapacidade_avaliacao_medico_pericial:beneficios_incapacidade_avaliacao_medico_pericial_1,0.0,CONCLUIDA,38.0,REVISAR_HUMANO,67.0,Análise documental e elegibilidade,Revisão sobre métodos de avaliação e diagnóstico para emissão de certificado necessário ao acesso a benefícios.,Foco em learning disability e diagnóstico clínico/educacional; relação indireta com fluxo de benefícios por incapacidade.,"O resumo aborda uniformidade de métodos diagnósticos para learning disability e menciona certificado exigido para acesso a benefícios. Pode oferecer insumos sobre padronização e certificação, mas a conexão com avaliação médico-pericial administrativa é indireta.",PENDENTE,,,NAO_INICIADO,,PENDENTE,,,,,,,,
crossref:10.1080/09638288.2018.1468931,Disability concentration and access to rehabilitation services: a pilot spatial assessment applying geographic information system analysis,Gao; Foster; Liu,2019,Disability and Rehabilitation,10.1080/09638288.2018.1468931,https://doi.org/10.1080/09638288.2018.1468931,,,crossref,crossref:equidade_qualidade_controle:equidade_qualidade_controle_1,0.0,CONCLUIDA,38.0,REVISAR_HUMANO,62.0,"Equidade territorial, qualidade e controle","Estudos que discutam acesso territorial, equidade, barreiras geográficas, inclusão de populações remotas ou desigualdades de acesso à avaliação médico-pericial.","Textos clínicos que não contribuam para compreender processos de avaliação médico-pericial, decisão administrativa, capacidade, acesso, qualidade ou controle.","Título indica avaliação espacial de concentração de deficiência e acesso a serviços de reabilitação, o que pode oferecer evidência indireta sobre acesso territorial e barreiras geográficas. Contudo, não há resumo e não está claro se contribui substantivamente para avaliação pericial ou desenho de fluxo de benefícios por incapacidade.",PENDENTE,,,NAO_INICIADO,,PENDENTE,,,,,,,,
crossref:10.24321/2455.7048.201703,Mental Disability: A Retrospective Study of Socio-Clinical Profile of Patients Seeking Disability Certificate at a Tertiary Care Centre in Delhi,"VMMC & Safdarjung Hospital, New Delhi-110029; Yadav",2016,Epidemiology International,10.24321/2455.7048.201703,https://doi.org/10.24321/2455.7048.201703,https://core.ac.uk/download/354383007.pdf,"Background: Mental illness and mental retardation are included in ""The persons with disabilities (Equal opportunities, protection of rights and full participation) Act, 1995” along with other causes of disabilities like blindness, hearing impairment, locomotor disability etc. The persons with disability are eligible for various social welfare benefits from the Government under this act if they have minimum 40% disability as certified by a Government medical authority. This is among one of the few studies on various mental disability related variables and socio-clinical profile of disability certificate seeking patients and is probably the only one to compare results with a similar kind of study done at the same centre five years ago.Objective: The study aims to assess the socio-demographic profile of the cases, severity of disability in the mentally retarded and mentally ill, co-morbid psychiatric and medical conditions, pattern of utilization of different government benefits and to compare results of current study with a study done at the same centre five years ago.Materials and Methods: The study was carried out in the Department of Psychiatry of a tertiary care multispecialty teaching hospital in New Delhi. This was a retrospective file-review based study of patients who were issued disability certificate for Mental retardation or Mental illness during January, 2015 to May, 2016. The subjects were diagnosed to be suffering from Mental retardation or Mental illness as per ICD-10 and disability was assessed as per guidelines issued by Government of India in 2001 for Mental retardation and for Mental illness in 2002. Indian Disability Evaluation and Assessment Scale (IDEAS) was used to assess disability in Mental illness cases.Statistical Analysis: The statistical analysis was done by using WHO'S Epi Info version 7.2. Frequency, percentages, t test and chi-square analysis were used to analyze the data.Results: Out of total 231 cases, majority were male 163 (70.6%), Hindu 211 (91.3%), under 18 years of age 160 (69.3%), unmarried 228 (98.7%), lived in nuclear family 186 (80.5%), from urban background 137 (59.3%). Total number of cases of Mental retardation were 220 (95.2%), 11 (4.7%) cases were of Mental illness.Severity wise in Mental Retardation group (220 cases) maximum number of cases were of Mild Mental Retardation 94(42.7%) having 50% disability, in Mental illness group 10 out of 11 cases had moderate disability (40-70% disability as per IDEAS Scoring). Medical co-morbidity was present in 22(9.5%) cases mainly in the form of Cerebral palsy, Epilepsy; 24(10.4%) patients had psychiatric co-morbidity in the form of Behavior problems, Attention Deficit Hyperactivity Disorder (ADHD), Conduct disorder. Maximum number of patients 177(76.6%) applied to get Monthly allowance. On comparison with a similar study done at the same centre five years back, the significant difference was low mean age of sample and increased rural representation in the present study and both the differences were statistically significant.Conclusion: Number of patients seeking disability certificate has risen as compared to previous study. Majority of the cases were male, mostly from urban background although rural representation in comparison to previous (2011) study has increased significantly. Cases of Mental Retardation outnumbers patients with Mental illness seeking disability certificates reflecting more number of Mental illness cases seeking treatment early in the course of illness and availability of better treatment options.Information related to disability and various beneficiary schemes by Government of India needs to be provided in detail so that maximum number of cases can avail other benefits along with monetary one",core; crossref,core:analise_documental_elegibilidade:analise_documental_elegibilidade_2; crossref:analise_documental_elegibilidade:analise_documental_elegibilidade_2,0.0,CONCLUIDA,35.0,REVISAR_HUMANO,74.0,Benefícios por incapacidade e avaliação médico-pericial,"Estudos que analisem benefícios por incapacidade, certificação médica ou avaliação médico-pericial.","Estudos clínicos que não contribuam para compreender processos de avaliação médico-pericial, decisão administrativa, capacidade, acesso, qualidade ou controle.","O resumo aborda perfil de pacientes que buscam certificado de deficiência mental e utilização de benefícios governamentais. Há conexão com certificação e acesso a benefícios, mas o foco parece predominantemente sociodemográfico/clínico, sem indicação clara de análise de processos decisórios, triagem documental ou gestão de filas.",PENDENTE,,,NAO_INICIADO,,PENDENTE,,,,,,,,
openalex:https://openalex.org/W2900627719,Reducing wait time from referral to first visit for community outpatient services may contribute to better health outcomes: a systematic review,Annie K. Lewis; Katherine E. Harding; David A. Snowdon; Nicholas F. Taylor,2018,BMC Health Services Research,10.1186/s12913-018-3669-6,https://doi.org/10.1186/s12913-018-3669-6,https://bmchealthservres.biomedcentral.com/track/pdf/10.1186/s12913-018-3669-6,"BACKGROUND: Many people wait long periods for community outpatient services. However little is known about the impact of waiting from referral to first visit on patient outcomes. The aim of this systematic review is to investigate whether waiting for community outpatient services is associated with adverse effects on patient outcomes. METHODS: Medline, Embase, Psych Info and CINAHL databases were searched, combining the key concepts of waiting for healthcare and patient outcomes. Studies were included if they reported data comparing health outcomes for patients with different waiting times for the same period. Three reviewers applied inclusion and exclusion criteria to identified studies and assessed quality using the McMaster Critical Review Forms. Levels of evidence were assessed using National Health and Medical Research Council guidelines. Included studies were analysed using a descriptive synthesis, and summarised according to levels of evidence and clinical significance for key outcomes. RESULTS: Fourteen studies that included 69,606 adult patients were selected. Selected studies included patients referred for treatment for musculoskeletal disorders (n = 28,722) or to cardiac rehabilitation (n = 40,884). There was low-level evidence that reduced wait time is associated with moderate improvement in workplace participation for patients seeking care for musculoskeletal conditions; and moderate improvement in exercise tolerance for patients referred to cardiac rehabilitation. There was inconsistent evidence that improvements in quality of life, patient satisfaction and psychological symptoms may be associated with shorter wait times. Pain, function and physical activity outcomes were not associated with wait time. CONCLUSIONS: This review found low-level evidence suggesting an association between early access to community outpatient services and improvement of some patient outcomes. Specifically, shorter wait times from referral to first visit for musculoskeletal pain services may improve patient work participation. Shorter wait times for cardiac rehabilitation may improve patient exercise capacity. The effects of a short wait time for other patient conditions and patient outcomes, including quality of life, psychological symptoms and patient experience, are inconclusive. The modest benefits in health outcomes observed in reducing wait time for community outpatient services suggest that other possible benefits such as increasing patient flow should be explored. TRIAL REGISTRATION: PROSPERO registration no: CRD42016047003.",openalex,openalex:capacidade_filas_alocacao:capacidade_filas_alocacao_1,0.0,CONCLUIDA,35.0,REVISAR_HUMANO,74.0,"Capacidade, filas e alocação de serviços","Estudos que analisem filas, tempo de espera e gestão de demanda em serviços.",Textos sem relação substantiva com a pergunta de pesquisa ou com ao menos um eixo da matriz analítica.,"Revisão sistemática sobre impacto do tempo de espera entre encaminhamento e primeira consulta em serviços ambulatoriais. Relevante de forma transversal para filas e tempo de espera, mas não aborda avaliação médico-pericial, incapacidade ou modalidades documental/remota/presencial.",PENDENTE,,,NAO_INICIADO,,PENDENTE,,,,,,,,
openalex:https://openalex.org/W2159613900,Applying qualitative comparative analysis (QCA) in public health: a case study of a health improvement service for long-term incapacity benefit recipients,Jon Warren; Jonathan Wistow; Clare Bambra,2013,Journal of Public Health,10.1093/pubmed/fdt047,https://doi.org/10.1093/pubmed/fdt047,https://academic.oup.com/jpubhealth/article-pdf/36/1/126/4471453/fdt047.pdf,"BACKGROUND: This paper explores the value of qualitative comparative analysis (QCA) in public health research using the example of a pilot case management intervention for long-term incapacity benefit recipients. It uses QCA to examine how the 'health improvement' effects of the intervention varied by individual and service characteristics. METHODS: Data for 131 participants receiving the intervention were collected over 9 months. Health improvement was measured using the EuroQual Visual Analogue Scale. Socio-demographic, health behaviour data were also collected. Data on service use was obtained from the provider's client records. Crisp set QCA was conducted to identify which individual and service characteristics were most likely to produce a health benefit after participation in the intervention. RESULTS: Health improvement was most likely amongst younger participants, men aged over 50 and those with an occupational history of skilled manual work or higher and less likely amongst older women, those with a musculoskeletal condition and those with semi- or un-skilled backgrounds. Service characteristics had no impact. CONCLUSIONS: The QCA identified potential causal pathways for health improvement from the intervention with important potential implications for health inequalities. QCA should be considered as a viable and practical method in the public health evaluation tool box.",openalex,openalex:beneficios_incapacidade_avaliacao_medico_pericial:beneficios_incapacidade_avaliacao_medico_pericial_2,0.0,CONCLUIDA,35.0,REVISAR_HUMANO,68.0,Benefícios por incapacidade e avaliação médico-pericial,Estudo aborda incapacity benefit recipients e características de serviço em intervenção voltada a essa população.,"Não há indicação clara de avaliação médico-pericial, elegibilidade, triagem documental ou fluxo de concessão de benefícios.","Há aderência parcial por tratar de beneficiários de incapacidade e características de serviço, mas o foco do resumo é uma intervenção de health improvement/case management, não o processo pericial ou a alocação entre modalidades de avaliação.",PENDENTE,,,NAO_INICIADO,,PENDENTE,,,,,,,,
openalex:https://openalex.org/W3046506727,Assessing Telemedicine Unreadiness Among Older Adults in the United States During the COVID-19 Pandemic,Kenneth Lam; Amy D. Lu; Ying Shi; Kenneth E. Covinsky,2020,JAMA Internal Medicine,10.1001/jamainternmed.2020.2671,https://doi.org/10.1001/jamainternmed.2020.2671,https://jamanetwork.com/journals/jamainternalmedicine/articlepdf/2768772/jamainternal_lam_2020_ld_200031_1601661034.4372.pdf,This cross-sectional study uses 2018 data from the National Health and Aging Trends Study to assess the prevalence among older adults in the United States of unreadiness to access video or telephone telemedicine because of disability or inexperience with technology.,openalex,openalex:telepericia_avaliacao_remota:telepericia_avaliacao_remota_2,0.0,CONCLUIDA,35.0,REVISAR_HUMANO,67.0,"Equidade territorial, qualidade e controle","Estudos que discutam acesso territorial, equidade, barreiras geográficas, inclusão de populações remotas ou desigualdades de acesso à avaliação remota.","Telemedicina exclusivamente assistencial, sem relação substantiva com avaliação de incapacidade, certificação, elegibilidade, triagem ou gestão de fluxos.","Estudo sobre barreiras de idosos ao acesso à telemedicina por deficiência e letramento tecnológico. É relevante para equidade e viabilidade de avaliação remota, mas o resumo não indica relação com perícia/benefícios por incapacidade.",PENDENTE,,,NAO_INICIADO,,PENDENTE,,,,,,,,
semantic_scholar:d6e6f1b255548847262a8c46b57094eca3cd1bee,Features of acquiring the status of a pregnant woman to acquire rights and guarantees in labor law and social security law,N. Mokrytska,2024,Analytical and Comparative Jurisprudence,10.24144/2788-6018.2024.03.36,https://www.semanticscholar.org/paper/d6e6f1b255548847262a8c46b57094eca3cd1bee,https://doi.org/10.24144/2788-6018.2024.03.36,"The article examines the international legal and national peculiarities of the legal regulation of the acquisition of the status of a pregnant woman in order to obtain all the rights and guarantees aimed at the protection of motherhood. It was found that the documentation in the field of social security is represented in the Ukrainian legislation by a certificate of incapacity for work (for insurance benefits in connection with pregnancy and childbirth) and a certificate for the appointment and payment of state benefits in connection with pregnancy and childbirth to women who are not insured in the mandatory state social insurance system. (for state assistance in connection with pregnancy and childbirth). On the other hand, in labor, the confirming fact of the employee’s pregnancy is connected only with the granting of leave in connection with pregnancy and childbirth, and it is a medical opinion of the category «Pregnancy and childbirth» with the determination of the expected period of childbirth. However, the labor legislation does not define the form of medical documentation, with the help of which the employee could properly inform the employer about her pregnancy. However, based on the results of the examination of temporary incapacity for work, a certificate of arbitrary form can be issued, confirming the fact of temporary incapacity, in the event that the person independently applied for counseling assistance. It is argued that the digitization and implementation of the electronic health care system acquires the primary importance of the gynecologist’s medical record as information about the results of the patient’s medical care in the Register of medical records, referral records and prescriptions in the electronic health care system. Their summary of the state of pregnancy is part of the patient’s electronic medical record, which is generally entered on the day such services are provided. Attention is focused on the need to improve the labor legislation of Ukraine and to borrow provisions of the legislation of the European Union regarding the acquisition of the status of a pregnant employee after properly informing the employer about her pregnancy. On the basis of the study of medical records, an attempt was made to determine such a document confirming the state of pregnancy, an extract from the Register of medical records, referral records and prescriptions in the electronic health care system, which contains such information, which is entered by a medical worker in general on the day of provision appropriate medical service. The right of access to this data in the form of an extract is guaranteed to the patient. Therefore, the employer can be informed about the state of the employee’s pregnancy with the help of an extract from the register, which she can present to him in paper or electronic form.",semantic_scholar,semantic_scholar:analise_documental_elegibilidade:analise_documental_elegibilidade_3,0.0,CONCLUIDA,35.0,REVISAR_HUMANO,63.0,Análise documental e elegibilidade,"Estudos que abordem triagem documental, elegibilidade, análise de documentos médicos, validação de atestados ou processos de decisão sobre incapacidade.",,"Resumo discute documentação e certificados médicos para acesso a direitos e benefícios ligados à gravidez e parto no campo do direito do trabalho e seguridade social. Há relação com documentação comprobatória e elegibilidade, mas não com benefícios por incapacidade em sentido central nem com fluxo pericial; aderência apenas parcial/aparente.",PENDENTE,,,NAO_INICIADO,,PENDENTE,,,,,,,,
crossref:10.1080/09638288.2019.1595180,Telehealth delivery of remote assessment of wheelchair and seating needs for adults and children: a scoping review,Graham; Boland; Grainger; Wallace,2020,Disability and Rehabilitation,10.1080/09638288.2019.1595180,https://doi.org/10.1080/09638288.2019.1595180,,,crossref; pubmed,crossref:telepericia_avaliacao_remota:telepericia_avaliacao_remota_1; pubmed:telepericia_avaliacao_remota:telepericia_avaliacao_remota_2,0.0,CONCLUIDA,35.0,REVISAR_HUMANO,63.0,Teleperícia e avaliação remota,Aborda avaliação remota por telehealth em contexto de deficiência.,"Foco aparente em necessidades de cadeira de rodas e assentos, sem relação explícita com avaliação médico-pericial, elegibilidade ou benefícios por incapacidade.","O título indica revisão de escopo sobre avaliação remota via telehealth, o que tangencia o eixo de avaliação remota. Porém, o objeto é prescrição/necessidades assistivas de cadeira de rodas, não ficando explícita conexão com certificação, perícia, elegibilidade administrativa ou gestão de fluxo de benefícios.",PENDENTE,,,NAO_INICIADO,,PENDENTE,,,,,,,,
crossref:10.1177/1473325015606188,"Waiting it out: Time, action, and the process of securing benefits",Seefeldt,2017,Qualitative Social Work,10.1177/1473325015606188,https://doi.org/10.1177/1473325015606188,,"Waiting is an under-explored area of social stratification and domination. Lower-income Americans frequently endure long waits, including waits to secure social welfare benefits, and these waits may serve the purpose of instilling in clients the need for compliance. Using qualitative interview data, this paper explores how low and moderate-income women in a US state understand their waits for public benefits; how those understanding shape their responses to the wait; and what those responses tell us about waiting as a form of social control as it is negotiated between the parties. Despite describing the process of obtaining benefits as one of “waiting it out,” women ascribe different meanings to their waits and take action based upon their assessments of the cause of the delay, the complexity of the situation, and past experiences with public bureaucracies. These approaches allow women to assert some control over a situation in which so much is out of one’s control.",crossref,crossref:capacidade_filas_alocacao:capacidade_filas_alocacao_1,0.0,CONCLUIDA,35.0,REVISAR_HUMANO,63.0,"Capacidade, filas e alocação de serviços","Aborda tempo de espera e processo de obtenção de benefícios públicos, podendo oferecer evidência indireta sobre filas, acesso e experiência do usuário.","Não há indicação no resumo de que se trate especificamente de benefícios por incapacidade, certificação médica ou avaliação médico-pericial.","O resumo discute espera para obtenção de benefícios públicos e controle burocrático, tema parcialmente relevante para filas e acesso. Contudo, a aderência ao foco específico em incapacidade/perícia não está explícita.",PENDENTE,,,NAO_INICIADO,,PENDENTE,,,,,,,,
crossref:10.25259/nmji_600_22,Certification of maxillofacial disability and impairment,Shamim,2023,The National Medical Journal of India,10.25259/nmji_600_22,https://doi.org/10.25259/nmji_600_22,https://nmji.in/content/141/2023/36/1/pdf/NMJI-36-067.pdf,,crossref,crossref:beneficios_incapacidade_avaliacao_medico_pericial:beneficios_incapacidade_avaliacao_medico_pericial_3,0.0,CONCLUIDA,35.0,REVISAR_HUMANO,62.0,Benefícios por incapacidade e avaliação médico-pericial,"Título sugere certificação de deficiência/impairment, potencialmente relacionada à avaliação médico-pericial.","Pode ser texto clínico-especializado sobre mensuração de dano maxilofacial sem relação com benefícios, fluxo ou gestão pericial; resumo ausente.","Há proximidade temática por tratar de certificação de deficiência, porém o foco pode ser estritamente clínico ou técnico de especialidade. Sem resumo, a utilidade para o redesenho do fluxo é incerta.",PENDENTE,,,NAO_INICIADO,,PENDENTE,,,,,,,,
openalex:https://openalex.org/W2166737545,Retrenching Incapacity Benefit: Employment Support Allowance and Paid Work,Linda Piggott; Chris Grover,2009,Social Policy and Society,10.1017/s1474746408004697,https://doi.org/10.1017/s1474746408004697,https://www.cambridge.org/core/services/aop-cambridge-core/content/view/3AD40139918EB9628B15CD07FFB143B8/S1474746408004697a.pdf/div-class-title-retrenching-incapacity-benefit-employment-support-allowance-and-paid-work-div.pdf,"In October 2008 in the UK Incapacity Benefit (IB) (the main income replacement benefit for sick and disabled claimants) was replaced by the Employment and Support Allowance (ESA) for new claimants. Drawing upon recent work on the retrenchment of welfare benefits and services this paper examines the context for the changes, the marketisation of the job placement services for ESA claimants and the extension of conditionality to sick and disabled benefit claimants. The paper argues that the introduction of ESA is a good example of the retrenchment of benefits for the majority of sick and disabled people. The paper concludes that ESA can be interpreted as creating a group of disadvantaged people through which the private sector can profit.",core; openalex,core:beneficios_incapacidade_avaliacao_medico_pericial:beneficios_incapacidade_avaliacao_medico_pericial_2; openalex:beneficios_incapacidade_avaliacao_medico_pericial:beneficios_incapacidade_avaliacao_medico_pericial_2,0.0,CONCLUIDA,34.0,REVISAR_HUMANO,76.0,Benefícios por incapacidade e avaliação médico-pericial,"Estudos que analisem benefícios por incapacidade, afastamento por doença ou seguro por incapacidade.",Textos sem relação substantiva com a pergunta de pesquisa ou com ao menos um eixo da matriz analítica.,"Discute mudança de Incapacity Benefit para Employment and Support Allowance e contexto de política pública. Aderência existe no tema de benefícios, mas o resumo não indica análise de avaliação médico-pericial, triagem documental ou modalidades remotas.",PENDENTE,,,NAO_INICIADO,,PENDENTE,,,,,,,,
semantic_scholar:ac96bb35713a60e485c8a8337db6c2ceff0a046d,Telemedicine utilization and digital inclusion among people with disabilities in Saudi Arabia: post-pandemic associated factors and policy implications,Osama Albasheer; S. Abdelwahab; Ibrahim Gosadi; Hatim Alessa; Afnan Madkhali; Afaf Hakami; Hanin Mobarki; Osama Mobarki; Jawaher Farji; R. Hakami; Khalid Mohammed Aldalgan; Murad Ahmed Mobarki; Atheer Abdulhadi Homadi; N. Alhazmi; Alhussain Mohammed Hakami,2026,Frontiers in Public Health,10.3389/fpubh.2026.1756958,https://www.semanticscholar.org/paper/ac96bb35713a60e485c8a8337db6c2ceff0a046d,https://www.frontiersin.org/journals/public-health/articles/10.3389/fpubh.2026.1756958/pdf,"Background People with disabilities face substantial barriers to accessing healthcare services, particularly in regions with limited physical and digital infrastructure. This study aimed to assess the prevalence of telemedicine utilization among individuals with disabilities in Saudi Arabia, identify key associated factors of its adoption, and explore the main barriers to its use. Method A cross-sectional survey was conducted between December 2024 and April 2025 among 488 individuals with disabilities from Saudi Arabia. Participants were assessed using the World Health Organization Disability Assessment Schedule 2.0 (WHODAS 2.0) for functional limitations and the Telehealth Usability Questionnaire (TUQ-21) to evaluate telemedicine experience and satisfaction. Data were collected through face-to-face interviews conducted by trained healthcare professionals. Descriptive statistics, chi-square tests, and multivariate logistic regression analyses were used to examine factors associated with telemedicine use. Results Among the 488 participants, only 25.4% (n = 124) reported using telemedicine service. WHODAS scores were significantly higher among individuals who did not use telemedicine (mean ± SD: 2.55 ± 1.08) compared to users (mean ± SD: 2.49 ± 1.00). Higher education levels and urban residence were significantly associated with telemedicine utilization, while being widowed was associated with lower use. Psychological conditions showed the strongest association with telemedicine use (χ2 = 45.915, p < 0.001). Major barriers included a preference for in-person visits (81.9%), lack of familiarity with telehealth (27.2%), and limited provider availability (22.0%). Conclusion Despite favorable perceptions of privacy and ease of use, telemedicine adoption among people with disabilities in Saudi Arabia remains low. Enhancing digital literacy, provider capacity, and service availability is critical to expanding access.",europe_pmc; semantic_scholar,europe_pmc:telepericia_avaliacao_remota:telepericia_avaliacao_remota_2; semantic_scholar:telepericia_avaliacao_remota:telepericia_avaliacao_remota_2,0.0,CONCLUIDA,34.0,REVISAR_HUMANO,74.0,"Equidade territorial, qualidade e controle","Estudo sobre acesso, barreiras e inclusão digital de pessoas com deficiência no uso de telemedicina, potencialmente útil para eixo de equidade territorial e acesso remoto.","Telemedicina não vinculada explicitamente à avaliação médico-pericial, certificação ou benefícios por incapacidade.","O estudo aborda utilização de telemedicina e inclusão digital entre pessoas com deficiência, com foco em barreiras de acesso e fatores associados. Pode contribuir indiretamente para equidade e acesso remoto, mas não há menção a perícia ou elegibilidade.",PENDENTE,,,NAO_INICIADO,,PENDENTE,,,,,,,,
openalex:https://openalex.org/W3023014889,Multidimensional Malingering Criteria for Neuropsychological Assessment: A 20-Year Update of the Malingered Neuropsychological Dysfunction Criteria,Elisabeth M. S. Sherman; Daniel J. Slick; Grant L. Iverson,2020,Archives of Clinical Neuropsychology,10.1093/arclin/acaa019,https://doi.org/10.1093/arclin/acaa019,https://academic.oup.com/acn/article-pdf/35/6/735/33689988/acaa019.pdf,"OBJECTIVES: Empirically informed neuropsychological opinion is critical for determining whether cognitive deficits and symptoms are legitimate, particularly in settings where there are significant external incentives for successful malingering. The Slick, Sherman, and Iversion (1999) criteria for malingered neurocognitive dysfunction (MND) are considered a major milestone in the field's operationalization of neurocognitive malingering and have strongly influenced the development of malingering detection methods, including serving as the criterion of malingering in the validation of several performance validity tests (PVTs) and symptom validity tests (SVTs) (Slick, D.J., Sherman, E.M.S., & Iverson, G. L. (1999). Diagnostic criteria for malingered neurocognitive dysfunction: Proposed standards for clinical practice and research. The Clinical Neuropsychologist, 13(4), 545-561). However, the MND criteria are long overdue for revision to address advances in malingering research and to address limitations identified by experts in the field. METHOD: The MND criteria were critically reviewed, updated with reference to research on malingering, and expanded to address other forms of malingering pertinent to neuropsychological evaluation such as exaggeration of self-reported somatic and psychiatric symptoms. RESULTS: The new proposed criteria simplify diagnostic categories, expand and clarify external incentives, more clearly define the role of compelling inconsistencies, address issues concerning PVTs and SVTs (i.e., number administered, false positives, and redundancy), better define the role of SVTs and of marked discrepancies indicative of malingering, and most importantly, clearly define exclusionary criteria based on the last two decades of research on malingering in neuropsychology. Lastly, the new criteria provide specifiers to better describe clinical presentations for use in neuropsychological assessment. CONCLUSIONS: The proposed multidimensional malingering criteria that define cognitive, somatic, and psychiatric malingering for use in neuropsychological assessment are presented.",openalex,openalex:analise_documental_elegibilidade:analise_documental_elegibilidade_1,0.0,CONCLUIDA,34.0,REVISAR_HUMANO,71.0,"Equidade territorial, qualidade e controle","Estudos que tratem de qualidade decisória, confiabilidade, auditoria, controle, integridade, prevenção de fraude, revisão de decisões ou riscos associados à avaliação remota ou documental.",,"Atualização de critérios multidimensionais de malingering em avaliação neuropsicológica. Há possível utilidade para controle, integridade e detecção de fraude em contextos de avaliação de incapacidade, mas o resumo não explicita aplicação a benefícios, certificação administrativa ou fluxo pericial.",PENDENTE,,,NAO_INICIADO,,PENDENTE,,,,,,,,
pubmed:26687330,Work Incapacity and Treatment Costs After Severe Accidents: Standard Versus Intensive Case Management in a 6-Year Randomized Controlled Trial.,Scholz SM; Andermatt P; Tobler BL; Spinnler D,2016,Journal of occupational rehabilitation,10.1007/s10926-015-9615-0,https://pubmed.ncbi.nlm.nih.gov/26687330/,https://link.springer.com/content/pdf/10.1007%2Fs10926-015-9615-0.pdf,,pubmed,pubmed:beneficios_incapacidade_avaliacao_medico_pericial:beneficios_incapacidade_avaliacao_medico_pericial_2,0.0,CONCLUIDA,34.0,REVISAR_HUMANO,66.0,"Capacidade, filas e alocação de serviços","Menciona incapacidade para o trabalho e compara case management intensivo versus padrão, podendo informar gestão operacional.","Pode focar reabilitação/gestão clínica pós-acidente sem relação direta com avaliação pericial, elegibilidade ou alocação entre modalidades de perícia.","O título aborda incapacidade laboral e custos após acidentes graves em ensaio de gestão de casos. Pode oferecer evidência indireta sobre gestão de demanda/capacidade, mas a conexão com o fluxo pericial é incerta sem resumo.",PENDENTE,,,NAO_INICIADO,,PENDENTE,,,,,,,,
crossref:10.1089/tmj.2016.0072,"Assessment of Aphasia Across the International Classification of Functioning, Disability and Health Using an iPad-Based Application",Guo; Togher; Power; Hutomo; Yang; Tay; Yen; Koh,2017,Telemedicine and e-Health,10.1089/tmj.2016.0072,https://doi.org/10.1089/tmj.2016.0072,https://www.liebertpub.com/doi/pdf/10.1089/tmj.2016.0072,"© 2017, Mary Ann Liebert, Inc. Background: Access2Aphasia™ is an iPad™-based aphasia assessment application that enables real-time audiovisual communication between people with aphasia (PWA) and speech-language pathologists (SLPs), and the use of supported conversation techniques. This study aimed to establish the reliability of aphasia assessment across the International Classification of Functioning, Disability and Health (ICF) using Access2Aphasia, and compare it with face-to-face (FTF) assessment. Consumer perspectives of Access2Aphasia were also examined. Materials and Methods: Thirty PWA were randomized into two conditions: online-led and FTF assessment. Participants in the online-led group were assessed remotely using Access2Aphasia™ in their own homes, while an FTF SLP scored silently simultaneously. Participants in the FTF group were assessed FTF using standard administration materials. Assessment included two subtests of the Psycholinguistic Assessment of Language Processing Activities (PALPA) and the Assessment of Living with Aphasia (ALA) to allow for outcomes to be captured across the ICF domains. Consumer perspectives on Access2Aphasia were obtained from both PWA and research SLPs in the online-led group. Results: Kappa statistics indicated moderate to almost perfect agreement between online and FTF SLPs (k = 0.71-1.00). Intrarater and interrater reliability was excellent (ICC = 0.99-1.00) and equivalent for the online-led and FTF conditions. Both PWA and research SLPs in the online-led group reported being satisfied with the experience overall, with suggestions provided by research SLPs to improve Access2Aphasia. Conclusion: This study supports the provision of iPad-based aphasia assessments across the ICF in the online environment, with comparable reliability to FTF assessments. Future research is warranted to support the development of iPad-based aphasia assessment and treatment as an alternative mode of service delivery to PWA",core; crossref; pubmed; semantic_scholar,core:telepericia_avaliacao_remota:telepericia_avaliacao_remota_2; crossref:telepericia_avaliacao_remota:telepericia_avaliacao_remota_2; pubmed:telepericia_avaliacao_remota:telepericia_avaliacao_remota_2; semantic_scholar:telepericia_avaliacao_remota:telepericia_avaliacao_remota_2,0.0,CONCLUIDA,32.0,REVISAR_HUMANO,68.0,Teleperícia e avaliação remota,"Estuda confiabilidade de avaliação remota versus presencial, com comparação direta e perspectivas dos usuários.","Foco em avaliação clínica de afasia, sem relação explícita com benefícios por incapacidade, certificação ou decisão administrativa.","O resumo mostra comparação entre avaliação remota e face a face, incluindo confiabilidade e experiência do usuário, aspectos úteis ao eixo de teleavaliação. Contudo, trata-se de avaliação clínica de afasia, não de perícia/benefícios, o que limita a aderência direta.",PENDENTE,,,NAO_INICIADO,,PENDENTE,,,,,,,,
openalex:https://openalex.org/W4289550043,Challenges of Telemedicine during the COVID-19 pandemic: a systematic review,Racha Ftouni; Baraa AlJardali; Maya Hamdanieh; Louna Ftouni; Nariman Salem,2022,BMC Medical Informatics and Decision Making,10.1186/s12911-022-01952-0,https://doi.org/10.1186/s12911-022-01952-0,https://bmcmedinformdecismak.biomedcentral.com/counter/pdf/10.1186/s12911-022-01952-0,"BACKGROUND: The COVID-19 pandemic has prompted the decrease of in-person visits to reduce the risk of virus transmission. Telemedicine is an efficient communication tool employed between healthcare providers and patients that prevents the risk of exposure to infected persons. However, telemedicine use is not infallible; its users reported multiple issues that complicated the expansion of this technology. So, this systematic review aimed to explore the barriers and challenges of telemedicine use during the pandemic and to propose solutions for improving future use. METHODS: A systematic review was conducted following PRISMA (Preferred Reporting Items for Systematic Reviews and Meta-Analysis) statement. PubMed, Scopus, Web of Science, Academic Search Complete, CINAHL, Embase, and Science Direct were used to look for articles addressing barriers and challenges, in addition to articles proposing solutions. Studies were screened by title and abstract, followed by a full-text review. Risk of bias assessment was done using Critical Appraisal Skills Program for qualitative studies, Newcastle-Ottawa Scale for cross-sectional studies, and A MeaSurement Tool to Assess Systematic Reviews for systematic reviews. After the extraction of data, a narrative synthesis and analysis of the outcomes were performed. RESULTS: Among 1194 papers identified, only 27 studies were included. Barriers and challenges were assembled under 7 categories: technical aspects, privacy, data confidentiality and reimbursement, physical examination and diagnostics, special populations, training of healthcare providers and patients, doctor-patient relationship, and acceptability. Poor internet connection and lack of universal access to technology were among the technical barriers. Concerns about patient privacy and reimbursement hindered the use of telemedicine too. Physical examination and certain procedures were impossible to perform via telemedicine. Training both healthcare providers and patients was deficient. The doctor-patient relationship was troubled by telemedicine, and both healthcare providers and patients were reluctant to use telemedicine. CONCLUSION: Widespread use of telemedicine is still hampered by various barriers and challenges. Healthcare providers should work with various stakeholders to implement the proposed solutions. More research and policy changes are essential to optimize telemedicine utilization.",openalex,openalex:telepericia_avaliacao_remota:telepericia_avaliacao_remota_2,0.0,CONCLUIDA,32.0,REVISAR_HUMANO,64.0,"Equidade territorial, qualidade e controle","Estudos que tratem de qualidade, barreiras, controle e riscos associados à avaliação remota; estudos sobre acesso e equidade em telemedicina.","Telemedicina exclusivamente assistencial, sem relação substantiva com avaliação de incapacidade, certificação, elegibilidade, triagem ou gestão de fluxos.","Revisão sistemática sobre barreiras e desafios da telemedicina, potencialmente útil para riscos, controle e acesso em modalidades remotas. Contudo, o resumo não indica aplicação à avaliação médico-pericial ou benefícios por incapacidade.",PENDENTE,,,NAO_INICIADO,,PENDENTE,,,,,,,,
crossref:10.1177/1357633x231194381,Design and development of a Telemedicine Assessment Toolkit (TAT) for the assessment of audiovisual telemedicine encounters,Agbali; Andrew Balas; Heboyan; Silva; Coughlin; Beltrame; De Leo,2025,Journal of Telemedicine and Telecare,10.1177/1357633x231194381,https://doi.org/10.1177/1357633x231194381,,"Although the use of audiovisual telemedicine has grown in recent years especially during recent COVID-19-related lockdowns, evidence shows there is still a lack of tools that can be used for the assessment of telemedicine encounters. The few validated questionnaires that are available for assessing telemedicine encounters are not often used. Non-validated questionnaires dominate research, leading to results that cannot be compared or extrapolated to other research or medical sites. Development of standard measures for the assessment of telemedicine encounters has been advocated by stakeholders. The objective of this study is to provide a comprehensive set of measures by developing a conceptual approach and a preliminary Telemedicine Assessment Toolkit (TAT) for the assessment of audiovisual telemedicine encounters. A two-step conceptual approach was used to identify potential domains and sub-domains by qualitative analysis of a pool of questions from studies published from 2016 to 2021. Questions were adopted from validated questionnaires or generated to represent the underlying concept of each sub-domain, resulting in a core block of comprehensive questions. A toolkit is proposed with question-measures that cover the sub-domains relevant to the assessment of telemedicine encounters. This study recommended 11 domains to be used for the assessment of telemedicine encounters: “usability,” “patient satisfaction,” “patient–provider interaction,” “patient perspectives,” “telemedicine readiness,” “qualitative feedback,” “comparison to standard (in-person) care,” “privacy,” “technology,” “patient feeling,” and “patient costs.” Of the 11 domains, 26 underlying sub-domains were created. From the subdomains, a 30-question core block was proposed. The core-block together with a precursor block aimed to retrieve demographic/patient characteristics and, together with a customizable clinical outcomes block, complete the comprehensive toolkit. The toolkit, upon testing and validation, would enable researchers and system owners to assess patient-oriented aspects of audiovisual telemedicine encounters more accurately and accelerate the adoption of common audiovisual telemedicine assessment measures.",crossref,crossref:telepericia_avaliacao_remota:telepericia_avaliacao_remota_2,0.0,CONCLUIDA,30.0,REVISAR_HUMANO,66.0,"Equidade territorial, qualidade e controle","Desenvolve toolkit para avaliação de encontros de telemedicina, potencialmente útil para qualidade, padronização e auditoria de avaliações remotas.","Não trata explicitamente de incapacidade, certificação, elegibilidade ou perícia.","O resumo descreve instrumento para avaliar encontros audiovisuais de telemedicina, com foco em medidas padronizadas. Pode informar critérios auditáveis e controle de qualidade em avaliação remota, embora fora do contexto pericial explícito.",PENDENTE,,,NAO_INICIADO,,PENDENTE,,,,,,,,
semantic_scholar:dc90b1cd566748994bfc596ac1950f7d29d30219,Integrated disability evaluation in low back pain: feasibility and multidomain profiling from the EL DORADO cohort,Anders Hansen; Steen Harsted; C. Nim; Kieran O’Sullivan; S. O’Neill,2026,Frontiers in Rehabilitation Sciences,10.3389/fresc.2026.1731260,https://www.semanticscholar.org/paper/dc90b1cd566748994bfc596ac1950f7d29d30219,https://public-pages-files-2025.frontiersin.org/journals/rehabilitation-sciences/articles/10.3389/fresc.2026.1731260/pdf,"Disability evaluation in low back pain (LBP) has traditionally relied on patient-reported outcomes (PROs), which alone incompletely capture functioning. This study tested the feasibility of embedding a multidomain disability evaluation protocol into routine secondary care, integrating PROs with performance-based measures, kinematic analysis, quantitative sensory testing (QST), and electronic health record (EHR) data, without performing formal multidomain profiling or subgroup identification. In this proof-of-concept study, 542 patients referred for advanced LBP assessment at the Spine Center of Southern Denmark underwent multidomain evaluation, including PROs (ODI, EQ-5D-5L, NPRS, STarT Back), functional capacity tests, markerless kinematic motion capture, QST, and EHR extraction; a subgroup provided 60-week SMS follow-up. Feasibility outcomes, including workflow integration, data completeness, acceptability, and adverse events, were evaluated overall and after the first 100 participants to guide protocol refinement. The assessment battery was completed in a mean of 22 min with over 95% data completeness, high acceptability, acceptable patient burden, and only two minor adverse events. PROs indicated moderate disability (ODI 34/100) and poor health (EQ-5D VAS 55/100), while functional and kinematic measures revealed substantial impairments, and QST showed widespread pain sensitivity with minimal conditioned pain modulation. EHR linkage was achieved for all participants, with MRI data available in 88%, and SMS follow-up retention was 75% at 60 weeks. These findings demonstrate that integrating PROs, performance-based tests, QST, kinematic assessment, and EHR data into routine secondary care is feasible, safe, and acceptable. The resulting multidomain dataset provides an infrastructure for future research on prognosis, subgrouping, and disability evaluation in LBP.",semantic_scholar,semantic_scholar:analise_documental_elegibilidade:analise_documental_elegibilidade_1,0.0,CONCLUIDA,30.0,REVISAR_HUMANO,63.0,Benefícios por incapacidade e avaliação médico-pericial,"Estudo sobre protocolo de avaliação de incapacidade e integração ao fluxo rotineiro, com dados de viabilidade operacional.","Contexto de cuidado secundário para lombalgia, sem menção a benefícios, certificação, elegibilidade administrativa ou perícia oficial.","Há aderência parcial por tratar de disability evaluation e integração de protocolo ao workflow, mas o cenário é assistencial/rehabilitação e não necessariamente pericial ou de benefícios.",PENDENTE,,,NAO_INICIADO,,PENDENTE,,,,,,,,
crossref:10.1109/icsssm.2016.7538599,Service capacity planning of the community hospital under the hierarchical medical system,Yulin Zhou; Wenhui Zhou; Shuo Zhang; Qiang Wan,2016,2016 13th International Conference on Service Systems and Service Management (ICSSSM),10.1109/icsssm.2016.7538599,https://doi.org/10.1109/icsssm.2016.7538599,,,crossref,crossref:capacidade_filas_alocacao:capacidade_filas_alocacao_2,0.0,CONCLUIDA,30.0,REVISAR_HUMANO,61.0,"Capacidade, filas e alocação de serviços","Aborda planejamento de capacidade de serviços em hospital, potencialmente útil de forma indireta para gestão de filas e alocação operacional.","Não há indicação explícita de relação com benefícios por incapacidade, avaliação médico-pericial ou certificação médica.","O título sugere estudo de capacity planning em sistema de saúde hierarquizado. Pode oferecer métodos transferíveis para filas/alocação, mas a pertinência ao contexto pericial não está explícita nos metadados.",PENDENTE,,,NAO_INICIADO,,PENDENTE,,,,,,,,
openalex:https://openalex.org/W2058165267,The burden of waiting for hip and knee replacements in Ontario*,Jack I. Williams; Hilary A. Llewellyn‐Thomas; Rena Arshinoff; Nancy Young BScPT; C. David Naylor,1997,Journal of Evaluation in Clinical Practice,10.1111/j.1365-2753.1997.tb00068.x,https://doi.org/10.1111/j.1365-2753.1997.tb00068.x,,"The objectives of this study were to assess the impact of major joint replacements in reducing pain and disability and to describe the burden of pain and disability that could be avoided by ordering the queues with respect to severity of disease. A secondary goal was to compare the uses of a general health status measure, the Short Form Health Survey (SF-36), and a disease-specific measure, the Western Ontario McMaster Osteoarthritis Index (WOMAC), for accomplishing the objectives. The results are based on interviews with 209 patients before and after they had surgery. Only 15.9% of the patients had surgery within 3 months' waiting time, 19.2% waited 4-6 months, 30.7% waited 7-9 months, and the remaining 34.1% waited a year or more. The waiting times were unrelated to the severity of pain or disability reported in the initial interview. Following surgery, there were large reductions in the WOMAC scores for pain, stiffness and difficulty in functioning. The SF-36 showed substantial improvements in relief from pain and in physical functioning, and reductions in role limitation due to physical problems, but not for scores related to mental health. The WOMAC scores were more responsive to the benefits of surgery than the SF-36 scores. Queuing systems keyed on burden of symptoms could reduce the burden of pain and disability suffered by patients awaiting surgery. The improvements from hip and knee replacements suggest that equitable access for these procedures should be a priority in Ontario.",openalex,openalex:capacidade_filas_alocacao:capacidade_filas_alocacao_1,0.0,CONCLUIDA,28.0,REVISAR_HUMANO,78.0,"Capacidade, filas e alocação de serviços","Analisa filas, tempo de espera e priorização por gravidade, temas alinhados à gestão de demanda e ordenação de filas.","Contexto cirúrgico assistencial, não pericial nem de benefícios por incapacidade.","Resumo aborda burden of waiting, tempos de espera e possibilidade de ordenar filas por severidade. Apesar de ser em cirurgia ortopédica, pode oferecer evidência indireta sobre gestão de filas e priorização; revisão humana recomendada.",PENDENTE,,,NAO_INICIADO,,PENDENTE,,,,,,,,
semantic_scholar:748f3d48ae30d701a0162660460f07515da8311e,Agreement between face-to-face and tele-assessment of upper limb disability in lung cancer survivors during COVID-19 era,Alejandro Heredia-Ciuró; A. Lazo-Prados; Paula Blasco-Valls; A. Calvache-Mateo; L. López-López; J. Martín-Núñez; M. Valenza,2022,Journal of Telemedicine and Telecare,10.1177/1357633x221079543,https://www.semanticscholar.org/paper/748f3d48ae30d701a0162660460f07515da8311e,https://europepmc.org/articles/pmc8883128?pdf=render,"Introduction Upper limb disability can limit the quality of life of lung cancer survivors. The COVID-19 era has required a finding of alternatives to attend the monitoring of presented disturbances with the minor risk of spread. Tele-assessment offers new possibilities for clinical assessment demonstrating good reliability compared to traditional face-to-face assessment in a variety of patients. No previous study has applied this type of assessment in lung cancer survivors. For this reason, the aim of this study was to evaluate the level of agreement between upper limb disability assessment using tele-assessment and the face-to-face method in lung cancer survivors. Methods A reliability study was conducted with 20 lung cancer survivors recruited from the Oncological Radiotherapy Service of the “Hospital PTS” (Granada). Patients attended a session for clinical face-to-face and real-time online tele-assessment. The main outcome measurements of the study included upper limb function (shirt task) and musculoskeletal disturbances (active range of movement and trigger points), and these outcomes were recorded by two independent researchers. Results The outcome measures showed good agreement between both assessments. The active range of movement presented heterogeneous results, being excellent reliability (ρ > 0.75) in extension, internal rotation, homolateral adduction, and contralateral abduction, good (0.4 < ρ < 0.75) for flexion, homolateral abduction, contralateral adduction and contralateral external rotation, and poor (ρ < 0.4) for homolateral external rotation. The measure evaluating upper limb function and trigger points show the highest interrater reliability with confidence interval lower limits ≥0.99. Discussion The tele-assessment of upper limb function and musculoskeletal disorders of lung cancer survivors present a good interrater reliability compared to face-to-face assessment. It could be useful for monitoring the disability presented by cancer survivors whose access is difficult by the residential situation, physical limitations or the risk of COVID-19 spread.",semantic_scholar,semantic_scholar:telepericia_avaliacao_remota:telepericia_avaliacao_remota_2,0.0,CONCLUIDA,28.0,REVISAR_HUMANO,71.0,Teleperícia e avaliação remota,Estudo que examina avaliação médica remota e confiabilidade entre modalidades de avaliação.,"Telemedicina predominantemente assistencial/clínica, sem relação explícita com avaliação médico-pericial ou decisão administrativa.","Há aderência parcial por comparar teleavaliação e avaliação presencial de incapacidade de membro superior, o que pode informar confiabilidade de modalidades remotas. Porém o contexto é clínico em sobreviventes de câncer, não pericial ou de benefícios.",PENDENTE,,,NAO_INICIADO,,PENDENTE,,,,,,,,
openalex:https://openalex.org/W3121798526,Performance Improvement and Performance Dysfunction: An Empirical Examination of Distortionary Impacts of the Emergency Room Wait-Time Target in the English National Health Service,Steven Kelman; John N. Friedman,2009,Journal of Public Administration Research and Theory,10.1093/jopart/mun028,https://doi.org/10.1093/jopart/mun028,https://academic.oup.com/jpart/article-pdf/19/4/917/2637338/mun028.pdf,"The literature on the use of performance measurement in government has focused much attention on hypothesized unintended dysfunctional consequences that such measurement may produce. We conceptualize these dysfunctional consequences as involving either effort substitution (reducing effort on nonmeasured performance dimensions) or gaming (making performance on the measured performance dimension appear better, when in fact it is not). In this paper, we examine both performance impacts and dysfunctional consequences of the establishment in the English National Health Service of a performance target that no patient presenting in a hospital accident and emergency department (emergency room) wait more than 4 hours for treatment. Using data from all 155 hospital trusts in England, we find dramatic wait-time performance improvements between 2003 and 2006 and no evidence for any of the dysfunctional effects that have been hypothesized in connection with this target. We conclude by discussing when one would expect dysfunctional effects to appear and when not.",openalex,openalex:capacidade_filas_alocacao:capacidade_filas_alocacao_1,0.0,CONCLUIDA,28.0,REVISAR_HUMANO,71.0,"Capacidade, filas e alocação de serviços","Estudos que analisem filas, tempo de espera, produtividade ou gestão de demanda em serviços.",Textos sem relação substantiva com a pergunta de pesquisa ou com ao menos um eixo da matriz analítica.,"Analisa meta de tempo de espera em pronto-socorro e possíveis efeitos de gaming/desempenho. Pode oferecer evidência conceitual sobre filas, metas e controle, mas não trata de incapacidade, perícia ou elegibilidade. Pertinência é indireta.",PENDENTE,,,NAO_INICIADO,,PENDENTE,,,,,,,,
openalex:https://openalex.org/W2018572000,Mental health and employment: much work still to be done,Samuel B. Harvey; Max Henderson; Paul Lelliott; Matthew Hotopf,2009,The British Journal of Psychiatry,10.1192/bjp.bp.108.055111,https://doi.org/10.1192/bjp.bp.108.055111,https://www.cambridge.org/core/services/aop-cambridge-core/content/view/24E945B3962556FAF66F2FAC22FD1B0F/S0007125000249040a.pdf/div-class-title-mental-health-and-employment-much-work-still-to-be-done-div.pdf,Mental illness is now the leading cause of both sickness absence and incapacity benefits in most high-income countries. The rising economic and social costs make health and work an increasing priority for policy makers. We discuss the findings from Dame Carol Black's recent review of the health of Britain's working-age population and examine how her recommendations may impact and challenge mental health services.,openalex,openalex:beneficios_incapacidade_avaliacao_medico_pericial:beneficios_incapacidade_avaliacao_medico_pericial_2,0.0,CONCLUIDA,28.0,REVISAR_HUMANO,63.0,Benefícios por incapacidade e avaliação médico-pericial,Estudo discute incapacity benefits e afastamento por doença em contexto de saúde mental e trabalho.,Pode ser comentário/opinião sem análise empírica ou revisão estruturada suficiente; foco pode ser mais em serviços de saúde mental do que em avaliação pericial/fluxo decisório.,"O resumo menciona explicitamente sickness absence e incapacity benefits, relevantes ao tema. Porém, o texto parece discutir recomendações de uma revisão de política e impactos em serviços, sem indicar análise de triagem, perícia, teleavaliação ou gestão operacional do fluxo.",PENDENTE,,,NAO_INICIADO,,PENDENTE,,,,,,,,
crossref:10.4135/9781412950510.n222,"Disability Assessment/Evaluation, Europe",,2006,Encyclopedia of Disability,10.4135/9781412950510.n222,https://doi.org/10.4135/9781412950510.n222,,,crossref,crossref:telepericia_avaliacao_remota:telepericia_avaliacao_remota_1; crossref:telepericia_avaliacao_remota:telepericia_avaliacao_remota_2,0.0,CONCLUIDA,28.0,REVISAR_HUMANO,58.0,Benefícios por incapacidade e avaliação médico-pericial,"Entrada sobre disability assessment/evaluation na Europa, potencialmente relacionada a sistemas de avaliação e certificação.","Entrada enciclopédica, possivelmente descritiva e sem análise empírica ou institucional verificável suficiente.","O título sugere conteúdo diretamente ligado à avaliação de deficiência em contexto europeu, o que pode ter utilidade comparada. Contudo, por ser verbete de enciclopédia e sem resumo, não fica claro se oferece evidência útil sobre processos, elegibilidade, controle ou desenho de fluxo.",PENDENTE,,,NAO_INICIADO,,PENDENTE,,,,,,,,
openalex:https://openalex.org/W2335342262,"Cost-Utility and Cost-Effectiveness Studies of Telemedicine, Electronic, and Mobile Health Systems in the Literature: A Systematic Review",Isabel de la Torre Díez; Miguel López-Coronado; César Vaca; Jesús Sáez Aguado; Carlos de Castro Lozano,2014,Telemedicine Journal and e-Health,10.1089/tmj.2014.0053,https://doi.org/10.1089/tmj.2014.0053,https://www.ncbi.nlm.nih.gov/pmc/articles/4312789,"OBJECTIVE: A systematic review of cost-utility and cost-effectiveness research works of telemedicine, electronic health (e-health), and mobile health (m-health) systems in the literature is presented. MATERIALS AND METHODS: Academic databases and systems such as PubMed, Scopus, ISI Web of Science, and IEEE Xplore were searched, using different combinations of terms such as ""cost-utility"" OR ""cost utility"" AND ""telemedicine,"" ""cost-effectiveness"" OR ""cost effectiveness"" AND ""mobile health,"" etc. In the articles searched, there were no limitations in the publication date. RESULTS: The search identified 35 relevant works. Many of the articles were reviews of different studies. Seventy-nine percent concerned the cost-effectiveness of telemedicine systems in different specialties such as teleophthalmology, telecardiology, teledermatology, etc. More articles were found between 2000 and 2013. Cost-utility studies were done only for telemedicine systems. CONCLUSIONS: There are few cost-utility and cost-effectiveness studies for e-health and m-health systems in the literature. Some cost-effectiveness studies demonstrate that telemedicine can reduce the costs, but not all. Among the main limitations of the economic evaluations of telemedicine systems are the lack of randomized control trials, small sample sizes, and the absence of quality data and appropriate measures.",openalex,openalex:telepericia_avaliacao_remota:telepericia_avaliacao_remota_2,0.0,CONCLUIDA,26.0,REVISAR_HUMANO,61.0,"Capacidade, filas e alocação de serviços",Pode contribuir indiretamente sobre custos e eficiência de sistemas de telemedicina.,"Telemedicina exclusivamente assistencial, sem relação substantiva com avaliação de incapacidade, certificação, elegibilidade, triagem ou gestão de fluxos.","Revisão sistemática de custo-efetividade de telemedicina em várias especialidades. Pode oferecer evidência transversal sobre eficiência operacional, mas o resumo não mostra relação específica com avaliação de incapacidade ou perícia administrativa.",PENDENTE,,,NAO_INICIADO,,PENDENTE,,,,,,,,
crossref:10.5463/dcid.v23i1.118,"Awareness About Benefits of a Disability Certificate Among Persons with Hearing Impairment in Kolkata, India",Rout; Sarkar,2012,"Disability, CBR &amp; Inclusive Development",10.5463/dcid.v23i1.118,https://doi.org/10.5463/dcid.v23i1.118,https://storage.googleapis.com/jnl-up-j-dcbrid-files/journals/1/articles/65/submission/proof/65-1-93-1-10-20200914.pdf,,crossref,crossref:analise_documental_elegibilidade:analise_documental_elegibilidade_2,0.0,CONCLUIDA,25.0,REVISAR_HUMANO,63.0,Benefícios por incapacidade e avaliação médico-pericial,"Estudos que analisem benefícios por incapacidade, certificação médica ou avaliação médico-pericial.",Textos sem relação substantiva com a pergunta de pesquisa ou com ao menos um eixo da matriz analítica.,"O título indica relação com certificado de deficiência e acesso a benefícios, mas não há resumo para verificar se aborda processo de certificação, triagem, elegibilidade ou gestão do fluxo de avaliação. Aparentemente tangencia o tema de certificação/benefícios, porém a aderência ao redesenho do fluxo pericial é incerta.",PENDENTE,,,NAO_INICIADO,,PENDENTE,,,,,,,,
semantic_scholar:0b30f5a1793c37aae5cad91e3f999e67725a6325,"A Study of Disability Severity, Barriers, and Facilitating Factors in Accessing Healthcare Among Differently Abled Adults",A. M; C. Rahul; Shriraam Karunakaran; Pankaj B Shah,2024,Cureus,10.7759/cureus.75018,https://www.semanticscholar.org/paper/0b30f5a1793c37aae5cad91e3f999e67725a6325,https://doi.org/10.7759/cureus.75018,"Background: Disability impacts many individuals, thus restricting access to necessary healthcare. Barriers that affect health equity among people with disabilities include physical inaccessibility, financial constraints, and stigma in society. This study aims to report on the level of disability and factors determining healthcare access among adult differently abled persons in Chennai, Tamil Nadu, focusing on the WHO Disability Assessment Schedule (WHODAS 2.0). Methods: In this cross-sectional study, 300 differently abled adults affiliated with the Tamil Nadu Udavikkaram Association participated. The severity of disability was assessed using WHODAS 2.0, while a structured questionnaire elicited details on socio-demographic characteristics, barriers to healthcare utilization, and facilitating factors. Data was analyzed using SPSS version 16 (IBM Corp., Armonk, New York, USA), with descriptive statistics and odds ratios calculated for key variables. Results: Most participants (N=286, 93%) had mild levels of disability with problems mainly in self-care and mobility. The main barriers reported were healthcare expenses, distance to facilities, and lack of family support. Key facilitators were government schemes and assistive devices. Socio-economic factors like income and education showed marked correlations with the severity of disability. Conclusion: Healthcare access varies with disability severity, revealing a need for targeted financial, familial, and accessibility interventions to reduce disparity. Future longitudinal studies may provide insights into the development of policies and programs to support individuals living with disabilities.",semantic_scholar,semantic_scholar:equidade_qualidade_controle:equidade_qualidade_controle_1,0.0,CONCLUIDA,24.0,REVISAR_HUMANO,68.0,"Equidade territorial, qualidade e controle",Discute barreiras geográficas e equidade de acesso entre pessoas com deficiência.,"Estudos clínicos que não contribuam para compreender processos de avaliação médico-pericial, decisão administrativa, capacidade, acesso, qualidade ou controle.","O estudo aborda deficiência e barreiras de acesso à saúde, incluindo distância e fatores facilitadores. Não trata explicitamente de avaliação pericial ou benefícios, mas pode oferecer evidência contextual sobre equidade territorial para populações com deficiência.",PENDENTE,,,NAO_INICIADO,,PENDENTE,,,,,,,,
openalex:https://openalex.org/W2934791458,The longitudinal integrated database for health insurance and labour market studies (LISA) and its use in medical research,Jonas F. Ludvigsson; Pia Svedberg; Ola Olén; Gustaf Bruze; Martin Neovius,2019,European Journal of Epidemiology,10.1007/s10654-019-00511-8,https://doi.org/10.1007/s10654-019-00511-8,https://link.springer.com/content/pdf/10.1007/s10654-019-00511-8.pdf,"Education, income, and occupation are factors known to affect health and disease. In this review we describe the Swedish Longitudinal Integrated Database for Health Insurance and Labour Market Studies (LISA, Longitudinell Integrationsdatabas för Sjukförsäkrings- och Arbetsmarknadsstudier). LISA covers the adult Swedish population aged ≥ 16 years registered on December 31 each year since 1990 (since 2010 individuals aged ≥ 15 years). The database was launched in response to rising levels of sick leave in the country. Participation in Swedish government-administered registers such as LISA is compulsory, and hence selection bias is minimized. The LISA database allows researchers to identify individuals who do not work because of injury, disease, or rehabilitation. It contains data on sick leave and disability pension based on calendar year. LISA also includes information on unemployment benefits, disposable income, social welfare payments, civil status, and migration. During 2000-2017, an average of 97,000 individuals immigrated to Sweden each year. This corresponds to about 1% of the Swedish population (10 million people in 2017). Data on occupation have a completeness of 95%. Income data consist primarily of income from employment, capital, and allowances, including parental allowance. In Sweden, work force participation is around 80% (2017: overall: 79.1%; men 80.3% and women 77.9%). Education data are available in > 98% of all individuals aged 25-64 years, with an estimated accuracy for highest attained level of education of 85%. Some information on civil status, income, education, and employment before 1990 can be obtained through the Population and Housing Census data (FoB, Folk- och bostadsräkningen).",openalex,openalex:beneficios_incapacidade_avaliacao_medico_pericial:beneficios_incapacidade_avaliacao_medico_pericial_2,0.0,CONCLUIDA,22.0,REVISAR_HUMANO,74.0,Benefícios por incapacidade e avaliação médico-pericial,"Estudos que analisem benefícios por incapacidade, afastamento por doença, seguro por incapacidade, certificação médica ou avaliação médico-pericial.",Textos sem relação substantiva com a pergunta de pesquisa ou com ao menos um eixo da matriz analítica.,"Revisão sobre base de dados sueca com informações de licença médica e pensão por incapacidade. Pode ser útil como fonte de dados para pesquisa em benefícios, mas não aborda diretamente avaliação pericial, triagem documental, teleperícia ou gestão de fluxo.",PENDENTE,,,NAO_INICIADO,,PENDENTE,,,,,,,,
crossref:10.1007/springerreference_121145,"Disability Assessment, Psychological / Psychiatric Evaluation",,,SpringerReference,10.1007/springerreference_121145,https://doi.org/10.1007/springerreference_121145,,,crossref,crossref:telepericia_avaliacao_remota:telepericia_avaliacao_remota_1,0.0,CONCLUIDA,22.0,REVISAR_HUMANO,60.0,Benefícios por incapacidade e avaliação médico-pericial,"Título menciona explicitamente disability assessment e avaliação psicológica/psiquiátrica, potencialmente relevante para avaliação pericial.",Formato de referência/verbete e ausência de resumo; pode ser apenas conteúdo clínico geral sem aplicação a benefícios ou fluxo decisório.,"Há proximidade temática com avaliação de incapacidade, especialmente em dimensão psicológica/psiquiátrica. Contudo, os metadados não permitem saber se aborda certificação, elegibilidade, confiabilidade ou processos administrativos.",PENDENTE,,,NAO_INICIADO,,PENDENTE,,,,,,,,
openalex:https://openalex.org/W2027013776,"Use of The International Classification of Functioning, Disability and Health (ICF) as a conceptual framework and common language for disability statistics and health information systems",Nenad Kostanjsek,2011,BMC Public Health,10.1186/1471-2458-11-s4-s3,https://doi.org/10.1186/1471-2458-11-s4-s3,https://bmcpublichealth.biomedcentral.com/counter/pdf/10.1186/1471-2458-11-S4-S3,"A common framework for describing functional status information is needed in order to make this information comparable and of value. The World Health Organization's International Classification of Functioning, Disability and Health (ICF), which has been approved by all its member states, provides this common language and framework. The article provides an overview of ICF taxonomy, introduces the conceptual model which underpins ICF and elaborates on how ICF is used at population and clinical level. Furthermore, the article presents key features of the ICF tooling environment and outlines current and future developments of the classification.",openalex,openalex:analise_documental_elegibilidade:analise_documental_elegibilidade_2; openalex:beneficios_incapacidade_avaliacao_medico_pericial:beneficios_incapacidade_avaliacao_medico_pericial_3,0.0,CONCLUIDA,22.0,REVISAR_HUMANO,58.0,Benefícios por incapacidade e avaliação médico-pericial,"Estudos que analisem benefícios por incapacidade, afastamento por doença, seguro por incapacidade, certificação médica ou avaliação médico-pericial.",,"O artigo trata da CIF/ICF como linguagem comum para estatísticas de deficiência e sistemas de informação em saúde. Pode ter utilidade conceitual para classificação funcional e informação usada em avaliação, mas título e resumo não mostram ligação direta com benefícios por incapacidade, decisão pericial ou desenho de fluxo.",PENDENTE,,,NAO_INICIADO,,PENDENTE,,,,,,,,
openalex:https://openalex.org/W2948620865,"Acceptability, benefits, and challenges of video consulting: a qualitative study in primary care",Eddie Donaghy; Helen Atherton; Vicky Hammersley; Hannah McNeilly; Annemieke Bikker; Lucy Robbins; John Campbell; Brian McKinstry,2019,British Journal of General Practice,10.3399/bjgp19x704141,https://doi.org/10.3399/bjgp19x704141,https://bjgp.org/content/bjgp/69/686/e586.full.pdf,"Background People increasingly communicate online, using visual communication mediums such as Skype and FaceTime. Growing demands on primary care services mean that new ways of providing patient care are being considered. Video consultation (VC) over the internet is one such mode. Aim To explore patients’ and clinicians’ experiences of VC. Design and setting Semi-structured interviews in UK primary care. Method Primary care clinicians were provided with VC equipment. They invited patients requiring a follow-up consultation to an online VC using the Attend Anywhere web-based platform. Participating patients required a smartphone, tablet, or video-enabled computer. Following VCs, semi-structured interviews were conducted with patients ( n = 21) and primary care clinicians ( n = 13), followed by a thematic analysis. Results Participants reported positive experiences of VC, and stated that VC was particularly helpful for them as working people and people with mobility or mental health problems. VCs were considered superior to telephone consultations in providing visual cues and reassurance, building rapport, and improving communication. Technical problems, however, were common. Clinicians felt, for routine use, VCs must be more reliable and seamlessly integrated with appointment systems, which would require upgrading of current NHS IT systems. Conclusion The visual component of VCs offers distinct advantages over telephone consultations. When integrated with current systems VCs can provide a time-saving alternative to face-to-face consultations when formal physical examination is not required, especially for people who work. Demand for VC services in primary care is likely to rise, but improved technical infrastructure is required to allow VC to become routine. However, for complex or sensitive problems face-to-face consultations remain preferable.",openalex,openalex:capacidade_filas_alocacao:capacidade_filas_alocacao_1,0.0,CONCLUIDA,20.0,REVISAR_HUMANO,72.0,Teleperícia e avaliação remota,"Examina consulta por vídeo, experiências de usuários e possíveis ganhos de acesso para pessoas com mobilidade reduzida.","Telemedicina assistencial em atenção primária, sem relação explícita com avaliação de incapacidade ou certificação.","O estudo aborda video consulting, aceitabilidade, benefícios e desafios, incluindo acesso para pessoas com problemas de mobilidade. Embora seja assistencial e não pericial, pode oferecer evidência indireta sobre avaliação remota e barreiras operacionais; requer revisão humana.",PENDENTE,,,NAO_INICIADO,,PENDENTE,,,,,,,,
openalex:https://openalex.org/W4292202284,A framework for digital health equity,Safiya Richardson; Katharine Lawrence; Antoinette Schoenthaler; David Mann,2022,npj Digital Medicine,10.1038/s41746-022-00663-0,https://doi.org/10.1038/s41746-022-00663-0,https://www.nature.com/articles/s41746-022-00663-0.pdf,"We present a comprehensive Framework for Digital Health Equity, detailing key digital determinants of health (DDoH), to support the work of digital health tool creators in industry, health systems operations, and academia. The rapid digitization of healthcare may widen health disparities if solutions are not developed with these determinants in mind. Our framework builds on the leading health disparities framework, incorporating a digital environment domain. We examine DDoHs at the individual, interpersonal, community, and societal levels, discuss the importance of a root cause, multi-level approach, and offer a pragmatic case study that applies our framework.",openalex,openalex:equidade_qualidade_controle:equidade_qualidade_controle_1,0.0,CONCLUIDA,20.0,REVISAR_HUMANO,63.0,"Equidade territorial, qualidade e controle","Estudos que discutam acesso territorial, equidade, barreiras geográficas, inclusão de populações remotas ou desigualdades de acesso à avaliação médico-pericial.","Telemedicina exclusivamente assistencial, sem relação substantiva com avaliação de incapacidade, certificação, elegibilidade, triagem ou gestão de fluxos.","Propõe framework de equidade em saúde digital. Pode oferecer insumos conceituais sobre equidade no uso de ferramentas digitais, mas o resumo não menciona incapacidade, perícia, elegibilidade ou decisão administrativa.",PENDENTE,,,NAO_INICIADO,,PENDENTE,,,,,,,,
openalex:https://openalex.org/W2133455873,Discrepancies in autobiographical memories--- implications for the assessment of asylum seekers: repeated interviews study,Jane Herlihy,2002,BMJ,10.1136/bmj.324.7333.324,https://doi.org/10.1136/bmj.324.7333.324,https://www.bmj.com/content/bmj/324/7333/324.full.pdf,"OBJECTIVE: To investigate the consistency of autobiographical memory of people seeking asylum, in light of the assumption that discrepancies in asylum seekers' accounts of persecution mean that they are fabricating their stories. DESIGN: Repeated interviews. SETTING: England, 1999 and 2000. PARTICIPANTS: Community sample of 27 Kosovan and 12 Bosnian refugees. MAIN OUTCOME MEASURES: Discrepancies in repeated descriptions of one traumatic and one non-traumatic event, including specific details, rated as central or peripheral to the event. Self report measures of post-traumatic stress disorder and depression. RESULTS: Discrepancies between an individual's accounts were common. For participants with high levels of post-traumatic stress, the number of discrepancies increased with length of time between interviews. More discrepancies occurred in details peripheral to the account than in details that were central to the account. CONCLUSION: The assumption that inconsistency of recall means that accounts have poor credibility is questionable. Discrepancies are likely to occur in repeated interviews. For refugees showing symptoms of high levels of post-traumatic stress, the length of the application process may also affect the number of discrepancies. Recall of details rated by the interviewee as peripheral to the account is more likely to be inconsistent than recall of details that are central to the account. Thus, such inconsistencies should not be relied on as indicating a lack of credibility.",openalex,openalex:analise_documental_elegibilidade:analise_documental_elegibilidade_1,0.0,CONCLUIDA,20.0,REVISAR_HUMANO,61.0,"Equidade territorial, qualidade e controle","Estudos que tratem de qualidade decisória, confiabilidade, auditoria, controle, integridade, prevenção de fraude, revisão de decisões ou riscos associados à avaliação remota ou documental.",,"Estudo sobre consistência de memórias autobiográficas em entrevistas repetidas de solicitantes de asilo e implicações para avaliação de credibilidade. Pode dialogar com confiabilidade decisória e interpretação de inconsistências documentais/entrevistas, mas está fora do campo de incapacidade e perícia médica no resumo.",PENDENTE,,,NAO_INICIADO,,PENDENTE,,,,,,,,
openalex:https://openalex.org/W2155854162,Cost-benefit analysis of psychological therapy,Richard Layard; David M. Clark; Martín Knapp; Guy Mayraz,2007,National Institute Economic Review,10.1177/0027950107086171,https://doi.org/10.1177/0027950107086171,https://www.cambridge.org/core/services/aop-cambridge-core/content/view/CBEC26AB2AB0ABC47D0C3F570E0FFA21/S0027950100012631a.pdf/div-class-title-cost-benefit-analysis-of-psychological-therapy-div.pdf,"At present six million people are suffering from clinical depression or anxiety disorders, but only a quarter of them are in treatment. NICE Guidelines prescribe the offer of evidence-based psychological therapy, but they are not implemented, due to lack of therapists within the NHS. We therefore estimate the economic costs and benefits of providing psychological therapy to people not now in treatment. The cost to the governement would be fully covered by the savings in incapacity benefits and extra taxes that result from more people being able to work. On our estimates, the cost could be recovered within two years - and certainly within five. And the benefits to the whole economy are greater still. This is not because we expect the extra therapy to be targeted especially at people with problems about work. It is because the cost of the therapy is so small (£750 in total), the recovery rates are so high (50 per cent) and the cost of a person on IB is so large (£750 per month ). These findings strongly reinforce the humanitatian case for implementing the NICE Guidelines. Current proposals for doing this would require some 8,000 extra psychological therapists withing the NHS over the six years.",openalex,openalex:beneficios_incapacidade_avaliacao_medico_pericial:beneficios_incapacidade_avaliacao_medico_pericial_2,0.0,CONCLUIDA,18.0,REVISAR_HUMANO,69.0,Benefícios por incapacidade e avaliação médico-pericial,Estudos que analisem benefícios por incapacidade ou afastamento por doença.,Textos sem relação substantiva com a pergunta de pesquisa ou com ao menos um eixo da matriz analítica.,"Analisa custos e benefícios de terapia psicológica mencionando economia em incapacity benefits e retorno ao trabalho. Contudo, o foco principal é intervenção terapêutica, não avaliação pericial ou desenho de fluxo decisório.",PENDENTE,,,NAO_INICIADO,,PENDENTE,,,,,,,,
openalex:https://openalex.org/W3046849059,Disability inclusiveness of government responses to COVID-19 in South America: a framework analysis study,Dikaios Sakellariou; Ana Paula Serrata Malfitano; Elena S. Rotarou,2020,International Journal for Equity in Health,10.1186/s12939-020-01244-x,https://doi.org/10.1186/s12939-020-01244-x,https://equityhealthj.biomedcentral.com/counter/pdf/10.1186/s12939-020-01244-x,"BACKGROUND: Disabled people are particularly exposed to the risks of COVID-19, as well as to the measures taken to address it, and their impact. The aim of the study was to examine the disability-inclusiveness of government responses to COVID-19 in four South American Countries: Argentina, Brazil, Chile, and Peru. METHODS: We conducted documentary research, using framework analysis to analyse reports, legislation, decrees, and other official documents that communicated measures taken in response to the pandemic, published from February 1st until May 22nd, 2020. We included documents reporting measures that affected disabled people either directly (measures specifically designed for disabled people) or indirectly (measures for the general population). We developed an analytical framework based on recommendations for disability-inclusive response to COVID-19 published by the Economic Commission for Latin America and the Carribean, the World Health Organisation, and other international organisations. RESULTS: We analysed 72 documents. The findings highlight that while some positive measures were taken, the needs of disabled people were not fully considered. Several countries published recommendations for a disability-inclusive response to COVID-19, without ensuring their translation to practice. All countries took at least some steps to ensure access to financial support, health, and education for disabled people, but at the same time they also implemented policies that had a detrimental impact on disabled people. The populations that are most exposed to the impacts of COVID-19, including disabled people living in institutional care, were protected in several cases only by recommendations rather by legislation. CONCLUSIONS: This study illustrates how the official government responses taken by four countries in the region - while positive, in several aspects - do not fully address the needs of disabled people, thus further disadvantaging them. In order to ensure response to COVID - 19 is disability inclusive, it is necessary to translate recommendations to practice, consider disabled people both in mainstream policy and in disability-specific measures, and focus on the long-term reconstruction phase.",openalex,openalex:analise_documental_elegibilidade:analise_documental_elegibilidade_1,0.0,CONCLUIDA,18.0,REVISAR_HUMANO,63.0,"Equidade territorial, qualidade e controle","Estudos que discutam acesso territorial, equidade, barreiras geográficas, inclusão de populações remotas ou desigualdades de acesso à avaliação médico-pericial.",,"Analisa inclusão de pessoas com deficiência nas respostas governamentais à COVID-19 em países sul-americanos, incluindo Brasil. Há aderência ao eixo de equidade e políticas públicas, mas não aparece relação direta com avaliação médico-pericial, benefícios por incapacidade ou fluxo de requerimentos.",PENDENTE,,,NAO_INICIADO,,PENDENTE,,,,,,,,
crossref:10.1089/tmr.2024.0056,Comprehensiveness of the Telemedicine Assessment Toolkit for the Assessment of Audiovisual Telemedicine Encounters,Hilane; Agbali; Tracy; Bonacina; De Leo,2024,Telemedicine Reports,10.1089/tmr.2024.0056,https://doi.org/10.1089/tmr.2024.0056,https://doi.org/10.1089/tmr.2024.0056,,crossref,crossref:telepericia_avaliacao_remota:telepericia_avaliacao_remota_2,0.0,CONCLUIDA,18.0,REVISAR_HUMANO,55.0,Teleperícia e avaliação remota,"Avalia toolkit para assessment de encontros de telemedicina audiovisual, potencialmente útil para qualidade e auditoria em avaliação remota.","Não há menção a incapacidade, perícia, elegibilidade ou benefícios; pode tratar apenas de qualidade geral de teleconsultas assistenciais.","O título sugere instrumento para avaliar a abrangência de encontros de telemedicina, o que pode informar controle/qualidade de modalidades remotas. Porém, sem resumo, a relação com avaliação médico-pericial é incerta.",PENDENTE,,,NAO_INICIADO,,PENDENTE,,,,,,,,
openalex:https://openalex.org/W1985282719,"A comparison of the causes of blindness certifications in England and Wales in working age adults (16–64 years), 1999–2000 with 2009–2010",Gerald Liew; Michel Michaelides; Catey Bunce,2014,BMJ Open,10.1136/bmjopen-2013-004015,https://doi.org/10.1136/bmjopen-2013-004015,https://bmjopen.bmj.com/content/bmjopen/4/2/e004015.full.pdf,"OBJECTIVES: To report on the causes of blindness certifications in England and Wales in working age adults (16-64 years) in 2009-2010; and to compare these with figures from 1999 to 2000. DESIGN: Analysis of the national database of blindness certificates of vision impairment (CVIs) received by the Certifications Office. SETTING AND PARTICIPANTS: Working age (16-64 years) population of England and Wales. MAIN OUTCOME MEASURES: Number and cause of blindness certifications. RESULTS: The Certifications Office received 1756 CVIs for blindness from persons aged between 16 and 64 inclusive between 1 April 2009 and 31 March 2010. The main causes of blindness certifications were hereditary retinal disorders (354 certifications comprising 20.2% of the total), diabetic retinopathy/maculopathy (253 persons, 14.4%) and optic atrophy (248 persons, 14.1%). Together, these three leading causes accounted for almost 50% of all blindness certifications. Between 1 April 1999 and 31 March 2000, the leading causes of blindness certification were diabetic retinopathy/maculopathy (17.7%), hereditary retinal disorders (15.8%) and optic atrophy (10.1%). CONCLUSIONS: For the first time in at least five decades, diabetic retinopathy/maculopathy is no longer the leading cause of certifiable blindness among working age adults in England and Wales, having been overtaken by inherited retinal disorders. This change may be related to factors including the introduction of nationwide diabetic retinopathy screening programmes in England and Wales and improved glycaemic control. Inherited retinal disease, now representing the commonest cause of certification in the working age population, has clinical and research implications, including with respect to the provision of care/resources in the NHS and the allocation of research funding.",openalex,openalex:equidade_qualidade_controle:equidade_qualidade_controle_3,0.0,CONCLUIDA,10.0,REVISAR_HUMANO,72.0,Benefícios por incapacidade e avaliação médico-pericial,"Estudos que analisem benefícios por incapacidade, afastamento por doença, seguro por incapacidade, certificação médica ou avaliação médico-pericial.",,"Analisa banco nacional de certificados de deficiência visual/impairment e causas de certificações. Há aderência parcial pelo eixo de certificação médica e uso de base administrativa, embora não trate explicitamente de benefícios por incapacidade nem de fluxo entre modalidades de avaliação.",PENDENTE,,,NAO_INICIADO,,PENDENTE,,,,,,,,
semantic_scholar:dc573335c8d5fb7b48c3eae3c2d2c29918988702,Making virtual health care accessible to the deaf community: Findings from the telehealth survey,Ashley Mussallem; T. Panko; Jessica Contreras; M. Plegue; W. Dannels; Gretchen Roman; P. Hauser; Michael McKee,2022,Journal of Telemedicine and Telecare,10.1177/1357633x221074863,https://www.semanticscholar.org/paper/dc573335c8d5fb7b48c3eae3c2d2c29918988702,,"Introduction To reduce COVID-19 exposure risk, virtual visits became widely adopted as a common form of healthcare delivery for the general population. It is unknown how this affected the deaf population, a sociolinguistic minority group that continues to face communication and healthcare barriers. The survey's objective was to describe the deaf participants’ experiences with telehealth visits. Methods A 28-item online survey, available in American Sign Language and English, was developed and disseminated between November 2020 and January 2021. Ninety-nine deaf participants responded. Descriptive statistics were performed to assess the participant's virtual health care use, experiences, and communication approaches. Results Seventy-five percent of respondents used telehealth at least once in the past 12 months (n = 74; age = 37.6 ± 14.5 years). Of those who used telehealth, nearly two-thirds experienced communication challenges (65.3%; n = 49). Half of the participants reported having to connect via a video relay service that employs interpreters who maintain general certification instead of a remote interpreter with specialized health care interpreting certifications for video visits with their health care providers (n = 37) and a third of participants reported needing to use their residual hearing to communicate with their providers (n = 25). Conclusion Standard protocols for health care systems and providers are needed to minimize the burden of access on deaf patients and ensure virtual visits are equitable. It is recommended these visits be offered on Health Insurance Portability and Accountability Act-compliant platforms and include multi-way video to allow for the inclusion of remote medical interpreters and/or real-time captionists to ensure effective communication between the provider and the deaf patient occurs.",semantic_scholar,semantic_scholar:telepericia_avaliacao_remota:telepericia_avaliacao_remota_3,0.0,CONCLUIDA,10.0,REVISAR_HUMANO,72.0,"Equidade territorial, qualidade e controle","Estudos que discutam acesso territorial, equidade, barreiras geográficas, inclusão de populações remotas ou desigualdades de acesso à avaliação médico-pericial; Estudos que examinem telemedicina aplicada à avaliação remota",,"Estudo empírico sobre acessibilidade da atenção virtual para população surda, com foco em barreiras de comunicação e certificação de intérpretes. Não é sobre incapacidade, mas pode oferecer evidência útil sobre equidade de acesso e riscos operacionais em avaliações remotas.",PENDENTE,,,NAO_INICIADO,,PENDENTE,,,,,,,,
openalex:https://openalex.org/W2157037004,Pediatric complex chronic conditions classification system version 2: updated for ICD-10 and complex medical technology dependence and transplantation,Chris Feudtner; James A. Feinstein; Wenjun Zhong; Matt Hall; Dingwei Dai,2014,BMC Pediatrics,10.1186/1471-2431-14-199,https://doi.org/10.1186/1471-2431-14-199,https://bmcpediatr.biomedcentral.com/counter/pdf/10.1186/1471-2431-14-199,"BACKGROUND: The pediatric complex chronic conditions (CCC) classification system, developed in 2000, requires revision to accommodate the International Classification of Disease 10th Revision (ICD-10). To update the CCC classification system, we incorporated ICD-9 diagnostic codes that had been either omitted or incorrectly specified in the original system, and then translated between ICD-9 and ICD-10 using General Equivalence Mappings (GEMs). We further reviewed all codes in the ICD-9 and ICD-10 systems to include both diagnostic and procedural codes indicative of technology dependence or organ transplantation. We applied the provisional CCC version 2 (v2) system to death certificate information and 2 databases of health utilization, reviewed the resulting CCC classifications, and corrected any misclassifications. Finally, we evaluated performance of the CCC v2 system by assessing: 1) the stability of the system between ICD-9 and ICD-10 codes using data which included both ICD-9 codes and ICD-10 codes; 2) the year-to-year stability before and after ICD-10 implementation; and 3) the proportions of patients classified as having a CCC in both the v1 and v2 systems. RESULTS: The CCC v2 classification system consists of diagnostic and procedural codes that incorporate a new neonatal CCC category as well as domains of complexity arising from technology dependence or organ transplantation. CCC v2 demonstrated close comparability between ICD-9 and ICD-10 and did not detect significant discontinuity in temporal trends of death in the United States. Compared to the original system, CCC v2 resulted in a 1.0% absolute (10% relative) increase in the number of patients identified as having a CCC in national hospitalization dataset, and a 0.4% absolute (24% relative) increase in a national emergency department dataset. CONCLUSIONS: The updated CCC v2 system is comprehensive and multidimensional, and provides a necessary update to accommodate widespread implementation of ICD-10.",openalex,openalex:equidade_qualidade_controle:equidade_qualidade_controle_3,0.0,CONCLUIDA,8.0,REVISAR_HUMANO,63.0,Análise documental e elegibilidade,"Estudos que abordem triagem documental, elegibilidade, análise de documentos médicos, validação de atestados ou processos de decisão sobre incapacidade.",,"Atualiza sistema de classificação baseado em CID-10 e códigos diagnósticos/procedimentais, com potencial utilidade indireta para triagem documental e categorização de condições médicas. Porém o resumo não menciona incapacidade, benefícios, certificação ou avaliação pericial; aderência é apenas instrumental.",PENDENTE,,,NAO_INICIADO,,PENDENTE,,,,,,,,
openalex:https://openalex.org/W2026832271,Evaluation of medical audit.,M. B. Robinson,1994,Journal of Epidemiology & Community Health,10.1136/jech.48.5.435,https://doi.org/10.1136/jech.48.5.435,https://jech.bmj.com/content/jech/48/5/435.full.pdf,"OBJECTIVE: To review current knowledge of the effectiveness of medical audit programmes as a whole and of specific interventions within these programmes, as a means of changing clinical behaviour. CRITERIA FOR INCLUSION AND EXCLUSION OF PUBLISHED REPORTS: Articles listed on Medline from 1985-92 with key words ""quality assurance"" or ""medical audit"", and ""evaluation"" and relevant references from these articles, and from recently published reviews and reports on medical audit, were included. Excluded were simple descriptions of audit activity, replications of previous work, and publication in a language other than English. RESULTS: Evaluation of entire programmes of medical audit is unusual. Most reports concern specific interventions and focus particularly on the scientific and technical aspects of quality. These interventions may be classified by the means through which they attempt to achieve desired changes: patient characteristics; physician characteristics; administrative and organisational structures; and financial incentives. CONCLUSIONS: Knowledge about effective methods of bringing about specific changes in clinical behaviour is rudimentary. Impact is highly dependent on local factors, so generalisation of results to other settings is difficult. More qualitative research is needed to define the local factors which influence results.",openalex,openalex:equidade_qualidade_controle:equidade_qualidade_controle_3,0.0,CONCLUIDA,7.0,REVISAR_HUMANO,66.0,"Equidade territorial, qualidade e controle","Estudos que tratem de qualidade decisória, confiabilidade, auditoria, controle, integridade, prevenção de fraude, revisão de decisões ou riscos associados à avaliação remota ou documental.",,"Revisão sobre efetividade de programas de auditoria médica e intervenções para mudar comportamento clínico. Pode informar mecanismos de controle e auditoria, mas não há menção a incapacidade, certificação, elegibilidade ou serviços periciais.",PENDENTE,,,NAO_INICIADO,,PENDENTE,,,,,,,,
openalex:https://openalex.org/W2133393736,Principles for allocation of scarce medical interventions,Govind Persad; Alan Wertheimer; Ezekiel Emanuel,2009,The Lancet,10.1016/s0140-6736(09)60137-9,https://doi.org/10.1016/s0140-6736(09)60137-9,https://philpapers.org/archive/PERPFA-2.pdf,,openalex,openalex:capacidade_filas_alocacao:capacidade_filas_alocacao_3,0.0,CONCLUIDA,5.0,REVISAR_HUMANO,55.0,"Capacidade, filas e alocação de serviços","Estudos que analisem capacidade operacional, filas, tempo de espera, produtividade, priorização de casos, alocação de profissionais ou gestão de demanda em serviços periciais ou sistemas de benefícios.",Textos sem relação substantiva com a pergunta de pesquisa ou com ao menos um eixo da matriz analítica.,"Título sugere princípios gerais para alocação de intervenções médicas escassas, potencialmente útil como referência conceitual de priorização/alocação, mas sem resumo e sem indicação explícita de incapacidade, perícia ou benefícios. Aderência apenas indireta.",PENDENTE,,,NAO_INICIADO,,PENDENTE,,,,,,,,
semantic_scholar:30929a39a7374bd32fec20710d14f7c3ef60ff13,"An evaluation of the discriminant and predictive validity of relative social disadvantage as screening criteria for priority access to public general dental care, in Australia",K. Jones,2014,BMC Health Services Research,10.1186/1472-6963-14-106,https://www.semanticscholar.org/paper/30929a39a7374bd32fec20710d14f7c3ef60ff13,https://bmchealthservres.biomedcentral.com/counter/pdf/10.1186/1472-6963-14-106,"BackgroundMost public dental care services provide preventive, general dental care on a chronological, first come – first served basis. There is concern about lack of transparency, equity and timeliness in access to public dental services across Australia. Using social determinants as screening criteria is a novel approach to triage in dental care and is relatively untested in the literature. The research evaluated the discriminant and predictive validity of relative social disadvantage in prioritising access to public general dental care.MethodsA consecutive sample of 615 adults seeking general dental care was selected. The validation measure used was clinical assessment of priority. Nine indicators of relative social disadvantage (RSD) were collected: Indigenous status; intellectual disability; physical disability; wheelchair usage; dwelling conditions; serious medical condition; serious medical condition and taking regular medication; hospitalised within 12 months; and, regular medical visits. At the first dental visit, dentists rated care as a priority if treatment was required ≤6 months (PriorityTx) and otherwise non-priority (non-PriorityTx). A standardised dental examination was conducted. Sensitivity, specificity, positive and negative predictive value and area under the ROC curve analyses of 1+ of RSD in predicting clinical priority were calculated.ResultsIn bivariate analyses, one or more indicators of relative social disadvantage status were significantly associated with PriorityTx (P < 0.001; χ2). In multivariate analyses, one or more indicators of relative social disadvantage persisted as an independent predictor of PriorityTx (OR 3.8, 95% CI = 2.6-5.6). Compared with clinicians’ classification of PriorityTx, one or more indicators of relative social disadvantage had a sensitivity of 77.1%, and specificity of 53.3%, together with a positive predictive value of 81.9% and negative predictive value of 46.0%. ROC curve analysis supported one or more indicators of relative social disadvantage as a predictor of greater priority for access to general dental care (0.66).ConclusionsConsiderable heterogeneity exists among persons seeking public general dental care in New South Wales. RSD performs as a valid predictor of priority for access to treatment and acts as valid screening criteria for triaging priority access to treatment. Such indicators may address issues of inequality in access to general public oral health services.",semantic_scholar,semantic_scholar:equidade_qualidade_controle:equidade_qualidade_controle_1,0.0,CONCLUIDA,4.0,REVISAR_HUMANO,78.0,"Capacidade, filas e alocação de serviços","Examina critérios de triagem/priorização, acesso, transparência, equidade e tempo de espera em serviço público.","Contexto é cuidado odontológico público, não avaliação de incapacidade ou benefícios.","Embora fora do campo pericial, o estudo aborda diretamente critérios auditáveis de priorização e acesso em filas de serviço público, podendo ter utilidade conceitual para desenho de fluxo.",PENDENTE,,,NAO_INICIADO,,PENDENTE,,,,,,,,
semantic_scholar:b5089a633ee75eb08bfe9603cf8afc7d69360fdc,Workplace accommodation and audit-based evaluation process for compliance with the Employment Equity Act: inclusionary practices that exclude—an institutional ethnography,J. Deveau,2011,,10.29173/cjs10479,https://www.semanticscholar.org/paper/b5089a633ee75eb08bfe9603cf8afc7d69360fdc,https://journals.library.ualberta.ca/cjs/index.php/CJS/article/download/10479/9018,"Matt kept the operable window in his office open all the time because he needed unlimited access to fresh air. This was terminated after a Heating, Ventilation, and Air Conditioning system was installed in his Government of Canada office building. After Matt’s access to fresh air became mechanically controlled through extra-locally developed air quality standards, the workplace became a barrier for him. Matt was deemed to suffer from a disability known as environmental sensitivity because he became ill every time he spent more than 45 minutes inside his office building. Yet, according to a textually-mediated assessment of Matt’s workplace performed by a Compliance Review Officer from the Canadian Human Rights Commission, his workplace was barrier-free. Using Dorothy E. Smith’s institutional ethnography, this paper explicates how the social organization of workplace accommodation and compliance—processes that were developed to promote inclusion—are exclusionary.",semantic_scholar,semantic_scholar:equidade_qualidade_controle:equidade_qualidade_controle_1,0.0,CONCLUIDA,3.0,REVISAR_HUMANO,74.0,"Equidade territorial, qualidade e controle","Aborda processo de avaliação baseado em auditoria, compliance, barreiras institucionais e exclusão relacionada à deficiência.",Não trata claramente de benefícios por incapacidade ou avaliação médico-pericial; foco parece ser acomodação no trabalho.,"Há aderência parcial por discutir avaliação documental/auditável e controle institucional envolvendo deficiência, mas o contexto principal é acomodação laboral e conformidade com legislação de equidade, não benefícios por incapacidade.",PENDENTE,,,NAO_INICIADO,,PENDENTE,,,,,,,,
semantic_scholar:40e5e8364c475049f43302aeb0174cd95d632c7c,[Interrater reliability of expert assessment by the health insurance medical service in determining eligibility for disability benefits].,U. Kliebsch; H. Brenner,1995,Das Gesundheitswesen,,https://www.semanticscholar.org/paper/40e5e8364c475049f43302aeb0174cd95d632c7c,,,semantic_scholar,semantic_scholar:beneficios_incapacidade_avaliacao_medico_pericial:beneficios_incapacidade_avaliacao_medico_pericial_1,0.0,CONCLUIDA,82.0,INCERTO_METADADOS,68.0,"Equidade territorial, qualidade e controle",Título indica confiabilidade interavaliadores na determinação de elegibilidade para benefícios por incapacidade.,"Resumo ausente; metadados insuficientes para confirmar desenho, contexto e utilidade operacional.","Pelo título, parece altamente pertinente ao eixo de qualidade decisória e controle em avaliação de elegibilidade para benefícios por incapacidade. A falta de resumo impede aferição mais segura.",PENDENTE,,,NAO_INICIADO,,PENDENTE,,,,,,,,
semantic_scholar:727824cedac29030813a50ccdfe6d0f272e700c4,The medical assessment of incapacity and disability benefits,J. Bourn,2001,,,https://www.semanticscholar.org/paper/727824cedac29030813a50ccdfe6d0f272e700c4,,,semantic_scholar,semantic_scholar:beneficios_incapacidade_avaliacao_medico_pericial:beneficios_incapacidade_avaliacao_medico_pericial_1,0.0,CONCLUIDA,78.0,INCERTO_METADADOS,63.0,Benefícios por incapacidade e avaliação médico-pericial,Título indica avaliação médica de benefícios por incapacidade e invalidez.,"Resumo ausente, metadados insuficientes para confirmar foco analítico e tipo de evidência.","O título é fortemente aderente ao tema da revisão, mas a ausência de resumo e periódico impede verificar se o texto trata de processo decisório, elegibilidade, controle ou organização do fluxo.",PENDENTE,,,NAO_INICIADO,,PENDENTE,,,,,,,,
semantic_scholar:57548d8081fa067d479c62d4864e375979eeafc0,[Comparison of the first medical assessment for rehabilitation benefits and disability pension in Iceland September 1st 1999 to November 30th 2003.].,S. Thorlacius; S. Stefánsson; H. Baldursson; H. Jóhannsson,2004,Icelandic Medical Journal,,https://www.semanticscholar.org/paper/57548d8081fa067d479c62d4864e375979eeafc0,,,semantic_scholar,semantic_scholar:beneficios_incapacidade_avaliacao_medico_pericial:beneficios_incapacidade_avaliacao_medico_pericial_1,0.0,CONCLUIDA,60.0,INCERTO_METADADOS,61.0,Benefícios por incapacidade e avaliação médico-pericial,Título sugere comparação de primeira avaliação médica para benefícios de reabilitação e pensão por invalidez.,Resumo ausente; idioma e metadados limitados; insuficiente para confirmar contribuição substantiva.,"O título parece diretamente relacionado à avaliação inicial para benefícios por incapacidade, mas sem resumo não é possível saber se analisa critérios, fluxo, elegibilidade ou apenas perfil descritivo.",PENDENTE,,,NAO_INICIADO,,PENDENTE,,,,,,,,
semantic_scholar:f1e4da475ca26be3114abacfbfdc75a776aa17c1,[Medical certification standards in the evaluation of inability to work].,T. Kaczmarek; J. Marcinkowski,2007,Archives of Forensic Medicine and Criminology,,https://www.semanticscholar.org/paper/f1e4da475ca26be3114abacfbfdc75a776aa17c1,,,pubmed; semantic_scholar,pubmed:beneficios_incapacidade_avaliacao_medico_pericial:beneficios_incapacidade_avaliacao_medico_pericial_3; semantic_scholar:beneficios_incapacidade_avaliacao_medico_pericial:beneficios_incapacidade_avaliacao_medico_pericial_3,0.0,CONCLUIDA,57.0,INCERTO_METADADOS,64.0,"Equidade territorial, qualidade e controle","Título sugere padrões de certificação médica na avaliação de incapacidade para o trabalho, potencialmente relevante para qualidade decisória e auditabilidade.","Resumo ausente; não é possível verificar se é estudo empírico, revisão ou opinião.","A noção de standards de certificação é pertinente ao controle e consistência decisória. Ainda assim, faltam elementos para saber se o texto oferece evidência aplicável ao fluxo pericial.",PENDENTE,,,NAO_INICIADO,,PENDENTE,,,,,,,,
crossref:10.1057/9781137314277.0017,Fit for Purpose? Lessons for Policies to Address the Disability Benefits âCrisisâ,Houston; Lindsay,,"Disability Benefits, Welfare Reform and Employment Policy",10.1057/9781137314277.0017,https://doi.org/10.1057/9781137314277.0017,,,crossref,crossref:beneficios_incapacidade_avaliacao_medico_pericial:beneficios_incapacidade_avaliacao_medico_pericial_1,0.0,CONCLUIDA,55.0,INCERTO_METADADOS,66.0,"Equidade territorial, qualidade e controle","Título sugere lições de política para enfrentar crise dos disability benefits, potencialmente relevante para desenho institucional e gestão do sistema.","Sem resumo; não é possível confirmar se aborda avaliação médico-pericial, triagem documental, filas, acesso territorial ou controle.","O foco em políticas para disability benefits pode ser útil para contexto e alternativas institucionais, mas a ausência de resumo impede verificar contribuição direta aos eixos operacionais da revisão.",PENDENTE,,,NAO_INICIADO,,PENDENTE,,,,,,,,
semantic_scholar:b1c923f96288a77d1e34b48c322908657f224fd5,Implementing a return-to-work strategy in the Belgian Disability Benefits Insurance Scheme,François Perl,2014,International Journal of Disability Management,10.1017/idm.2014.68,https://www.semanticscholar.org/paper/b1c923f96288a77d1e34b48c322908657f224fd5,https://doi.org/10.1017/idm.2014.68,,semantic_scholar,semantic_scholar:beneficios_incapacidade_avaliacao_medico_pericial:beneficios_incapacidade_avaliacao_medico_pericial_1,0.0,CONCLUIDA,55.0,INCERTO_METADADOS,58.0,"Capacidade, filas e alocação de serviços",Título sugere estratégia institucional no esquema de seguro de benefícios por incapacidade.,"Resumo ausente; pode focar retorno ao trabalho sem tratar de avaliação pericial, triagem ou fluxo de requerimentos.","Há pertinência potencial por tratar de esquema de benefícios por incapacidade na Bélgica e implementação de estratégia institucional, mas faltam elementos para saber se contribui ao redesenho do fluxo pericial.",PENDENTE,,,NAO_INICIADO,,PENDENTE,,,,,,,,
semantic_scholar:eb6c2f16b81e392a6961a46cc10303bd6d1bb9c9,[The examination of work disability certification by the Health Insurance Medical Service].,F. Vetter,1999,Deutsche Medizinische Wochenschrift,,https://www.semanticscholar.org/paper/eb6c2f16b81e392a6961a46cc10303bd6d1bb9c9,,,semantic_scholar,semantic_scholar:beneficios_incapacidade_avaliacao_medico_pericial:beneficios_incapacidade_avaliacao_medico_pericial_3,0.0,CONCLUIDA,52.0,INCERTO_METADADOS,61.0,Benefícios por incapacidade e avaliação médico-pericial,Título sugere exame da certificação de incapacidade laboral por serviço médico do seguro de saúde.,"Sem resumo; insuficiente para confirmar se há análise institucional, dados ou discussão útil para redesenho de fluxo.","O título aponta para avaliação do processo de certificação por serviço médico segurador, potencialmente relevante. Contudo, a ausência de resumo impede confirmar escopo, método e aderência prática.",PENDENTE,,,NAO_INICIADO,,PENDENTE,,,,,,,,
pubmed:5117076,Psychiatric assessment from documentary evidence.,Shaffer JW; Nussbaum K; Lewis SM,1971,Comprehensive psychiatry,10.1016/0010-440x(71)90039-3,https://pubmed.ncbi.nlm.nih.gov/5117076/,,,pubmed,pubmed:analise_documental_elegibilidade:analise_documental_elegibilidade_1,0.0,CONCLUIDA,52.0,INCERTO_METADADOS,55.0,Análise documental e elegibilidade,"Estudos que abordem triagem documental, elegibilidade, análise de documentos médicos, validação de atestados ou processos de decisão sobre incapacidade.",,"Título menciona avaliação psiquiátrica a partir de evidência documental, o que pode dialogar com análise documental. Porém, sem resumo, não é possível saber se se trata de contexto pericial, incapacidade, certificação ou apenas prática clínica/forense diversa.",PENDENTE,,,NAO_INICIADO,,PENDENTE,,,,,,,,
crossref:10.1057/9781137314277.0006,Disability Benefits in the UK,Beatty; Fothergill,,"Disability Benefits, Welfare Reform and Employment Policy",10.1057/9781137314277.0006,https://doi.org/10.1057/9781137314277.0006,,,crossref,crossref:analise_documental_elegibilidade:analise_documental_elegibilidade_2; crossref:beneficios_incapacidade_avaliacao_medico_pericial:beneficios_incapacidade_avaliacao_medico_pericial_1; crossref:capacidade_filas_alocacao:capacidade_filas_alocacao_1,0.0,CONCLUIDA,45.0,INCERTO_METADADOS,60.0,Benefícios por incapacidade e avaliação médico-pericial,Capítulo sobre disability benefits no Reino Unido pode trazer arranjos institucionais e políticas úteis para comparação internacional.,"Sem resumo; título genérico não confirma abordagem de avaliação pericial, triagem documental, teleperícia, filas ou controle.","Pode ser relevante como contexto de política pública comparada, mas os metadados são insuficientes para verificar contribuição direta ao redesenho do fluxo de análise de requerimentos por incapacidade.",PENDENTE,,,NAO_INICIADO,,PENDENTE,,,,,,,,
pubmed:26552320,"[What Psychiatrists Should Know about the Medical Documentation They Issue: Admission for Medical Care and Protection, Medical Treatment for Persons with Disabilities, Mental Health Disability Certification, etc].",Yamasaki M,2015,Seishin shinkeigaku zasshi = Psychiatria et neurologia Japonica,,https://pubmed.ncbi.nlm.nih.gov/26552320/,,,pubmed,pubmed:beneficios_incapacidade_avaliacao_medico_pericial:beneficios_incapacidade_avaliacao_medico_pericial_3,0.0,CONCLUIDA,42.0,INCERTO_METADADOS,46.0,Análise documental e elegibilidade,"Estudos que abordem triagem documental, elegibilidade, análise de documentos médicos, validação de atestados ou processos de decisão sobre incapacidade.","Publicações em idioma diferente de português, inglês ou espanhol quando não houver informação suficiente para avaliação confiável.","O título sugere orientação sobre documentação médica emitida por psiquiatras, incluindo certificação de deficiência em saúde mental. Pode ser pertinente ao eixo documental, mas o idioma e a ausência de resumo impedem avaliação segura do tipo de evidência.",PENDENTE,,,NAO_INICIADO,,PENDENTE,,,,,,,,
semantic_scholar:b48501826399c510001f06ed19ad7e2b0d86048b,[Medical certification of work and occupational disability].,C. Schuler,1990,Der Orthopade,,https://www.semanticscholar.org/paper/b48501826399c510001f06ed19ad7e2b0d86048b,,,pubmed; semantic_scholar,pubmed:beneficios_incapacidade_avaliacao_medico_pericial:beneficios_incapacidade_avaliacao_medico_pericial_3; semantic_scholar:beneficios_incapacidade_avaliacao_medico_pericial:beneficios_incapacidade_avaliacao_medico_pericial_3,0.0,CONCLUIDA,40.0,INCERTO_METADADOS,55.0,Benefícios por incapacidade e avaliação médico-pericial,Título sugere discussão sobre certificação médica de incapacidade laboral e ocupacional.,Resumo ausente; pode ser texto conceitual ou clínico sem contribuição operacional verificável.,"Há aderência temática pelo título, mas os metadados não permitem distinguir entre revisão útil, comentário conceitual ou texto clínico sem relação com fluxo, elegibilidade ou gestão.",PENDENTE,,,NAO_INICIADO,,PENDENTE,,,,,,,,
semantic_scholar:285a7a200cfdcd5793050acaf2fb806e8575addf,Determination of Disability,D. Walega,2011,,10.1016/b978-1-4377-2242-0.00019-5,https://www.semanticscholar.org/paper/285a7a200cfdcd5793050acaf2fb806e8575addf,,,semantic_scholar,semantic_scholar:beneficios_incapacidade_avaliacao_medico_pericial:beneficios_incapacidade_avaliacao_medico_pericial_3,0.0,CONCLUIDA,40.0,INCERTO_METADADOS,46.0,Benefícios por incapacidade e avaliação médico-pericial,Título sugere relação direta com determinação de incapacidade.,"Ausência de resumo e de contexto impede verificar se é estudo empírico, revisão útil ou texto opinativo/genérico.","Apesar do título fortemente alinhado ao tema de incapacidade, os metadados são insuficientes para saber se aborda processos decisórios, elegibilidade, modalidades de avaliação ou gestão operacional.",PENDENTE,,,NAO_INICIADO,,PENDENTE,,,,,,,,
crossref:10.3138/9781487575458-005,4. Disability benefits,,1989,Disability Insurance and Public Policy,10.3138/9781487575458-005,https://doi.org/10.3138/9781487575458-005,,,crossref,crossref:analise_documental_elegibilidade:analise_documental_elegibilidade_2; crossref:beneficios_incapacidade_avaliacao_medico_pericial:beneficios_incapacidade_avaliacao_medico_pericial_1; crossref:capacidade_filas_alocacao:capacidade_filas_alocacao_1,0.0,CONCLUIDA,35.0,INCERTO_METADADOS,58.0,Benefícios por incapacidade e avaliação médico-pericial,Capítulo sobre disability benefits em obra de política pública pode conter análise institucional relevante.,"Título genérico e ausência de resumo impedem confirmar foco em avaliação pericial, triagem, capacidade operacional ou controle.","Pode oferecer contexto de política de seguro por incapacidade, mas os metadados não permitem verificar aderência específica à pergunta sobre desenho de fluxo entre modalidades de avaliação.",PENDENTE,,,NAO_INICIADO,,PENDENTE,,,,,,,,
crossref:10.21589/ajlaw.2016.9.4.207,Extinctive prescription of disability benefits resulted from the first medical care conclusion and disability benefits after additional medical care,woonhee whang,2016,Ajou Law Review,10.21589/ajlaw.2016.9.4.207,https://doi.org/10.21589/ajlaw.2016.9.4.207,https://doi.org/10.21589/ajlaw.2016.9.4.207,,crossref,crossref:analise_documental_elegibilidade:analise_documental_elegibilidade_2; crossref:beneficios_incapacidade_avaliacao_medico_pericial:beneficios_incapacidade_avaliacao_medico_pericial_1,0.0,CONCLUIDA,35.0,INCERTO_METADADOS,58.0,Benefícios por incapacidade e avaliação médico-pericial,"Título sugere relação com benefícios por incapacidade e conclusão de atendimento médico, potencialmente ligado à decisão sobre elegibilidade.","Resumo ausente e periódico jurídico; não há informação suficiente para confirmar contribuição substantiva sobre fluxo pericial, triagem documental, teleperícia ou gestão operacional.","O título menciona disability benefits e conclusão de atendimento médico adicional, o que pode tangenciar decisão administrativa sobre incapacidade. Porém, sem resumo, aparenta foco jurídico em prescrição/extinção de direito, insuficiente para aferir aderência à pergunta da revisão.",PENDENTE,,,NAO_INICIADO,,PENDENTE,,,,,,,,
semantic_scholar:adb868ec2cd526344d895983f3c705201f1e7a6d,[Medical assessment of occupational disability (preparation of a list of occupational diseases with the colaboration of scientific societies)].,E. Jardón-Dato,2000,Revista de neurología (Ed. impresa),10.33588/rn.3109.99513,https://www.semanticscholar.org/paper/adb868ec2cd526344d895983f3c705201f1e7a6d,,,semantic_scholar,semantic_scholar:beneficios_incapacidade_avaliacao_medico_pericial:beneficios_incapacidade_avaliacao_medico_pericial_1,0.0,CONCLUIDA,35.0,INCERTO_METADADOS,55.0,Benefícios por incapacidade e avaliação médico-pericial,Título menciona avaliação médica de incapacidade ocupacional.,"Resumo ausente; pode tratar apenas de lista de doenças ocupacionais, sem foco em benefícios, fluxo ou decisão pericial.","Há aderência temática parcial pelo foco em avaliação médica de incapacidade ocupacional, mas o subtítulo sugere elaboração de lista de doenças ocupacionais. Sem resumo, a utilidade para a pergunta é incerta.",PENDENTE,,,NAO_INICIADO,,PENDENTE,,,,,,,,
semantic_scholar:cc1125440d4175c31cc88192e537b196e33b94c8,LongitudinaL Patterns of ParticiPation in the sociaL security disabiLity insurance and suPPLementaL security income Programs for PeoPLe with disabiLities,K. Rupp; Gerald F. Riley,2011,,,https://www.semanticscholar.org/paper/cc1125440d4175c31cc88192e537b196e33b94c8,,,semantic_scholar,semantic_scholar:capacidade_filas_alocacao:capacidade_filas_alocacao_1,0.0,CONCLUIDA,35.0,INCERTO_METADADOS,52.0,Benefícios por incapacidade e avaliação médico-pericial,Título sugere análise longitudinal de participação em programas SSDI/SSI para pessoas com deficiência.,"Sem resumo, não é possível verificar relação com avaliação médico-pericial, triagem, filas, acesso territorial ou controle.",Pode ser estudo de participação programática sem contribuição direta ao redesenho do fluxo pericial; metadados insuficientes para triagem mais segura.,PENDENTE,,,NAO_INICIADO,,PENDENTE,,,,,,,,
crossref:10.1201/9781315376684-5,Telehealth and Disability,Gott,2018,Telematics for Health,10.1201/9781315376684-5,https://doi.org/10.1201/9781315376684-5,,,crossref,crossref:telepericia_avaliacao_remota:telepericia_avaliacao_remota_2,0.0,CONCLUIDA,35.0,INCERTO_METADADOS,52.0,Teleperícia e avaliação remota,"Pode abordar telehealth relacionado à deficiência, acesso e barreiras para pessoas com deficiência.","Não há indicação explícita de avaliação pericial, benefícios por incapacidade, elegibilidade ou gestão de fluxos; resumo ausente.","O título sugere interface entre telehealth e disability, possivelmente relevante para acesso e equidade, mas os metadados não permitem confirmar utilidade para avaliação médico-pericial ou decisão administrativa.",PENDENTE,,,NAO_INICIADO,,PENDENTE,,,,,,,,
semantic_scholar:d48ed3eac2e97c126668c10b12b0ad9848bc13f4,Compensable clients and their ability to work,Peter Cotton,2015,,,https://www.semanticscholar.org/paper/d48ed3eac2e97c126668c10b12b0ad9848bc13f4,,,semantic_scholar,semantic_scholar:beneficios_incapacidade_avaliacao_medico_pericial:beneficios_incapacidade_avaliacao_medico_pericial_3,0.0,CONCLUIDA,35.0,INCERTO_METADADOS,49.0,Benefícios por incapacidade e avaliação médico-pericial,"Pode abordar capacidade laboral de clientes compensáveis, potencialmente ligada a seguro/benefícios por incapacidade.","Metadados insuficientes; não há resumo nem indicação clara de avaliação pericial, triagem documental ou gestão de filas.","O título sugere relação com capacidade para o trabalho em contexto compensatório, mas sem resumo não é possível aferir se trata de decisão administrativa, avaliação médico-pericial ou desenho de fluxo.",PENDENTE,,,NAO_INICIADO,,PENDENTE,,,,,,,,
pubmed:6878855,"[Respiratory handicap. Recognition, evaluation and social benefits].",Marsac J; Pujet JC,1983,Revue francaise des maladies respiratoires,,https://pubmed.ncbi.nlm.nih.gov/6878855/,,,pubmed,pubmed:beneficios_incapacidade_avaliacao_medico_pericial:beneficios_incapacidade_avaliacao_medico_pericial_2,0.0,CONCLUIDA,35.0,INCERTO_METADADOS,45.0,Benefícios por incapacidade e avaliação médico-pericial,"Estudos que analisem benefícios por incapacidade, afastamento por doença, seguro por incapacidade, certificação médica ou avaliação médico-pericial.","Publicações em idioma diferente de português, inglês ou espanhol quando não houver informação suficiente para avaliação confiável.","O título sugere reconhecimento, avaliação e benefícios sociais relacionados a incapacidade respiratória, o que pode ser pertinente. Contudo, o registro está em francês e sem resumo, limitando avaliação confiável da contribuição ao fluxo pericial.",PENDENTE,,,NAO_INICIADO,,PENDENTE,,,,,,,,
semantic_scholar:dfa05eabaf8bc2164f111562a2f5ed614830cd18,[Medical certification problems associated with the so-called social pension--the error underlying the notion of such a medical certifying solution].,T. Zyss; J. Boroń; R. Hese,2007,Archives of Forensic Medicine and Criminology,,https://www.semanticscholar.org/paper/dfa05eabaf8bc2164f111562a2f5ed614830cd18,,,semantic_scholar,semantic_scholar:beneficios_incapacidade_avaliacao_medico_pericial:beneficios_incapacidade_avaliacao_medico_pericial_3,0.0,CONCLUIDA,34.0,INCERTO_METADADOS,50.0,Benefícios por incapacidade e avaliação médico-pericial,Título sugere problemas de certificação médica associados a pensão social.,Resumo ausente; pode ser opinião ou debate jurídico-conceitual sem evidência útil para a pergunta.,"Há pertinência temática com certificação e pensão, mas a formulação do título sugere possível ensaio crítico. Sem resumo, não é possível verificar contribuição empírica ou institucional.",PENDENTE,,,NAO_INICIADO,,PENDENTE,,,,,,,,
crossref:10.1089/tmj.2006.9988,Telemedicine Technology Assessment Part II: Tools for a Quality Control System,Giansanti; Morelli; Macellari,2007,Telemedicine and e-Health,10.1089/tmj.2006.9988,https://doi.org/10.1089/tmj.2006.9988,,,crossref,crossref:telepericia_avaliacao_remota:telepericia_avaliacao_remota_2,0.0,CONCLUIDA,30.0,INCERTO_METADADOS,60.0,"Equidade territorial, qualidade e controle",Pode ser relevante ao discutir ferramentas para sistema de controle de qualidade em telemedicina.,"Sem resumo e sem indicação explícita de avaliação pericial, incapacidade ou benefícios.","O título sugere contribuição para qualidade e controle em telemedicina, eixo potencialmente útil à revisão, mas faltam elementos para verificar aderência ao contexto de avaliação médico-pericial.",PENDENTE,,,NAO_INICIADO,,PENDENTE,,,,,,,,
crossref:10.1007/978-3-031-16873-4_14,The Telemedicine Functional Assessment,Herrera; Beaufort; Wilkey,2023,Telemedicine for the Musculoskeletal Physical Exam,10.1007/978-3-031-16873-4_14,https://doi.org/10.1007/978-3-031-16873-4_14,,,crossref,crossref:telepericia_avaliacao_remota:telepericia_avaliacao_remota_2,0.0,CONCLUIDA,30.0,INCERTO_METADADOS,57.0,Teleperícia e avaliação remota,"Pode abordar avaliação funcional por telemedicina, potencialmente relacionada à mensuração de capacidade funcional.","Resumo ausente e sem indicação explícita de benefícios por incapacidade, certificação ou decisão pericial.","O título sugere avaliação funcional por telemedicina, tema potencialmente próximo à avaliação de capacidade, mas os metadados não permitem confirmar aderência ao contexto da revisão.",PENDENTE,,,NAO_INICIADO,,PENDENTE,,,,,,,,
openalex:https://openalex.org/W3046350683,The Telemedicine Musculoskeletal Examination,Edward R. Laskowski; Shelby E. Johnson; Randy A. Shelerud; Jason A. Lee; Amy E. Rabatin; Sherilyn W. Driscoll; Brittany J. Moore; Michael Wainberg; Carmen M. Terzic,2020,Mayo Clinic Proceedings,10.1016/j.mayocp.2020.05.026,https://doi.org/10.1016/j.mayocp.2020.05.026,http://www.mayoclinicproceedings.org/article/S0025619620305425/pdf,,openalex,openalex:telepericia_avaliacao_remota:telepericia_avaliacao_remota_2,0.0,CONCLUIDA,30.0,INCERTO_METADADOS,55.0,Teleperícia e avaliação remota,"Título sugere exame musculoesquelético por telemedicina, potencialmente relevante para avaliação remota.","Sem resumo; pode ser apenas orientação clínica assistencial sem relação com incapacidade, certificação ou perícia.","O título indica exame remoto, tema potencialmente próximo à teleavaliação. Contudo, a ausência de resumo impede verificar se há conexão com avaliação médico-pericial ou benefícios por incapacidade.",PENDENTE,,,NAO_INICIADO,,PENDENTE,,,,,,,,
crossref:10.1001/jama.1955.02960270037010,COMPULSORY CASH DISABILITY BENEFITS,,1955,Journal of the American Medical Association,10.1001/jama.1955.02960270037010,https://doi.org/10.1001/jama.1955.02960270037010,,,crossref,crossref:analise_documental_elegibilidade:analise_documental_elegibilidade_2; crossref:beneficios_incapacidade_avaliacao_medico_pericial:beneficios_incapacidade_avaliacao_medico_pericial_1,0.0,CONCLUIDA,30.0,INCERTO_METADADOS,52.0,Benefícios por incapacidade e avaliação médico-pericial,"Título indica tema de benefícios monetários por incapacidade, potencialmente relevante ao campo de benefícios por incapacidade.","Sem resumo; pode ser editorial, comentário ou discussão normativa/política sem análise empírica ou institucional verificável.","Há aderência temática ampla pelo assunto disability benefits, mas os metadados não permitem saber se o texto aborda avaliação médico-pericial, elegibilidade, filas, controle ou modalidades remotas. Necessita revisão humana.",PENDENTE,,,NAO_INICIADO,,PENDENTE,,,,,,,,
crossref:10.1001/jama.1955.02960160036008,COMPULSORY CASH DISABILITY BENEFITS,,1955,Journal of the American Medical Association,10.1001/jama.1955.02960160036008,https://doi.org/10.1001/jama.1955.02960160036008,,,crossref,crossref:analise_documental_elegibilidade:analise_documental_elegibilidade_2; crossref:beneficios_incapacidade_avaliacao_medico_pericial:beneficios_incapacidade_avaliacao_medico_pericial_1,0.0,CONCLUIDA,30.0,INCERTO_METADADOS,52.0,Benefícios por incapacidade e avaliação médico-pericial,"Título indica benefícios por incapacidade, tema central do escopo amplo da revisão.","Ausência de resumo e possível natureza opinativa/normativa; não há evidência de foco em processos de avaliação, triagem ou gestão de fluxo.","O registro parece muito semelhante ao anterior e pode tratar genericamente de disability benefits. Sem resumo ou detalhes adicionais, não é possível avaliar aderência específica aos eixos analíticos.",PENDENTE,,,NAO_INICIADO,,PENDENTE,,,,,,,,
semantic_scholar:1b826d922924433b721dd6eddd07985a75988921,"[The concept of disease and handicap in the National Insurance Act. Clinical features, epidemiology and medical ethical points of view].",P. Hartvig,1989,Tidsskrift for Den Norske Laegeforening,,https://www.semanticscholar.org/paper/1b826d922924433b721dd6eddd07985a75988921,,,semantic_scholar,semantic_scholar:beneficios_incapacidade_avaliacao_medico_pericial:beneficios_incapacidade_avaliacao_medico_pericial_3,0.0,CONCLUIDA,30.0,INCERTO_METADADOS,47.0,Benefícios por incapacidade e avaliação médico-pericial,"Título sugere discussão sobre doença e handicap no contexto de lei de seguro nacional, potencialmente relacionada a elegibilidade.","Resumo ausente; pode ser discussão clínica, epidemiológica ou ética sem foco em processos periciais ou gestão de fluxo.","Há possível pertinência normativa ao contexto de seguro nacional, mas os metadados não permitem confirmar relação com certificação, análise documental ou organização do serviço.",PENDENTE,,,NAO_INICIADO,,PENDENTE,,,,,,,,
semantic_scholar:ae14b71b461545f2d7fc4a6e20f0ad1b7a0f6659,[How frequent are cardiovascular diseases a cause of work absenteeism and of disability in Switzerland?].,R. Darioli; J. Perdrix,2007,Therapeutische Umschau. Revue thérapeutique,,https://www.semanticscholar.org/paper/ae14b71b461545f2d7fc4a6e20f0ad1b7a0f6659,,,semantic_scholar,semantic_scholar:beneficios_incapacidade_avaliacao_medico_pericial:beneficios_incapacidade_avaliacao_medico_pericial_3,0.0,CONCLUIDA,28.0,INCERTO_METADADOS,55.0,Benefícios por incapacidade e avaliação médico-pericial,Pode tratar de doenças cardiovasculares como causa de absenteísmo e incapacidade.,"Resumo ausente e título sugere foco epidemiológico em causas de absenteísmo/incapacidade, sem indicação de avaliação pericial, elegibilidade ou gestão de fluxo.","O título menciona absenteísmo laboral e incapacidade na Suíça, tema tangencialmente relacionado a benefícios por incapacidade, mas faltam resumo e detalhes para verificar contribuição substantiva à pergunta da revisão.",PENDENTE,,,NAO_INICIADO,,PENDENTE,,,,,,,,
semantic_scholar:746bbe20ab07a579fe4413b5b8a449f919ac9af1,Medicare costs prior to retirement for disabled-worker beneficiaries.,B. Bye; J. Dykacz; J. Hennessey; G. Riley,1991,Social security bulletin,,https://www.semanticscholar.org/paper/746bbe20ab07a579fe4413b5b8a449f919ac9af1,,,semantic_scholar,semantic_scholar:capacidade_filas_alocacao:capacidade_filas_alocacao_1,0.0,CONCLUIDA,28.0,INCERTO_METADADOS,49.0,Benefícios por incapacidade e avaliação médico-pericial,"Trata de beneficiários disabled-worker e custos antes da aposentadoria, no universo de benefícios por incapacidade.","Sem resumo, parece estudo de custos do Medicare, não de avaliação pericial, triagem ou gestão do fluxo.",A conexão com a pergunta de pesquisa é fraca e não confirmável pelos metadados disponíveis.,PENDENTE,,,NAO_INICIADO,,PENDENTE,,,,,,,,
semantic_scholar:95c184e865e7d641cdba3b48e1cbf2a486407c5d,Exposing the iceberg of unrecognized disability. The benefits of functional assessment of the elderly.,L. Rubenstein,1987,Archives of Internal Medicine,10.1001/archinte.1987.00370030023004,https://www.semanticscholar.org/paper/95c184e865e7d641cdba3b48e1cbf2a486407c5d,,,semantic_scholar,semantic_scholar:beneficios_incapacidade_avaliacao_medico_pericial:beneficios_incapacidade_avaliacao_medico_pericial_1,0.0,CONCLUIDA,28.0,INCERTO_METADADOS,42.0,Benefícios por incapacidade e avaliação médico-pericial,Título sugere avaliação funcional relacionada a deficiência em idosos.,"Resumo ausente e metadados insuficientes para verificar relação substantiva com benefícios por incapacidade, certificação ou fluxo pericial.","O título menciona avaliação funcional e deficiência não reconhecida, o que pode tangenciar elegibilidade ou identificação de incapacidade, mas sem resumo não é possível confirmar vínculo com certificação médica, benefícios ou gestão de requerimentos.",PENDENTE,,,NAO_INICIADO,,PENDENTE,,,,,,,,
semantic_scholar:dda9f861c640b80a732eeee382510ea0ca9589a0,[Ex post opinion on work disability in a payment decision case].,E. Meissner; M. Barzdo; Leszek Żydek; L. Markuszewski; S. Szram; J. Berent,2005,Archives of Forensic Medicine and Criminology,,https://www.semanticscholar.org/paper/dda9f861c640b80a732eeee382510ea0ca9589a0,,,semantic_scholar,semantic_scholar:beneficios_incapacidade_avaliacao_medico_pericial:beneficios_incapacidade_avaliacao_medico_pericial_3,0.0,CONCLUIDA,26.0,INCERTO_METADADOS,45.0,"Equidade territorial, qualidade e controle","Título sugere opinião ex post sobre incapacidade laboral em caso de decisão de pagamento, potencialmente ligado à revisão de decisões e controle.","Resumo ausente; não é possível confirmar se há dados, análise institucional ou apenas relato pericial pontual.","Pode tangenciar revisão de decisões e controle ex post, mas faltam informações para avaliar utilidade para o redesenho do fluxo de requerimentos.",PENDENTE,,,NAO_INICIADO,,PENDENTE,,,,,,,,
crossref:10.1089/tmr.2024.0066,Teleneuropsychology: Reliability and Acceptance in Memory Assessment,Varandas; Ribeiro,2024,Telemedicine Reports,10.1089/tmr.2024.0066,https://doi.org/10.1089/tmr.2024.0066,https://www.liebertpub.com/doi/pdf/10.1089/tmr.2024.0066?download=true,,crossref,crossref:telepericia_avaliacao_remota:telepericia_avaliacao_remota_2,0.0,CONCLUIDA,25.0,INCERTO_METADADOS,58.0,Teleperícia e avaliação remota,Pode tangenciar avaliação remota ao tratar de confiabilidade e aceitação de avaliação neuropsicológica por telemedicina.,"Não há indicação explícita de benefícios por incapacidade, certificação, elegibilidade ou fluxo pericial; resumo ausente.","O título sugere estudo de confiabilidade em avaliação remota, potencialmente útil para o eixo de avaliação remota, mas sem resumo não é possível verificar relação substantiva com avaliação médico-pericial ou incapacidade.",PENDENTE,,,NAO_INICIADO,,PENDENTE,,,,,,,,
crossref:10.1007/978-1-349-56632-7_9,Principles of Disability: Benefits and Underwriting,Locascio,2006,Brackenridge’s Medical Selection of Life Risks,10.1007/978-1-349-56632-7_9,https://doi.org/10.1007/978-1-349-56632-7_9,,,crossref,crossref:analise_documental_elegibilidade:analise_documental_elegibilidade_2; crossref:beneficios_incapacidade_avaliacao_medico_pericial:beneficios_incapacidade_avaliacao_medico_pericial_1,0.0,CONCLUIDA,25.0,INCERTO_METADADOS,55.0,Benefícios por incapacidade e avaliação médico-pericial,"Título sugere discussão de benefícios por incapacidade e underwriting, potencialmente relacionada a elegibilidade e certificação.","Pode tratar de seguros privados e subscrição atuarial, sem relação com avaliação médico-pericial em sistemas de benefícios ou gestão de fluxo.","Há possível utilidade conceitual sobre benefícios por incapacidade, mas o contexto de 'life risks' e 'underwriting' sugere foco securitário privado. Sem resumo, a aderência é incerta.",PENDENTE,,,NAO_INICIADO,,PENDENTE,,,,,,,,
crossref:10.1007/978-1-349-72324-9_9,Principles of Disability: Benefits and Underwriting,Locascio,2006,Brackenridge’s Medical Selection of Life Risks,10.1007/978-1-349-72324-9_9,https://doi.org/10.1007/978-1-349-72324-9_9,,,crossref,crossref:analise_documental_elegibilidade:analise_documental_elegibilidade_2; crossref:beneficios_incapacidade_avaliacao_medico_pericial:beneficios_incapacidade_avaliacao_medico_pericial_1,0.0,CONCLUIDA,25.0,INCERTO_METADADOS,55.0,Benefícios por incapacidade e avaliação médico-pericial,"Título sugere benefícios por incapacidade e underwriting, potencialmente ligados a critérios de elegibilidade.","Provável foco em seguros privados/subscrição, sem evidência de relação com perícia médica federal, triagem documental ou teleavaliação.",Metadados muito limitados e título semelhante ao registro anterior. Pode ser relevante apenas marginalmente; requer checagem humana se a revisão aceitar literatura de seguros privados comparáveis.,PENDENTE,,,NAO_INICIADO,,PENDENTE,,,,,,,,
semantic_scholar:21de9d0e29882f58da1b8fe6af04e71db2fbdb02,[Relation of morbidity from gastric and duodenal ulcers with work disability and dispensarization].,J. Zán; F. Šefrna; V. Vaverka,1990,Ceskoslovenske zdravotnictvi,,https://www.semanticscholar.org/paper/21de9d0e29882f58da1b8fe6af04e71db2fbdb02,,,pubmed; semantic_scholar,pubmed:analise_documental_elegibilidade:analise_documental_elegibilidade_3; semantic_scholar:analise_documental_elegibilidade:analise_documental_elegibilidade_3,0.0,CONCLUIDA,25.0,INCERTO_METADADOS,54.0,Benefícios por incapacidade e avaliação médico-pericial,"Estudos que analisem benefícios por incapacidade, afastamento por doença, seguro por incapacidade, certificação médica ou avaliação médico-pericial.","Registros sem título, resumo ou metadados suficientes para triagem humana.","O título sugere relação entre morbidade por úlcera e incapacidade para o trabalho, potencialmente pertinente ao eixo de afastamento/doença. Porém não há resumo e os metadados são insuficientes para verificar foco em benefícios, perícia ou processos decisórios.",PENDENTE,,,NAO_INICIADO,,PENDENTE,,,,,,,,
semantic_scholar:67327985517a42f15fcd6a661055419fc78b8021,Vertigo as the medical certification issue,Dariusz Kulma,2009,,,https://www.semanticscholar.org/paper/67327985517a42f15fcd6a661055419fc78b8021,,,semantic_scholar,semantic_scholar:beneficios_incapacidade_avaliacao_medico_pericial:beneficios_incapacidade_avaliacao_medico_pericial_3,0.0,CONCLUIDA,24.0,INCERTO_METADADOS,43.0,Benefícios por incapacidade e avaliação médico-pericial,Título sugere discussão de certificação médica relacionada a condição específica.,Sem resumo; pode ser discussão clínica de vertigem sem contribuição substantiva para processos periciais ou gestão de fluxos.,"A expressão medical certification issue sugere alguma relação com certificação, mas o foco em vertigem pode ser predominantemente clínico. Metadados insuficientes para triagem segura.",PENDENTE,,,NAO_INICIADO,,PENDENTE,,,,,,,,
semantic_scholar:a15f147daec11fc5d4b965a5ee0e55a094e96ec3,"Application of the International classification of functioning, disability and health in Taiwan: victory of the medical model",Yueh-Ching Chou; T. Kröger,2017,,10.1080/09687599.2017.1331836,https://www.semanticscholar.org/paper/a15f147daec11fc5d4b965a5ee0e55a094e96ec3,,,semantic_scholar,semantic_scholar:beneficios_incapacidade_avaliacao_medico_pericial:beneficios_incapacidade_avaliacao_medico_pericial_1,0.0,CONCLUIDA,22.0,INCERTO_METADADOS,39.0,Benefícios por incapacidade e avaliação médico-pericial,"Título sugere discussão sobre classificação de funcionalidade e deficiência, potencialmente relevante para avaliação de incapacidade.","Sem resumo e sem periódico; não é possível verificar relação com certificação, benefícios, fluxo decisório ou contexto pericial.","A aplicação da ICF pode ser relevante para avaliação de incapacidade, mas os metadados não permitem saber se o texto trata de política, certificação, elegibilidade ou apenas debate conceitual.",PENDENTE,,,NAO_INICIADO,,PENDENTE,,,,,,,,
pubmed:34033360,Disability Evaluation(Archived).,Scura D; Piazza VM,2026,,,https://pubmed.ncbi.nlm.nih.gov/34033360/,,,pubmed,pubmed:beneficios_incapacidade_avaliacao_medico_pericial:beneficios_incapacidade_avaliacao_medico_pericial_1,0.0,CONCLUIDA,20.0,INCERTO_METADADOS,90.0,Benefícios por incapacidade e avaliação médico-pericial,O título sugere relação com avaliação de incapacidade.,"Registros sem título, resumo ou metadados suficientes para triagem humana.","Embora o título mencione 'Disability Evaluation', os metadados são insuficientes e inconsistentes, incluindo ausência de periódico e ano futuro ('2026'), além da marca 'Archived'. Não é possível classificar com segurança a natureza e utilidade do registro.",PENDENTE,,,NAO_INICIADO,,PENDENTE,,,,,,,,
crossref:10.1007/978-3-031-90919-1_9-1,Disability Income: Underwriting and Benefits,Mocarski; Huppenbauer; McAllister,2026,Brackenridge's Medical Selection of Life Risks,10.1007/978-3-031-90919-1_9-1,https://doi.org/10.1007/978-3-031-90919-1_9-1,,,crossref,crossref:analise_documental_elegibilidade:analise_documental_elegibilidade_2; crossref:beneficios_incapacidade_avaliacao_medico_pericial:beneficios_incapacidade_avaliacao_medico_pericial_1,0.0,CONCLUIDA,20.0,INCERTO_METADADOS,57.0,Benefícios por incapacidade e avaliação médico-pericial,"Título sugere discussão de renda por incapacidade, underwriting e benefícios, potencialmente relacionada a critérios de elegibilidade.",Provável foco em seguros privados/subscrição; ano futuro e ausência de resumo reduzem confiabilidade e aderência aparente ao escopo da revisão.,"Pode conter conteúdo comparável sobre benefícios por incapacidade, mas os metadados são insuficientes e o enquadramento parece mais atuarial do que pericial-administrativo.",PENDENTE,,,NAO_INICIADO,,PENDENTE,,,,,,,,
crossref:10.31525/ct1-nct04266808,Interactive Telehealth for Wheelchair Users,Case Medical Research,2020,Case Medical Research,10.31525/ct1-nct04266808,https://doi.org/10.31525/ct1-nct04266808,https://doi.org/10.31525/ct1-nct04266808,,crossref,crossref:telepericia_avaliacao_remota:telepericia_avaliacao_remota_3,0.0,CONCLUIDA,20.0,INCERTO_METADADOS,55.0,"Equidade territorial, qualidade e controle","Pode envolver telehealth para usuários de cadeira de rodas, potencialmente relevante para acessibilidade e inclusão.","Metadados insuficientes; não há indicação explícita de avaliação de incapacidade, certificação, elegibilidade ou benefícios.","O título sugere intervenção de telehealth para população com deficiência física, possivelmente útil para acesso e barreiras, mas sem resumo não é possível aferir pertinência substantiva ao fluxo pericial.",PENDENTE,,,NAO_INICIADO,,PENDENTE,,,,,,,,
openalex:https://openalex.org/W3046994664,Assessment of Disparities in Digital Access Among Medicare Beneficiaries and Implications for Telemedicine,Eric T. Roberts; Ateev Mehrotra,2020,JAMA Internal Medicine,10.1001/jamainternmed.2020.2666,https://doi.org/10.1001/jamainternmed.2020.2666,https://jamanetwork.com/journals/jamainternalmedicine/articlepdf/2768771/jamainternal_roberts_2020_ld_200030_1601661032.12468.pdf,"quine from retail pharmacies, including an approximate additional 93 000 patients who received both hydroxychloroquine and azithromycin. First, evidence of efficacy in preventing or treating COVID-19 is limited. Treatment guidelines found insufficient clinical data to recommend for or against hydroxychloroquine or chloroquine use and recommend against combining either with azithromycin, except in clinical trials. 1 Second, because of reports of cardiac and other adverse events, the US Food and Drug Administration has cautioned against using hydroxychloroquine or chloroquine for COVID-19 outside of hospitalized settings or clinical trials. 5 If azithromycin is used with hydroxychloroquine or chloroquine, correcting electrolyte levels, completing electrocardiographic monitoring, and avoiding other QTc interval-prolonging drugs are recommended. 6 Third, sudden increases in demand for hydroxychloroquine and chloroquine limit availability for FDAapproved uses for rheumatoid arthritis, lupus, and malaria. 5 While some of the largest increases in hydroxychloroquine and chloroquine dispensing occurred in states with high COVID-19 case rates (eg, New Jersey, New York), other states with large increases in dispensing had moderate (eg, Florida) or low (eg, Hawaii) case rates.",openalex,openalex:telepericia_avaliacao_remota:telepericia_avaliacao_remota_2,0.0,CONCLUIDA,20.0,INCERTO_METADADOS,52.0,"Equidade territorial, qualidade e controle",Título sugere disparidades de acesso digital com implicações para telemedicina.,"Registros sem título, resumo ou metadados suficientes para triagem humana.","O título parece potencialmente relevante para equidade de acesso à telemedicina, mas o resumo fornecido está truncado/misturado com outro tema e não permite avaliar aderência substantiva à avaliação pericial ou gestão de fluxos.",PENDENTE,,,NAO_INICIADO,,PENDENTE,,,,,,,,
openalex:https://openalex.org/W2127711040,"Employment, work disability, and work days lost in patients with ankylosing spondylitis: a cross sectional study of Dutch patients",Annelies Boonen; A Chorus; H Miedema; D van der Heijde; H van der Tempel; Sj van der Linden,2001,Annals of the Rheumatic Diseases,10.1136/ard.60.4.353,https://doi.org/10.1136/ard.60.4.353,https://ard.bmj.com/content/annrheumdis/60/4/353.full.pdf,,openalex,openalex:beneficios_incapacidade_avaliacao_medico_pericial:beneficios_incapacidade_avaliacao_medico_pericial_3,0.0,CONCLUIDA,18.0,INCERTO_METADADOS,55.0,Benefícios por incapacidade e avaliação médico-pericial,Título indica relação com work disability e dias de trabalho perdidos.,"Resumo ausente e título não indica avaliação médico-pericial, elegibilidade ou gestão de fluxo.","Pode ter utilidade contextual sobre incapacidade laboral, mas os metadados são insuficientes para avaliar aderência substantiva à pergunta sobre fluxo pericial e modalidades de avaliação.",PENDENTE,,,NAO_INICIADO,,PENDENTE,,,,,,,,
pubmed:13276807,Sickness absenteeism.,FORTUIN GJ,1955,Bulletin of the World Health Organization,,https://pubmed.ncbi.nlm.nih.gov/13276807/,,,pubmed,pubmed:beneficios_incapacidade_avaliacao_medico_pericial:beneficios_incapacidade_avaliacao_medico_pericial_2,0.0,CONCLUIDA,18.0,INCERTO_METADADOS,55.0,Benefícios por incapacidade e avaliação médico-pericial,"Pode tratar de afastamento por doença, tema potencialmente relacionado ao escopo.","Título excessivamente genérico; pode não ter relação com avaliação pericial, benefícios ou gestão de fluxos.","O título 'Sickness absenteeism' é amplo e antigo, sem resumo disponível. Pode tangenciar afastamento por doença, mas os metadados são insuficientes para inferir contribuição substantiva à pergunta da revisão.",PENDENTE,,,NAO_INICIADO,,PENDENTE,,,,,,,,
semantic_scholar:e3d0a7ecee1192467633e2db45bd1e269013f94a,[Disability and total inability to work].,Zofia Gronowska; A. Wilmowska-Pietruszyńska,2007,Archives of Forensic Medicine and Criminology,,https://www.semanticscholar.org/paper/e3d0a7ecee1192467633e2db45bd1e269013f94a,,,semantic_scholar,semantic_scholar:beneficios_incapacidade_avaliacao_medico_pericial:beneficios_incapacidade_avaliacao_medico_pericial_3,0.0,CONCLUIDA,18.0,INCERTO_METADADOS,38.0,Benefícios por incapacidade e avaliação médico-pericial,Título menciona incapacidade total para o trabalho.,"Sem resumo; pode ser texto conceitual/jurídico sem análise de processos, elegibilidade ou gestão.","O tema geral é pertinente, mas os metadados são insuficientes para saber se o registro contribui para avaliação pericial aplicada ou apenas define conceitos.",PENDENTE,,,NAO_INICIADO,,PENDENTE,,,,,,,,
crossref:10.1136/bmjoq-2026-qsho.88,88 Opla-app: turning waiting time into starting time,Groof,2026,88 Opla-app: turning waiting time into starting time,10.1136/bmjoq-2026-qsho.88,https://doi.org/10.1136/bmjoq-2026-qsho.88,https://bmjopenquality.bmj.com/content/15/Suppl_2/A88.full.pdf,,crossref,crossref:capacidade_filas_alocacao:capacidade_filas_alocacao_1,0.0,CONCLUIDA,15.0,INCERTO_METADADOS,28.0,"Capacidade, filas e alocação de serviços","Pode tangenciar tempo de espera ou gestão de fluxo, mas título e metadados são insuficientes para confirmar relação com benefícios por incapacidade ou avaliação médico-pericial.",Registro sem resumo e sem metadados suficientes para triagem confiável.,"O título menciona waiting time, potencialmente relacionado a filas, porém não há resumo nem indicação de contexto pericial, benefícios por incapacidade, triagem documental ou teleavaliação.",PENDENTE,,,NAO_INICIADO,,PENDENTE,,,,,,,,
crossref:10.1177/0885713x8900400308,Literature Review : Quality Assessment and Practice Standards,Rodriguez,1989,Quality Assurance and Utilization Review,10.1177/0885713x8900400308,https://doi.org/10.1177/0885713x8900400308,,,crossref,crossref:equidade_qualidade_controle:equidade_qualidade_controle_2,0.0,CONCLUIDA,14.0,INCERTO_METADADOS,55.0,"Equidade territorial, qualidade e controle",Pode ser uma revisão sobre avaliação de qualidade e padrões de prática em utilização/revisão de serviços de saúde.,"Editorial, comentário, notícia, apresentação, resumo de congresso ou opinião sem análise, dados, revisão ou contribuição institucional verificável.","O título indica revisão de literatura sobre avaliação de qualidade e padrões de prática, e o periódico sugere revisão de utilização em saúde. Contudo, não há resumo e não fica claro se há relação substantiva com avaliação de incapacidade, certificação médica ou processos periciais.",PENDENTE,,,NAO_INICIADO,,PENDENTE,,,,,,,,
crossref:10.31525/ct1-nct04201028,Telehealth Program in Usual Care Setting,Case Medical Research,2019,Case Medical Research,10.31525/ct1-nct04201028,https://doi.org/10.31525/ct1-nct04201028,,,crossref,crossref:telepericia_avaliacao_remota:telepericia_avaliacao_remota_3,0.0,CONCLUIDA,12.0,INCERTO_METADADOS,63.0,Teleperícia e avaliação remota,,"Registros sem título, resumo ou metadados suficientes para triagem humana.","O título sugere programa de telehealth em cuidado usual, mas não há resumo nem metadados suficientes para verificar relação com incapacidade, certificação, elegibilidade ou fluxo pericial.",PENDENTE,,,NAO_INICIADO,,PENDENTE,,,,,,,,
openalex:https://openalex.org/W4211142904,Neuropsychological assessment.,Lisa Cipolotti; E. K. Warrington,1995,Journal of Neurology Neurosurgery & Psychiatry,10.1136/jnnp.58.6.655,https://doi.org/10.1136/jnnp.58.6.655,https://jnnp.bmj.com/content/jnnp/58/6/655.full.pdf,Neuropsychological assessment,openalex,openalex:beneficios_incapacidade_avaliacao_medico_pericial:beneficios_incapacidade_avaliacao_medico_pericial_1; openalex:telepericia_avaliacao_remota:telepericia_avaliacao_remota_1,0.0,CONCLUIDA,10.0,INCERTO_METADADOS,55.0,Benefícios por incapacidade e avaliação médico-pericial,Pode tangenciar avaliação médico-pericial se tratar de métodos de avaliação neuropsicológica aplicáveis à certificação funcional.,"Registros sem título, resumo ou metadados suficientes para triagem humana.","Título muito genérico e resumo insuficiente; pode ser texto clínico geral de avaliação neuropsicológica sem relação com incapacidade administrativa, mas os metadados não permitem concluir com segurança.",PENDENTE,,,NAO_INICIADO,,PENDENTE,,,,,,,,
crossref:10.1016/s0140-6736(00)45305-5,Incapacity for Work,,1944,The Lancet,10.1016/s0140-6736(00)45305-5,https://doi.org/10.1016/s0140-6736(00)45305-5,,,crossref,crossref:analise_documental_elegibilidade:analise_documental_elegibilidade_3,0.0,CONCLUIDA,10.0,INCERTO_METADADOS,52.0,Benefícios por incapacidade e avaliação médico-pericial,Estudos que analisem benefícios por incapacidade ou avaliação médico-pericial.,"Registros sem título, resumo ou metadados suficientes para triagem humana.","O título sugere pertinência temática ampla sobre incapacidade para o trabalho, mas a ausência de resumo impede verificar se se trata de artigo analítico relevante ou apenas comentário/editorial.",PENDENTE,,,NAO_INICIADO,,PENDENTE,,,,,,,,
crossref:10.1016/s0140-6736(00)94284-3,INCAPACITY FOR WORK,,1934,The Lancet,10.1016/s0140-6736(00)94284-3,https://doi.org/10.1016/s0140-6736(00)94284-3,,,crossref,crossref:analise_documental_elegibilidade:analise_documental_elegibilidade_3,0.0,CONCLUIDA,10.0,INCERTO_METADADOS,52.0,Benefícios por incapacidade e avaliação médico-pericial,Estudos que analisem benefícios por incapacidade ou avaliação médico-pericial.,"Registros sem título, resumo ou metadados suficientes para triagem humana.","O título menciona incapacidade para o trabalho, mas faltam resumo e detalhes para avaliar aderência substantiva à pergunta sobre fluxo de avaliação e gestão de requerimentos.",PENDENTE,,,NAO_INICIADO,,PENDENTE,,,,,,,,
crossref:10.1016/s0140-6736(01)25450-6,INCAPACITY FOR WORK.,,1926,The Lancet,10.1016/s0140-6736(01)25450-6,https://doi.org/10.1016/s0140-6736(01)25450-6,,,crossref,crossref:analise_documental_elegibilidade:analise_documental_elegibilidade_3,0.0,CONCLUIDA,10.0,INCERTO_METADADOS,52.0,Benefícios por incapacidade e avaliação médico-pericial,Estudos que analisem benefícios por incapacidade ou avaliação médico-pericial.,"Registros sem título, resumo ou metadados suficientes para triagem humana.","O título menciona incapacidade para o trabalho, potencialmente pertinente ao tema, mas não há resumo nem metadados suficientes para distinguir entre editorial, comentário ou análise substantiva.",PENDENTE,,,NAO_INICIADO,,PENDENTE,,,,,,,,
openalex:https://openalex.org/W2266871031,Estimating the true global burden of mental illness,Daniel Vigo; Graham Thornicroft; Rifat Atun,2016,The Lancet Psychiatry,10.1016/s2215-0366(15)00505-2,https://doi.org/10.1016/s2215-0366(15)00505-2,https://kclpure.kcl.ac.uk/ws/files/55296846/16001_vigo_et_al_GBD_lancet_psychiatry_2016.pdf,,openalex,openalex:analise_documental_elegibilidade:analise_documental_elegibilidade_2; openalex:beneficios_incapacidade_avaliacao_medico_pericial:beneficios_incapacidade_avaliacao_medico_pericial_3,0.0,CONCLUIDA,10.0,INCERTO_METADADOS,49.0,Benefícios por incapacidade e avaliação médico-pericial,"Título sugere discussão sobre burden of mental illness, potencialmente relacionada a incapacidade.",Resumo ausente; pode ser texto de carga global/advocacy sem relação com avaliação pericial ou benefícios.,"Sem resumo, não é possível verificar se aborda benefícios por incapacidade, afastamento, elegibilidade ou apenas carga epidemiológica de doença mental.",PENDENTE,,,NAO_INICIADO,,PENDENTE,,,,,,,,
semantic_scholar:d6f3056b5ec58782769a711e238f8bc23e5be044,The self-experience of chronic incapacity among the labouring poor: pauper narratives and territorial hospitals in early modern rural Germany.,L. Gray,2001,,,https://www.semanticscholar.org/paper/d6f3056b5ec58782769a711e238f8bc23e5be044,,,semantic_scholar,semantic_scholar:analise_documental_elegibilidade:analise_documental_elegibilidade_3,0.0,CONCLUIDA,10.0,INCERTO_METADADOS,45.0,"Equidade territorial, qualidade e controle",,"Registros sem título, resumo ou metadados suficientes para triagem humana.","O título menciona incapacidade crônica e hospitais territoriais em contexto histórico, mas não há resumo nem periódico informado. Metadados insuficientes para avaliar pertinência à avaliação médico-pericial ou benefícios.",PENDENTE,,,NAO_INICIADO,,PENDENTE,,,,,,,,
semantic_scholar:2d5be8d0b366c6d86d71e44a33876679846b706b,Developing disease quality management and improving medical service capacity,Zhang Zhenwei,2010,,,https://www.semanticscholar.org/paper/2d5be8d0b366c6d86d71e44a33876679846b706b,,,semantic_scholar,semantic_scholar:capacidade_filas_alocacao:capacidade_filas_alocacao_2,0.0,CONCLUIDA,8.0,INCERTO_METADADOS,95.0,"Capacidade, filas e alocação de serviços",Título sugere capacidade de serviços médicos.,"Registros sem título, resumo ou metadados suficientes para triagem humana.","O título é genérico e o resumo está ausente, impedindo avaliar relação com benefícios por incapacidade, avaliação pericial, triagem documental ou modalidades remotas.",PENDENTE,,,NAO_INICIADO,,PENDENTE,,,,,,,,
openalex:https://openalex.org/W2773831372,Telehealth and Legal Implications for Nurse Practitioners,Melanie L. Balestra,2017,The Journal for Nurse Practitioners,10.1016/j.nurpra.2017.10.003,https://doi.org/10.1016/j.nurpra.2017.10.003,http://www.npjournal.org/article/S1555415517308085/pdf,,openalex,openalex:telepericia_avaliacao_remota:telepericia_avaliacao_remota_3,0.0,CONCLUIDA,8.0,INCERTO_METADADOS,63.0,Teleperícia e avaliação remota,Pode tangenciar aspectos regulatórios de telehealth.,"Metadados insuficientes; e, pelo título, provável foco jurídico-profissional sem relação explícita com incapacidade/avaliação pericial.","Há apenas título, sem resumo. O título sugere implicações legais da telehealth para nurse practitioners, mas não permite verificar aderência à avaliação de incapacidade, elegibilidade ou gestão de fluxos.",PENDENTE,,,NAO_INICIADO,,PENDENTE,,,,,,,,
openalex:https://openalex.org/W4249329670,Telehealth,Reed V. Tuckson; Margo Edmunds; Michael L. Hodgkins,2017,New England Journal of Medicine,10.1056/nejmsr1503323,https://doi.org/10.1056/nejmsr1503323,https://www.nejm.org/doi/pdf/10.1056/NEJMsr1503323?articleTools=true,,openalex,openalex:telepericia_avaliacao_remota:telepericia_avaliacao_remota_3,0.0,CONCLUIDA,8.0,INCERTO_METADADOS,38.0,Teleperícia e avaliação remota,Título amplo sobre telehealth pode conter discussão de acesso e implementação.,Sem resumo; provável texto geral sobre telehealth sem foco pericial ou de incapacidade.,"Metadados insuficientes para verificar relação com avaliação médico-pericial, elegibilidade ou gestão de benefícios.",PENDENTE,,,NAO_INICIADO,,PENDENTE,,,,,,,,
openalex:https://openalex.org/W2092547075,Data quality in the American Heart Association Get With The Guidelines-Stroke (GWTG-Stroke): Results from a National Data Validation Audit,Ying Xian; Gregg C. Fonarow; Mathew J. Reeves; Laura Webb; Jason R. Blevins; Vladimir S. Demyanenko; Xin Zhao; DaiWai M. Olson; Adrian F. Hernandez; Eric D. Peterson; Lee H. Schwamm; Eric E. Smith,2012,American Heart Journal,10.1016/j.ahj.2011.12.012,https://doi.org/10.1016/j.ahj.2011.12.012,,,openalex,openalex:equidade_qualidade_controle:equidade_qualidade_controle_3,0.0,CONCLUIDA,5.0,INCERTO_METADADOS,55.0,"Equidade territorial, qualidade e controle","Estudos que tratem de qualidade decisória, confiabilidade, auditoria, controle, integridade, prevenção de fraude, revisão de decisões ou riscos associados à avaliação remota ou documental.",,"Título indica auditoria nacional de validação de qualidade de dados em registro clínico. Pode ter utilidade metodológica para controle e auditoria de bases administrativas, mas sem resumo não é possível aferir contribuição substantiva ao fluxo pericial ou benefícios por incapacidade.",PENDENTE,,,NAO_INICIADO,,PENDENTE,,,,,,,,
crossref:10.31525/ct1-nct03840642,Examining an Adaptive Telehealth Intervention,Case Medical Research,2000,Case Medical Research,10.31525/ct1-nct03840642,https://doi.org/10.31525/ct1-nct03840642,,,crossref,crossref:telepericia_avaliacao_remota:telepericia_avaliacao_remota_3,0.0,CONCLUIDA,5.0,INCERTO_METADADOS,51.0,Teleperícia e avaliação remota,Pode envolver intervenção de telehealth.,"Metadados insuficientes e sem indicação de incapacidade, certificação, elegibilidade ou fluxo pericial.","O título é genérico e o registro parece de pesquisa clínica/case record. Sem resumo, não é possível verificar aderência ao tema da revisão.",PENDENTE,,,NAO_INICIADO,,PENDENTE,,,,,,,,
openalex:https://openalex.org/W2107649731,National Telemedicine Initiatives: Essential to Healthcare Reform,Rashid L. Bashshur; Gary W. Shannon; Elizabeth A. Krupinski; Jim Grigsby; Joseph C. Kvedar; Ronald S. Weinstein; Jay H. Sanders; Karen S. Rheuban; Thomas S. Nesbitt; Dale C. Alverson; Ronald C. Merrell; Jonathan Linkous; A. Stewart Ferguson; Robert J Waters; Max E. Stachura; David Ellis; Nina Antoniotti; Barbara Johnston; Charles R. Doarn; Peter Yellowlees; Steven Normandin; Joseph Tracy,2009,Telemedicine Journal and e-Health,10.1089/tmj.2009.9960,https://doi.org/10.1089/tmj.2009.9960,https://hdl.handle.net/2027.42/78116,Peer Reviewed,openalex,openalex:telepericia_avaliacao_remota:telepericia_avaliacao_remota_2,0.0,CONCLUIDA,5.0,INCERTO_METADADOS,40.0,Teleperícia e avaliação remota,Título sugere discussão de iniciativas nacionais de telemedicina e reforma do sistema.,Metadados insuficientes; pode ser comentário/opinião e não tratar de incapacidade ou perícia.,"O resumo contém apenas 'Peer Reviewed', insuficiente para avaliar aderência temática e tipo de evidência.",PENDENTE,,,NAO_INICIADO,,PENDENTE,,,,,,,,
openalex:https://openalex.org/W2020486221,Assessment of patient satisfaction utilizing the American Pain Society's quality assurance standards on acute and cancer-related pain,Christine Miaskowski; Rhonda Nichols; Robert Brody; Timothy W. Synold,1994,Journal of Pain and Symptom Management,10.1016/0885-3924(94)90140-6,https://doi.org/10.1016/0885-3924(94)90140-6,https://doi.org/10.1016/0885-3924(94)90140-6,,openalex,openalex:equidade_qualidade_controle:equidade_qualidade_controle_2,0.0,CONCLUIDA,3.0,INCERTO_METADADOS,55.0,"Equidade territorial, qualidade e controle","Estudos que tratem de qualidade decisória, confiabilidade, auditoria, controle, integridade, prevenção de fraude, revisão de decisões ou riscos associados à avaliação remota ou documental.","Estudos clínicos que não contribuam para compreender processos de avaliação médico-pericial, decisão administrativa, capacidade, acesso, qualidade ou controle.","Título sugere avaliação de satisfação do paciente com padrões de garantia de qualidade em manejo da dor, mas o resumo está ausente e não há indicação de relação com incapacidade, certificação ou perícia. Metadados insuficientes para afastar totalmente sem verificação humana.",PENDENTE,,,NAO_INICIADO,,PENDENTE,,,,,,,,
openalex:https://openalex.org/W2996789024,"Securing internet of medical things systems: Limitations, issues and recommendations",Jean-Paul A. Yaacoub; Mohamad Noura; Hassan Noura; Ola Salman; Elias Yaacoub; Raphaël Couturier; Ali Chehab,2019,Future Generation Computer Systems,10.1016/j.future.2019.12.028,https://doi.org/10.1016/j.future.2019.12.028,https://www.sciencedirect.com/science/article/am/pii/S0167739X19305680?via%3Dihub,,openalex,openalex:telepericia_avaliacao_remota:telepericia_avaliacao_remota_3,0.0,CONCLUIDA,2.0,INCERTO_METADADOS,70.0,Teleperícia e avaliação remota,Pode tocar em infraestrutura digital em saúde.,"Metadados insuficientes e provável foco tecnológico geral, sem relação explícita com incapacidade ou avaliação pericial.","Sem resumo. O título indica segurança de internet das coisas médicas, tema tecnológico amplo, sem evidência aparente de vínculo com triagem documental, teleperícia ou benefícios por incapacidade.",PENDENTE,,,NAO_INICIADO,,PENDENTE,,,,,,,,
semantic_scholar:7404c925e9594c11ee031918eaa386c24fc8cf6d,Effectiveness Of The Osteopathy In Rehabilitation Programme,Elena Jablonskytė,2016,,10.5200/sm-hs.2016.041,https://www.semanticscholar.org/paper/7404c925e9594c11ee031918eaa386c24fc8cf6d,,,semantic_scholar,semantic_scholar:analise_documental_elegibilidade:analise_documental_elegibilidade_1,0.0,CONCLUIDA,2.0,INCERTO_METADADOS,41.0,Benefícios por incapacidade e avaliação médico-pericial,Pode tangenciar reabilitação e incapacidade.,"Sem resumo; título sugere programa de reabilitação osteopática, provavelmente clínico e não relacionado a avaliação pericial ou gestão de benefícios.","Os metadados são insuficientes, mas o título aponta mais para intervenção terapêutica do que para certificação, elegibilidade ou fluxo de análise.",PENDENTE,,,NAO_INICIADO,,PENDENTE,,,,,,,,
semantic_scholar:85ff43d0b8ccb329280ebc8c94ed32c9b804937c,Use of remote radiology support for training and quality assurance in the “focused assessment with sonography for HIV-associated tuberculosis:” A pilot program in Malawi,K. Schwab; R. Hoffman; L. Phiri; Daniel G Kahn; Levison Longwe; Ben; Allan Banda; Khumbo Gama; Mayamiko Chimombo; R. Shih; A. Schooley; Kara-Lee Pool,2019,,,https://www.semanticscholar.org/paper/85ff43d0b8ccb329280ebc8c94ed32c9b804937c,,,semantic_scholar,semantic_scholar:equidade_qualidade_controle:equidade_qualidade_controle_2,0.0,CONCLUIDA,1.0,INCERTO_METADADOS,73.0,Teleperícia e avaliação remota,Menciona suporte remoto e garantia de qualidade em avaliação por imagem.,"Provável telemedicina assistencial/treinamento, sem relação com avaliação de incapacidade; resumo ausente.","O título sugere suporte remoto em radiologia para treinamento e QA em tuberculose associada ao HIV. Sem resumo, a aderência ao escopo parece baixa, mas os metadados são insuficientes para descarte totalmente seguro.",PENDENTE,,,NAO_INICIADO,,PENDENTE,,,,,,,,
semantic_scholar:636997e8562d7e6d557ef451c95665545dbd2cbb,Use of remote radiology support for training and quality assurance in the “focused assessment with sonography for HIV-associated tuberculosis:” A pilot program in Malawi,K. Schwab; R. Hoffman; L. Phiri; Danny Kahn; Levison Longwe; B. Banda; Khumbo Gama; Mayamiko Chimombo; R. Shih; A. Schooley; Kara-Lee Pool,2018,Journal of the American College of Radiology,10.1016/j.jacr.2018.07.036,https://www.semanticscholar.org/paper/636997e8562d7e6d557ef451c95665545dbd2cbb,https://europepmc.org/articles/pmc6540803?pdf=render,,semantic_scholar,semantic_scholar:equidade_qualidade_controle:equidade_qualidade_controle_2,0.0,CONCLUIDA,1.0,INCERTO_METADADOS,73.0,Teleperícia e avaliação remota,Menciona suporte remoto e garantia de qualidade em avaliação por imagem.,"Provável telemedicina assistencial/treinamento, sem relação com avaliação de incapacidade; resumo ausente.","Registro aparentemente duplicado em outra fonte/ano do mesmo título sobre suporte remoto em radiologia. Sem resumo, parece fora do escopo principal, mas faltam metadados para confirmação.",PENDENTE,,,NAO_INICIADO,,PENDENTE,,,,,,,,
semantic_scholar:c151ac38046241a11fd6680092f70fcf8d8e3806,"Educational Provision, Equity and Educational Accountability for Students with Disability: Intentions and Practice",J. Cumming,2012,,10.1007/978-94-007-2935-3_3,https://www.semanticscholar.org/paper/c151ac38046241a11fd6680092f70fcf8d8e3806,,,semantic_scholar,semantic_scholar:equidade_qualidade_controle:equidade_qualidade_controle_1,0.0,CONCLUIDA,1.0,INCERTO_METADADOS,72.0,"Equidade territorial, qualidade e controle","Título sugere provisão, equidade e accountability relacionadas à deficiência.",Metadados insuficientes; provável contexto educacional e não pericial.,"Sem resumo e sem periódico. Pelo título, parece tratar de provisão educacional para estudantes com deficiência, mas os metadados são insuficientes para triagem segura.",PENDENTE,,,NAO_INICIADO,,PENDENTE,,,,,,,,
semantic_scholar:e95f1ee989d87231581f1035c292838691799272,Effective enactment of assessment for learning and student diversity in Australia,J. Cumming; F. V. D. Kleij,2016,,10.1007/978-3-319-39211-0_4,https://www.semanticscholar.org/paper/e95f1ee989d87231581f1035c292838691799272,,,semantic_scholar,semantic_scholar:equidade_qualidade_controle:equidade_qualidade_controle_1,0.0,CONCLUIDA,1.0,INCERTO_METADADOS,70.0,"Equidade territorial, qualidade e controle",Título menciona assessment e diversidade estudantil.,"Metadados insuficientes e provável contexto educacional, não pericial.","Sem resumo e periódico. O título sugere avaliação educacional na Austrália, aparentemente fora do escopo, mas faltam dados para confirmação plena.",PENDENTE,,,NAO_INICIADO,,PENDENTE,,,,,,,,
openalex:https://openalex.org/W2463810424,Brain health: time matters in multiple sclerosis,Gavin Giovannoni; Helmut Butzkueven; Suhayl Dhib‐Jalbut; Jeremy Hobart; Gisela Kobelt; George Pepper; Maria Pia Sormani; Christoph Thalheim; Anthony Traboulsee; Timothy Vollmer,2016,Multiple Sclerosis and Related Disorders,10.1016/j.msard.2016.07.003,https://doi.org/10.1016/j.msard.2016.07.003,http://www.msard-journal.com/article/S221103481630102X/pdf,,openalex,openalex:capacidade_filas_alocacao:capacidade_filas_alocacao_1,0.0,CONCLUIDA,1.0,INCERTO_METADADOS,61.0,Benefícios por incapacidade e avaliação médico-pericial,Pode mencionar incapacidade clínica em esclerose múltipla.,"Metadados insuficientes e provável foco clínico, não pericial/administrativo.","Sem resumo. O título sugere manejo clínico em esclerose múltipla ('time matters'), sem indicação clara de relação com benefícios por incapacidade ou avaliação médico-pericial.",PENDENTE,,,NAO_INICIADO,,PENDENTE,,,,,,,,
openalex:https://openalex.org/W4213368610,Time for united action on depression: a Lancet–World Psychiatric Association Commission,Helen Herrman; Vikram Patel; Christian Kieling; Michael Berk; Claudia Buchweitz; Pim Cuijpers; Toshiaki A Furukawa; Ronald C Kessler; Brandon A Kohrt; Mario Maj; Patrick McGorry; Charles F Reynolds; Myrna M Weissman; Dixon Chibanda; Christopher Dowrick; Louise M Howard; Christina W Hoven; Martin Knapp; Helen S Mayberg; Brenda W J H Penninx; Shuiyuan Xiao; Madhukar Trivedi; Rudolf Uher; Lakshmi Vijayakumar; Miranda Wolpert,2022,The Lancet,10.1016/s0140-6736(21)02141-3,https://doi.org/10.1016/s0140-6736(21)02141-3,https://pure.amsterdamumc.nl/ws/files/197608862/Time-for-united-action-on-depression.pdf,,openalex,openalex:capacidade_filas_alocacao:capacidade_filas_alocacao_1,0.0,CONCLUIDA,1.0,INCERTO_METADADOS,60.0,"Equidade territorial, qualidade e controle",Pode discutir acesso e ação sistêmica em saúde mental.,Metadados insuficientes e provável comissão/editorial ampla sem relação explícita com avaliação de incapacidade ou fluxo pericial.,"Sem resumo. O título indica comissão sobre depressão e ação coletiva, sem elementos suficientes para vincular ao tema específico da revisão.",PENDENTE,,,NAO_INICIADO,,PENDENTE,,,,,,,,
semantic_scholar:196ea51ab32d4067960f7a248d16cb3f71d119cd,Assessment and treatment of deliberate firesetters with intellectual disability,Eddie Chaplin and J Ay N E Hen Ry,2015,,10.4324/9781315685960-14,https://www.semanticscholar.org/paper/196ea51ab32d4067960f7a248d16cb3f71d119cd,,,semantic_scholar,semantic_scholar:analise_documental_elegibilidade:analise_documental_elegibilidade_1,0.0,CONCLUIDA,1.0,INCERTO_METADADOS,44.0,Benefícios por incapacidade e avaliação médico-pericial,Nenhum claramente identificado.,"Título sugere avaliação e tratamento em contexto forense/comportamental, não benefícios por incapacidade; sem resumo para confirmar.",Metadados insuficientes e provável desalinhamento temático com a revisão.,PENDENTE,,,NAO_INICIADO,,PENDENTE,,,,,,,,
scopus:1,,,,,,,,,scopus,scopus:beneficios_incapacidade_avaliacao_medico_pericial:beneficios_incapacidade_avaliacao_medico_pericial_1,0.0,CONCLUIDA,0.0,INCERTO_METADADOS,100.0,Benefícios por incapacidade e avaliação médico-pericial,Consulta de busca sugere possível pertinência ao tema de benefícios por incapacidade/avaliação médico-pericial.,"Registro sem título, resumo, periódico ou ano; metadados insuficientes para triagem humana confiável.","Não há conteúdo bibliográfico para avaliar aderência aparente. A consulta de origem indica tema potencialmente relevante, mas o registro está vazio.",PENDENTE,,,NAO_INICIADO,,PENDENTE,,,,,,,,
semantic_scholar:161fa4c3b51c72b683a32d8ec77b6d855e1a8d07,Development of EPA Quality Assurance and Quality Control Guidance for Ground-Based Remote Sensors for Use in Regulatory Monitoring,G. Crescenti,1996,,,https://www.semanticscholar.org/paper/161fa4c3b51c72b683a32d8ec77b6d855e1a8d07,,,semantic_scholar,semantic_scholar:equidade_qualidade_controle:equidade_qualidade_controle_2,0.0,CONCLUIDA,0.0,INCERTO_METADADOS,99.0,"Equidade territorial, qualidade e controle",Metadados insuficientes para identificar aderência temática.,"Título sugere monitoramento regulatório ambiental por sensores remotos, aparentemente fora do escopo; porém sem resumo/metadados suficientes.","Registro sem resumo e sem periódico. Pelo título, parece tratar de sensores remotos para monitoramento regulatório ambiental, não de incapacidade ou perícia, mas a ausência de metadados completos recomenda marcação por insuficiência informacional.",PENDENTE,,,NAO_INICIADO,,PENDENTE,,,,,,,,
openalex:https://openalex.org/W2753659610,Definition and recommendations for advance care planning: an international consensus supported by the European Association for Palliative Care,Judith Rietjens; Rebecca L. Sudore; Michael Connolly; Johannes J. M. van Delden; Margaret A. Drickamer; Mirjam Droger; Agnes van der Heide; Daren K. Heyland; Dirk Houttekier; Daisy J.A. Janssen; Luciano Orsi; Sheila Payne; Jane Seymour; Ralf J. Jox; Ida J. Korfage,2017,The Lancet Oncology,10.1016/s1470-2045(17)30582-x,https://doi.org/10.1016/s1470-2045(17)30582-x,http://www.thelancet.com/article/S147020451730582X/pdf,,openalex,openalex:analise_documental_elegibilidade:analise_documental_elegibilidade_3,0.0,CONCLUIDA,0.0,INCERTO_METADADOS,72.0,"Equidade territorial, qualidade e controle",Metadados insuficientes para verificar aderência; título sugere consenso em planejamento de cuidados.,Registro sem resumo suficiente para triagem confiável; provável tema assistencial sem relação substantiva com avaliação de incapacidade.,"Sem resumo. O título indica consenso internacional sobre advance care planning, aparentemente fora do escopo pericial/administrativo, mas a ausência de resumo reduz a segurança da triagem.",PENDENTE,,,NAO_INICIADO,,PENDENTE,,,,,,,,
openalex:https://openalex.org/W2571458453,Defining Advance Care Planning for Adults: A Consensus Definition From a Multidisciplinary Delphi Panel,Rebecca L. Sudore; Hillary D. Lum; John J. You; Laura C. Hanson; Diane E. Meier; Steven Z. Pantilat; Daniel D. Matlock; Judith Rietjens; Ida J. Korfage; Christine S. Ritchie; Jean S. Kutner; Joan M. Teno; Judy Thomas; Ryan D. McMahan; Daren K. Heyland,2017,Journal of Pain and Symptom Management,10.1016/j.jpainsymman.2016.12.331,https://doi.org/10.1016/j.jpainsymman.2016.12.331,http://www.jpsmjournal.com/article/S0885392416312325/pdf,,openalex,openalex:analise_documental_elegibilidade:analise_documental_elegibilidade_3,0.0,CONCLUIDA,0.0,INCERTO_METADADOS,70.0,"Equidade territorial, qualidade e controle",Metadados insuficientes para verificar aderência.,"Registro sem resumo suficiente para triagem confiável; título sugere planejamento antecipado de cuidados, não avaliação de incapacidade.","Sem resumo. Pelo título, parece tratar de advance care planning, tema provavelmente assistencial e não pericial, mas os metadados são insuficientes para confirmação plena.",PENDENTE,,,NAO_INICIADO,,PENDENTE,,,,,,,,
openalex:https://openalex.org/W2133986828,What do we know about audit quality?,Jere R. Francis,2004,The British Accounting Review,10.1016/j.bar.2004.09.003,https://doi.org/10.1016/j.bar.2004.09.003,https://repub.eur.nl/pub/94446/MAB-special-issue-What-do-we-know-about-audit-quality-September-2016.pdf,,openalex,openalex:equidade_qualidade_controle:equidade_qualidade_controle_2,0.0,CONCLUIDA,0.0,INCERTO_METADADOS,70.0,"Equidade territorial, qualidade e controle",,"Registros sem título, resumo ou metadados suficientes para triagem humana.","Título sugere discussão geral sobre qualidade de auditoria em contabilidade, aparentemente fora do escopo. Contudo, sem resumo, os metadados são insuficientes para confirmar a aderência temática apenas pela pré-triagem.",PENDENTE,,,NAO_INICIADO,,PENDENTE,,,,,,,,
semantic_scholar:7be58719c78488c4e0b70802e12daab36a530bc0,Diverse Approaches to Parent Advocacy During Special Education Home—School Interactions,Audrey A. Trainor,2010,,10.1177/0741932508324401,https://www.semanticscholar.org/paper/7be58719c78488c4e0b70802e12daab36a530bc0,,,semantic_scholar,semantic_scholar:equidade_qualidade_controle:equidade_qualidade_controle_1,0.0,CONCLUIDA,0.0,INCERTO_METADADOS,68.0,"Equidade territorial, qualidade e controle",Nenhum critério de inclusão aparente.,Metadados insuficientes e provável tema de educação especial sem relação com benefícios por incapacidade.,"Sem resumo e periódico; o título aponta para advocacy parental em interações escola-família, aparentemente fora do escopo.",PENDENTE,,,NAO_INICIADO,,PENDENTE,,,,,,,,
openalex:https://openalex.org/W2106709024,Major complications of airway management in the UK: results of the Fourth National Audit Project of the Royal College of Anaesthetists and the Difficult Airway Society. Part 1: Anaesthesia,Tim Cook; N.M. Woodall; C. Frerk,2011,British Journal of Anaesthesia,10.1093/bja/aer058,https://doi.org/10.1093/bja/aer058,http://www.bjanaesthesia.org/article/S0007091217332099/pdf,,openalex,openalex:equidade_qualidade_controle:equidade_qualidade_controle_3,0.0,CONCLUIDA,0.0,INCERTO_METADADOS,68.0,"Equidade territorial, qualidade e controle",,"Registros sem título, resumo ou metadados suficientes para triagem humana.","Título indica auditoria nacional sobre complicações em manejo de vias aéreas na anestesia, aparentemente fora do escopo. Sem resumo, os metadados são insuficientes para confirmação segura.",PENDENTE,,,NAO_INICIADO,,PENDENTE,,,,,,,,
openalex:https://openalex.org/W2118817275,Major complications of central neuraxial block: report on the Third National Audit Project of the Royal College of Anaesthetists,Tim Cook; David Counsell; J.A.W. Wildsmith,2009,British Journal of Anaesthesia,10.1093/bja/aen360,https://doi.org/10.1093/bja/aen360,http://www.bjanaesthesia.org/article/S0007091217345282/pdf,,openalex,openalex:equidade_qualidade_controle:equidade_qualidade_controle_3,0.0,CONCLUIDA,0.0,INCERTO_METADADOS,68.0,"Equidade territorial, qualidade e controle",,"Registros sem título, resumo ou metadados suficientes para triagem humana.","Título sugere auditoria clínica sobre bloqueio neuroaxial, sem aderência aparente ao tema da revisão. Ausência de resumo limita a confirmação.",PENDENTE,,,NAO_INICIADO,,PENDENTE,,,,,,,,
openalex:https://openalex.org/W2016727213,Socio-economic health differences in the Netherlands: A review of recent empirical findings,Johan P. Mackenbach,1992,Social Science & Medicine,10.1016/0277-9536(92)90264-q,https://doi.org/10.1016/0277-9536(92)90264-q,https://www.sciencedirect.com/science/article/pii/027795369290264Q,,openalex,openalex:analise_documental_elegibilidade:analise_documental_elegibilidade_3,0.0,CONCLUIDA,0.0,INCERTO_METADADOS,68.0,"Equidade territorial, qualidade e controle","Metadados insuficientes; poderia tangenciar desigualdades em saúde, mas não necessariamente acesso pericial.",Registro sem resumo suficiente para triagem confiável e sem indicação clara de relação com a pergunta.,"Título sugere revisão sobre diferenças socioeconômicas em saúde na Holanda. Sem resumo, não há evidência de vínculo com incapacidade, benefícios, avaliação remota ou gestão de filas.",PENDENTE,,,NAO_INICIADO,,PENDENTE,,,,,,,,
semantic_scholar:d6f10a0a5e9b35df6fb58bbb03e984abbfc17ce7,"Deafness, Disability and Inclusion: The Gap between Rhetoric and Practice",Mary Brennan,2003,,10.2304/pfie.2003.1.4.5,https://www.semanticscholar.org/paper/d6f10a0a5e9b35df6fb58bbb03e984abbfc17ce7,https://journals.sagepub.com/doi/pdf/10.2304/pfie.2003.1.4.5,,semantic_scholar,semantic_scholar:equidade_qualidade_controle:equidade_qualidade_controle_1,0.0,CONCLUIDA,0.0,INCERTO_METADADOS,66.0,"Equidade territorial, qualidade e controle",Título sugere discussão geral sobre deficiência e inclusão.,Metadados insuficientes e ausência de relação explícita com avaliação médico-pericial ou benefícios.,Sem resumo e periódico; o título é amplo e não permite inferir aderência ao escopo da revisão.,PENDENTE,,,NAO_INICIADO,,PENDENTE,,,,,,,,
semantic_scholar:41512a13fbe9ae9c941b01dfcd5b542b562d9ebb,Assessment OF Quality OF Life After Cardiac Surgery in Children Using Modern Rehabilitation Tools,Kasimova Nodirabegim Adizjonovna,2025,,,https://www.semanticscholar.org/paper/41512a13fbe9ae9c941b01dfcd5b542b562d9ebb,,,semantic_scholar,semantic_scholar:telepericia_avaliacao_remota:telepericia_avaliacao_remota_2,0.0,CONCLUIDA,0.0,INCERTO_METADADOS,63.0,Teleperícia e avaliação remota,,Registro sem resumo ou metadados suficientes para triagem humana confiável.,"O título sugere avaliação de qualidade de vida após cirurgia cardíaca pediátrica com ferramentas de reabilitação, mas não há resumo e não se identifica relação clara com perícia ou benefícios. Metadados insuficientes para confirmação.",PENDENTE,,,NAO_INICIADO,,PENDENTE,,,,,,,,
openalex:https://openalex.org/W2105398083,Modernising medical careers,Ed Neville,2003,Clinical Medicine,10.7861/clinmedicine.3-6-529,https://doi.org/10.7861/clinmedicine.3-6-529,https://www.rcpjournals.org/content/clinmedicine/3/6/529.full.pdf,,openalex,openalex:equidade_qualidade_controle:equidade_qualidade_controle_3,0.0,CONCLUIDA,0.0,INCERTO_METADADOS,60.0,"Capacidade, filas e alocação de serviços",,"Registros sem título, resumo ou metadados suficientes para triagem humana.","Título amplo sobre modernização de carreiras médicas, possivelmente relacionado a organização profissional, mas sem resumo não é possível avaliar vínculo com perícia, incapacidade ou gestão de demanda.",PENDENTE,,,NAO_INICIADO,,PENDENTE,,,,,,,,
semantic_scholar:9bf4a5689e91b6334dcf7c9b3a6303a0e94b1f20,Study Report from the Pragmatic Assessment of the NuvoAir Clinical Service in the Management of Patients with Chronic Obstructive Pulmonary Disease,E. Harker; J. J. Van Wormer; D. Qiao,2025,medRxiv,10.1101/2025.11.11.25339788,https://www.semanticscholar.org/paper/9bf4a5689e91b6334dcf7c9b3a6303a0e94b1f20,https://www.medrxiv.org/content/medrxiv/early/2025/11/13/2025.11.11.25339788.full.pdf,,semantic_scholar,semantic_scholar:telepericia_avaliacao_remota:telepericia_avaliacao_remota_2,0.0,CONCLUIDA,0.0,INCERTO_METADADOS,60.0,Teleperícia e avaliação remota,,"Registro sem resumo suficiente; título indica manejo clínico de DPOC, aparentemente assistencial.","Sem resumo, o título aponta para avaliação pragmática de serviço clínico em DPOC. Aparenta ser telemonitoramento/gestão clínica, não avaliação pericial, mas os metadados são insuficientes para certeza plena.",PENDENTE,,,NAO_INICIADO,,PENDENTE,,,,,,,,
semantic_scholar:65ffab8a04232efb84b4134453b2eb122322b6f6,Working with families,Karen Argent and; M. Cronin,2017,,10.4324/9781315511696-5,https://www.semanticscholar.org/paper/65ffab8a04232efb84b4134453b2eb122322b6f6,,,semantic_scholar,semantic_scholar:analise_documental_elegibilidade:analise_documental_elegibilidade_3,0.0,CONCLUIDA,0.0,INCERTO_METADADOS,40.0,"Equidade territorial, qualidade e controle",,"Registros sem título, resumo ou metadados suficientes para triagem humana.",Título genérico e ausência de resumo/periódico impedem avaliar pertinência. Não há elementos suficientes para relacionar ao tema da revisão.,PENDENTE,,,NAO_INICIADO,,PENDENTE,,,,,,,,
semantic_scholar:05fdbe8564e8ecd48768a465890e7c4c70c9100f,"836: Developing a Cooperative Communication System for Safe, Effective, and Efficient Patient Care",C. Nemeth; S. Anders; Jeffrey Brown; Anna Grome; B. Crandall; Elizabeth Mann-Salinas; Jeremy C. Pamplin,2014,,10.1097/01.ccm.0000458333.04655.1b,https://www.semanticscholar.org/paper/05fdbe8564e8ecd48768a465890e7c4c70c9100f,,,semantic_scholar,semantic_scholar:analise_documental_elegibilidade:analise_documental_elegibilidade_3,0.0,CONCLUIDA,0.0,INCERTO_METADADOS,38.0,"Capacidade, filas e alocação de serviços",,"Registros sem título, resumo ou metadados suficientes para triagem humana.","Título sugere sistema cooperativo de comunicação para cuidado do paciente, mas sem resumo e sem periódico não é possível verificar relação com avaliação pericial, incapacidade ou gestão de fluxos de benefícios.",PENDENTE,,,NAO_INICIADO,,PENDENTE,,,,,,,,
crossref:10.3403/30374498u,Provision of services,,,,10.3403/30374498u,https://doi.org/10.3403/30374498u,,,crossref,crossref:capacidade_filas_alocacao:capacidade_filas_alocacao_2,0.0,CONCLUIDA,0.0,INCERTO_METADADOS,20.0,"Capacidade, filas e alocação de serviços",Metadados não permitem verificar aderência.,"Registro sem resumo, periódico e ano; metadados insuficientes para triagem humana confiável.","Título genérico ('Provision of services') sem qualquer informação contextual sobre incapacidade, perícia, teleavaliação ou gestão de filas.",PENDENTE,,,NAO_INICIADO,,PENDENTE,,,,,,,,
crossref:10.3403/30374498,Provision of services,,,,10.3403/30374498,https://doi.org/10.3403/30374498,,,crossref,crossref:capacidade_filas_alocacao:capacidade_filas_alocacao_2,0.0,CONCLUIDA,0.0,INCERTO_METADADOS,20.0,"Capacidade, filas e alocação de serviços",Metadados não permitem verificar aderência.,"Registro sem resumo, periódico e ano; metadados insuficientes para triagem humana confiável.",Título genérico ('Provision of services') sem elementos que permitam associar o registro ao tema de benefícios por incapacidade ou avaliação médico-pericial.,PENDENTE,,,NAO_INICIADO,,PENDENTE,,,,,,,,
core:160926681,A SISTEMÁTICA DO ATESTMED NA CONCESSÃO DO ATESTADO POR INCAPACIDADE E SEU IMPACTO NOS GRANDES NÚMEROS DA PREVIDÊNCIA SOCIAL,"SOARES, Ana Clara Araújo; NININ, Alessandra Cardoso da Silva; LIMA, Diana Vaz de",2024-10-31T00:00:00+00:00,,10.21902/rbp.v15i1.7272,https://core.ac.uk/download/622348010.pdf,https://core.ac.uk/download/622348010.pdf,"Este estudo teve como objetivo analisar a sistemática da perícia médica através da análise documental (Atestmed) na concessão do atestado por incapacidade temporária pelo Instituto Nacional do Seguro Social (INSS), e seu impacto nos grandes números da previdência social do Brasil após as alterações introduzidas pela EC nº 103/2019 e a implantação desta ferramenta em 2023. Para tanto, foi efetuada uma análise documental e normativa e analisados os grandes números do Portal da Transparência Previdenciário do Ministério da Previdência Social, envolvendo a sistemática de concessão do benefício por incapacidade temporária antes e depois do Atestmed. Os achados da pesquisa mostram que a implantação da nova ferramenta agilizou os requerimentos – via documental e reduziu em mais de 25% os pedidos de perícia médica presencial. Em 2023, mais de 1,6 milhão de pedidos chegaram ao INSS via Atestmed, com mais de 800 mil solicitações atendidas, mostrando que a ferramenta vem cumprindo o seu propósito. Como resultado da implantação do Atestmed, houve a diminuição do tempo de espera na concessão do benefício por incapacidade temporária pelo INSS, que passou de 71 dias no segundo semestre de 2023 para 43 dias em 2024, favorecendo o segurado e mitigando a sobrecarga da máquina pública em manter uma estrutura de atendimento.Palavras-chave: Atestmed; Atestado de Incapacidade Temporária; INSS; Previdência Social; Seguro Social.ABSTRACT: This study aimed to analyze the systematics of medical expertise through documentary analysis (Atestmed) in the granting of temporary disability certificates by the National Institute of Social Security (INSS), and its impact on the large numbers of social security in Brazil after the changes introduced by EC nº 103/2019 and the implementation of this tool in 2023. To this end, a documentary and normative analysis was carried out and the large numbers of the Social Security Transparency Portal of the Ministry of Social Security were analyzed, involving the systematics of granting the temporary disability benefit before and after Atestmed. The research findings show that the implementation of the new tool streamlined requests – via documentary analysis and reduced requests for in-person medical expertise by more than 25%. In 2023, more than 1.6 million requests arrived at INSS via Atestmed, with more than 800 thousand requests answered, showing that the tool has been fulfilling its purpose. As a result of the implementation of Atestmed, there was a reduction in the waiting time for the granting of temporary disability benefits by the INSS, which went from 71 days in the second half of 2023 to 43 days in 2024, benefiting the insured and mitigating the overload of the public sector in maintaining a service structure.Keywords: Atestmed; Temporary Disability Certificate; INSS; Social Security; Social Security",core,core:analise_documental_elegibilidade:analise_documental_elegibilidade_2,1.0,NAO_AVALIADA_LIMITE,,INCERTO_METADADOS,,,,,Registro preservado para revisão humana: excede o limite configurado de pré-triagem por IA.,PENDENTE,,,NAO_INICIADO,,PENDENTE,,,,,,,,
pubmed:26740991,,Debas HT; Donkor P; Gawande A; Jamison DT; Kruk ME; Mock CN,2015,,10.1596/978-1-4648-0346-8,https://pubmed.ncbi.nlm.nih.gov/26740991/,http://hdl.handle.net/10986/21568,,pubmed,pubmed:capacidade_filas_alocacao:capacidade_filas_alocacao_3,0.0,NAO_AVALIADA_LIMITE,,INCERTO_METADADOS,,,,,Registro preservado para revisão humana: excede o limite configurado de pré-triagem por IA.,PENDENTE,,,NAO_INICIADO,,PENDENTE,,,,,,,,
core:4707358,"""Can you see what I am saying?"": An action-research, mixed methods evaluation of telepsychology in rural Western Australia","Richardson, Lisa",2011-01-01T00:00:00+00:00,,,https://core.ac.uk/download/11237512.pdf,https://core.ac.uk/download/11237512.pdf,"Rural communities have been recognised as uniquely challenging environments for mental health care delivery. Telepsychology, or clinical psychology services delivered via videoconferencing, may be one response to overcoming the obstacles of regional and remote health care delivery. However, despite telepsychology’s widespread appeal and existing infrastructure, few services appear to provide telepsychology as a routine service component for psychotherapeutic exchanges. The thesis’ primary research goal was to explore and explain the disconnect between research and practice in this field. Five major research questions were raised: 1) Is telepsychology effective?; 2) How do you effectively research a complex health interaction like telepsychology?; 3) How do you make telepsychology research clinically meaningful and user friendly for practitioners?; 4) If telepsychology is so good, why don't clinicians use it more?; 5) When they do use telepsychology, how does it change the clinician's usual practice or the client's behaviour? To answer these questions a non-traditional, mixed method approach was chosen in preference to a more traditional, experimental, or mono-method, quantitative one, because it includes a focus on micro-processes which may reveal the causes or maintaining factors in the disconnect between research and practice. This thesis also uniquely draws together data from multiple clinically relevant sources: the research and clinical literature; expert telepsychology clinicians; mental health clients in rural locations; and a practitioner-researcher who has expertise as a clinician in the field of rural mental health. Taken together, this rich dataset illuminates the potential for psychotherapy by video in rural and remote Australia and provides a conceptual, clinical and practical framework for fulfilling this potential. It makes explicit the challenges and gaps in knowledge about telepsychology but also, unexpectedly, through micro-analysis of the telepsychology process, illuminates the fundamental active ingredients of the psychotherapeutic process more broadly. The component studies of this thesis fill several research gaps by 1) comprehensively synthesising the available knowledge of tele-mental health via videoconferencing as a whole, clarifying what is known, and what remains unknown, about telepsychology; 2) providing a mixed methods approach to evaluating the human dimensions of implementation of a clinical telepsychology service (indeed any psychotherapeutic service) under naturalistic conditions; 3) identifying the unique conditions or phenomena in telepsychology interactions that influence both therapeutic process and outcome, at the largest (across-subjects data) and smallest (the communication dyad) units of analysis; 4) implementing and evaluating a trial of telepsychology in a depressed community sample; and 5) triangulating the findings into meaningful, clinical practice based recommendations and conclusions. This thesis is the first research to apply a mixed-method, integrative, sequentially-triangulated research design to an investigation of telepsychology. Despite the implicit complexity of telepsychology as a healthcare system, the current research contributes in an original way by describing whole-field methodological trends, providing a comprehensive integrative review of findings, and evaluating an applied implementation of the findings, from a unique researcher-participant perspective. This contribution is of pragmatic and intellectual value to the field, and offers a unique review of the practices and specific changes to therapeutic techniques and approaches from expert consumers of telepsychology",core,core:telepericia_avaliacao_remota:telepericia_avaliacao_remota_2,0.0,NAO_AVALIADA_LIMITE,,INCERTO_METADADOS,,,,,Registro preservado para revisão humana: excede o limite configurado de pré-triagem por IA.,PENDENTE,,,NAO_INICIADO,,PENDENTE,,,,,,,,
pubmed:11658546,"""Doctors' Dilemmas.",Taylor PJ; Jerram T; Forsythe M,1985,British medical journal (Clinical research ed.),,https://pubmed.ncbi.nlm.nih.gov/11658546/,,,pubmed,pubmed:capacidade_filas_alocacao:capacidade_filas_alocacao_3,0.0,NAO_AVALIADA_LIMITE,,INCERTO_METADADOS,,,,,Registro preservado para revisão humana: excede o limite configurado de pré-triagem por IA.,PENDENTE,,,NAO_INICIADO,,PENDENTE,,,,,,,,
pubmed:39774815,"""Fear of the unknown"": Health, disability, and stakeholder perspectives on the behavioral and social drivers of vaccination in children with disability in Fiji.",Power R; Vakaloloma U; Jahan I; Perera S; Tuibeqa I; Devi R; Volavola L; May W; Wilson D; Tuimabu L; Khandaker G; Sheel M; Australian Immunisation and Disability Investigators,2025,PLOS global public health,10.1371/journal.pgph.0004132,https://pubmed.ncbi.nlm.nih.gov/39774815/,https://core.ac.uk/download/648352370.pdf,"Vaccinating children with disability in low- and middle-income countries, such as Fiji, is a key priority for equity. This study aimed to understand the social and behavioral drivers of vaccine uptake among children with disability in Fiji, from the perspectives of health, disability, and community stakeholders. Five qualitative focus groups were conducted with 22 stakeholders, including healthcare workers, disability service providers and advocates, and community and faith leaders (female n = 17, 77%). Data were collected and analyzed using reflexive thematic analysis and applied the World Health Organization's Behavioral and Social Drivers of Vaccination framework. Numerous drivers were reported to impact vaccination for children with disability. These included (1) Thinking and feeling: lack of reliable information about vaccine benefits and safety for children with disability; (2) Social processes: disability stigma and discrimination impacted families of children with disability engaging with healthcare services; lack of tailored vaccination communication and engagement strategies; and, need for improved disability and health service collaboration; (3) Motivation: lack of awareness and support for parents of children with disability to have their children vaccinated, and religious beliefs negatively impacted motivation; (4) Practical issues: long waiting times and lack of suitable waiting areas for children with disability; financial and time barriers; and, lack of healthcare worker knowledge and confidence in providing vaccines to children with disability, impacted patient-provider trust. The findings from this study can inform strategic actions to overcome barriers to vaccination for children with disability, including strengthening existing vaccination programs, promoting greater equity in vaccination for children with disability in Fiji. This will reduce the burden of vaccine-preventable diseases in this priority group",core; pubmed,core:capacidade_filas_alocacao:capacidade_filas_alocacao_1; pubmed:capacidade_filas_alocacao:capacidade_filas_alocacao_1,0.0,NAO_AVALIADA_LIMITE,,INCERTO_METADADOS,,,,,Registro preservado para revisão humana: excede o limite configurado de pré-triagem por IA.,PENDENTE,,,NAO_INICIADO,,PENDENTE,,,,,,,,
europe_pmc:42328091,"""Treat us Like Human Beings"": Messages and Recommendations to U.S. Policymakers and Veterans Health Administration Providers from a Qualitative Inquiry Into the Health Experiences of Gulf War Veterans With Gulf War Illness.","Montague KA, Lafferty M, Graham M, Nugent SM.",2026,,10.1177/23743735261461919,https://doi.org/10.1177/23743735261461919,https://europepmc.org/articles/PMC13276235?pdf=render,"Gulf War Illness (GWI) affects many U.S. Veterans of the 1990-1991 Persian Gulf War (GWVs), yet recognition of the condition and effective treatments remain limited. GWVs with GWI describe feeling dismissed by institutions tasked with their benefits and healthcare, fueling mistrust and disengagement. This qualitative study explored the messages GWVs with GWI wished to convey to the Department of Veterans Affairs (VA) providers and U.S. policymakers. We conducted semi-structured interviews (2019-2022) with a national sample of 39 GWVs with GWI. Veterans emphasized persistent challenges in transitioning to VA care, navigating complex disability claims, and obtaining recognition of GWI as a chronic, service-connected illness. Participants perceived inequities in recognition, benefits, and other support compared to other service eras, and mistrust in compensation and pension processes. Finally, central to these GWI narratives was a desire to be heard, acknowledged, and validated. These findings underscore the importance of Veteran-informed policies, provider education, and empathetic and cooperative dialogue in restoring trust and improving care for GWI.",europe_pmc,europe_pmc:capacidade_filas_alocacao:capacidade_filas_alocacao_1,0.0,NAO_AVALIADA_LIMITE,,INCERTO_METADADOS,,,,,Registro preservado para revisão humana: excede o limite configurado de pré-triagem por IA.,PENDENTE,,,NAO_INICIADO,,PENDENTE,,,,,,,,
europe_pmc:42117663,"""Voluntary"" but Pressured: Informal Coercion Mechanisms in Inpatient Psychiatry and a Nursing-Led Safeguard Package.",Grant E.,2026,,10.1177/15271544261444727,https://doi.org/10.1177/15271544261444727,,"Legally voluntary psychiatric inpatients can nonetheless experience informal coercion-pressure, leverage, or implied threats without a formal legal order-yet nursing standards and facility oversight often leave it unmeasured and unmanaged. This article synthesizes evidence on coercion mechanisms in inpatient mental health care, links them to patient outcomes, and proposes implementable safeguards. Six mechanism families commonly operate: discharge/placement leverage (delaying discharge or preferred placement unless patients comply); the ""legal shadow"" (invoking possible involuntary conversion); conditional privileges (phones, visitors, leave, or activities tied to participation); external contingencies (housing, custody, benefits, probation, or immigration consequences linked to hospital recommendations); procedural and documentation pressure (coercive language in plans, notes, or summaries); and interpersonal persuasion that crosses into relational coercion. Across perceived-coercion measurement studies, qualitative accounts, and therapeutic-alliance research, these mechanisms are associated with reduced trust, weaker alliance, trauma symptoms, disengagement, complaints, and higher risk of readmission or adverse events. Nurses are pivotal in privilege decisions, care planning, discharge preparation, and documentation, but often lack clear guidance for reducing coercion while maintaining safety. Policy options evaluated include routine coercion audits, patient advisory review, limits on privilege-conditionality, mandatory documentation review, and targeted training. A recommended package combines brief patient-reported coercion measures, simulation-based nursing education with competency assessment, explicit limits on privilege-based leverage, and independent documentation audits. Implementation requires alignment across hospital governance, state regulators, and professional organizations. Accountability metrics include quarterly coercion scores, privilege-policy adherence, audit findings, competency certification rates, complaint and seclusion trends, and voluntary-to-involuntary conversion ratios. Limitations include observational evidence, legal heterogeneity, and resource constraints.",europe_pmc,europe_pmc:equidade_qualidade_controle:equidade_qualidade_controle_3,0.0,NAO_AVALIADA_LIMITE,,INCERTO_METADADOS,,,,,Registro preservado para revisão humana: excede o limite configurado de pré-triagem por IA.,PENDENTE,,,NAO_INICIADO,,PENDENTE,,,,,,,,
core:2720744,"""Waiting for the other shoe to drop"": waiting for health care and duration of sick leave","Granlund, David; Andrén, Daniela",,,,https://core.ac.uk/download/6656880.pdf,https://core.ac.uk/download/6656880.pdf,"This paper uses a labor supply model that incorporates waiting for health care to derive an empirical specification for sick leave and to estimate the impact of waiting for health care on the duration of sick leave. In the estimations, we use the 2002 sample of the RFV-LS register database, supplemented with information from questionnaires. The results indicate that almost all waiting for health care variables have a statistically significant positive impact on the duration of sick leave, and did not induce substantial changes on the impact of traditional variables of the labor supply model.sick leave; waiting list",core,core:beneficios_incapacidade_avaliacao_medico_pericial:beneficios_incapacidade_avaliacao_medico_pericial_3,0.0,NAO_AVALIADA_LIMITE,,INCERTO_METADADOS,,,,,Registro preservado para revisão humana: excede o limite configurado de pré-triagem por IA.,PENDENTE,,,NAO_INICIADO,,PENDENTE,,,,,,,,
pubmed:38422563,'Evaluation of testamentary capacity: A systematic review'.,Aravind H; Taylor M; Gill N,2024,International journal of law and psychiatry,10.1016/j.ijlp.2024.101969,https://pubmed.ncbi.nlm.nih.gov/38422563/,https://doi.org/10.1016/j.ijlp.2024.101969,,pubmed,pubmed:capacidade_filas_alocacao:capacidade_filas_alocacao_2,0.0,NAO_AVALIADA_LIMITE,,INCERTO_METADADOS,,,,,Registro preservado para revisão humana: excede o limite configurado de pré-triagem por IA.,PENDENTE,,,NAO_INICIADO,,PENDENTE,,,,,,,,
core:12814051,"2009 State of Iowa Employee Benefits Handbook, October 2008",,2008,,,https://core.ac.uk/download/11350083.pdf,https://core.ac.uk/download/11350083.pdf,Examples of the information available include: • Links to health and dental plans • Health plan comparisons • Health and Dependent Care Flexible Spending Account information • Deferred Compensation information • Life and Long Term Disability insurance information • Link to Employee Assistance Program (EAP) Web site • Link to Employee Discount Program • Link to Wellness Web site which includes information about - Smoking Cessation Program - Prescription Drug information - Wellness activitie,core,core:analise_documental_elegibilidade:analise_documental_elegibilidade_2,0.0,NAO_AVALIADA_LIMITE,,INCERTO_METADADOS,,,,,Registro preservado para revisão humana: excede o limite configurado de pré-triagem por IA.,PENDENTE,,,NAO_INICIADO,,PENDENTE,,,,,,,,
europe_pmc:PMC12777019,258 Association of family and community connectedness with childhood violence in Uganda‘s refugee settings,,2025,,,,https://www.ncbi.nlm.nih.gov/pmc/articles/PMC12777019/pdf/?tool=EBI,,europe_pmc,europe_pmc:analise_documental_elegibilidade:analise_documental_elegibilidade_1,0.0,NAO_AVALIADA_LIMITE,,INCERTO_METADADOS,,,,,Registro preservado para revisão humana: excede o limite configurado de pré-triagem por IA.,PENDENTE,,,NAO_INICIADO,,PENDENTE,,,,,,,,
europe_pmc:PMC13173050,266 Stakeholder-engaged adaptation of a dementia caregiving intervention for families of aging adults with Down syndrome,"Bodde A, Ptomey L, Vidoni E, Teri L, Pelter M, Sherman J.",,,,,https://www.ncbi.nlm.nih.gov/pmc/articles/PMC13173050/pdf/?tool=EBI,,europe_pmc,europe_pmc:telepericia_avaliacao_remota:telepericia_avaliacao_remota_1,0.0,NAO_AVALIADA_LIMITE,,INCERTO_METADADOS,,,,,Registro preservado para revisão humana: excede o limite configurado de pré-triagem por IA.,PENDENTE,,,NAO_INICIADO,,PENDENTE,,,,,,,,
europe_pmc:PMC12777137,279 Mental health trajectories and family functioning among Syrian refugees in Switzerland: a five-year longitudinal study,,2025,,,,https://www.ncbi.nlm.nih.gov/pmc/articles/PMC12777137/pdf/?tool=EBI,,europe_pmc,europe_pmc:analise_documental_elegibilidade:analise_documental_elegibilidade_1,0.0,NAO_AVALIADA_LIMITE,,INCERTO_METADADOS,,,,,Registro preservado para revisão humana: excede o limite configurado de pré-triagem por IA.,PENDENTE,,,NAO_INICIADO,,PENDENTE,,,,,,,,
europe_pmc:PMC12776732,420 Empowering refugee female healthcare workers: a community-driven approach to advancing equity and inclusion,,2025,,,,https://www.ncbi.nlm.nih.gov/pmc/articles/PMC12776732/pdf/?tool=EBI,,europe_pmc,europe_pmc:analise_documental_elegibilidade:analise_documental_elegibilidade_1,0.0,NAO_AVALIADA_LIMITE,,INCERTO_METADADOS,,,,,Registro preservado para revisão humana: excede o limite configurado de pré-triagem por IA.,PENDENTE,,,NAO_INICIADO,,PENDENTE,,,,,,,,
europe_pmc:41991739,[Expert assessment of blindness].,Rohrschneider K.,2026,,10.1007/s00347-026-02426-8,https://doi.org/10.1007/s00347-026-02426-8,,"The determination of blindness is a secondary aspect usually performed by ophthalmologists at the request of visually impaired patients during medical treatment. It is essential to understand that proving blindness requires an examination conducted under expert conditions; it cannot be based solely on records gathered during a routine doctor-patient consultation. Important are a visual acuity test according to DIN 58220 and manual kinetic perimetry using a Goldmann perimeter or other approved devices. Functional deficits must be morphologically explainable and objectively verifiable based on the diagnosis and other objective examination findings. Due to the potentially high costs associated with blindness and in claims from social law, stringent standards must be applied to its determination; blindness must be established with near certainty.",europe_pmc,europe_pmc:beneficios_incapacidade_avaliacao_medico_pericial:beneficios_incapacidade_avaliacao_medico_pericial_1,0.0,NAO_AVALIADA_LIMITE,,INCERTO_METADADOS,,,,,Registro preservado para revisão humana: excede o limite configurado de pré-triagem por IA.,PENDENTE,,,NAO_INICIADO,,PENDENTE,,,,,,,,
pubmed:36377453,[Exploration and practice of building tele-critical care system].,Wei G; Yuan Z; Jing Y; Zhou W; Wang F; Liu Y; Yao B; Xing J,2022,Zhonghua wei zhong bing ji jiu yi xue,10.3760/cma.j.cn121430-20220310-00233,https://pubmed.ncbi.nlm.nih.gov/36377453/,,,pubmed,pubmed:telepericia_avaliacao_remota:telepericia_avaliacao_remota_3,0.0,NAO_AVALIADA_LIMITE,,INCERTO_METADADOS,,,,,Registro preservado para revisão humana: excede o limite configurado de pré-triagem por IA.,PENDENTE,,,NAO_INICIADO,,PENDENTE,,,,,,,,
europe_pmc:41448937,[Life Cycle Risk Analysis and Key Technical Points of Quality Management System Certification for Digital Surgical Suction System].,Su J.,2025,,10.12455/j.issn.1671-7104.250181,https://doi.org/10.12455/j.issn.1671-7104.250181,,"The digital surgical suction system integrates Intelligent digital technologies, features rapid iterations, and has complex components and high control accuracy requirements, which puts forward higher requirements for product quality control and medical device quality management system certification. This study puts forward the key points for quality management system certification in manufacturing of such products through the analysis of the technical characteristics and product life cycle risk of digital surgical suction system, combined with the requirements of ISO 13485:2016 medical device quality management system for regulations. It has certain reference significance for the quality management of enterprises and the medical device quality management system audit of certification bodies.",europe_pmc,europe_pmc:equidade_qualidade_controle:equidade_qualidade_controle_3,0.0,NAO_AVALIADA_LIMITE,,INCERTO_METADADOS,,,,,Registro preservado para revisão humana: excede o limite configurado de pré-triagem por IA.,PENDENTE,,,NAO_INICIADO,,PENDENTE,,,,,,,,
pubmed:34913992,[Smartphone-based fundus imaging: applications and adapters].,Jansen LG; Schultz T; Holz FG; Finger RP; Wintergerst MWM,2022,Der Ophthalmologe : Zeitschrift der Deutschen Ophthalmologischen Gesellschaft,10.1007/s00347-021-01536-9,https://pubmed.ncbi.nlm.nih.gov/34913992/,,,pubmed,pubmed:telepericia_avaliacao_remota:telepericia_avaliacao_remota_3,0.0,NAO_AVALIADA_LIMITE,,INCERTO_METADADOS,,,,,Registro preservado para revisão humana: excede o limite configurado de pré-triagem por IA.,PENDENTE,,,NAO_INICIADO,,PENDENTE,,,,,,,,
pubmed:39026002,[Socio-medical assessment: an inventory of the Medical Service of the Federal Employment Agency].,Franke AG; Manz K; Lotz-Metz G,2024,"Bundesgesundheitsblatt, Gesundheitsforschung, Gesundheitsschutz",10.1007/s00103-024-03932-3,https://pubmed.ncbi.nlm.nih.gov/39026002/,,,pubmed,pubmed:capacidade_filas_alocacao:capacidade_filas_alocacao_2,0.0,NAO_AVALIADA_LIMITE,,INCERTO_METADADOS,,,,,Registro preservado para revisão humana: excede o limite configurado de pré-triagem por IA.,PENDENTE,,,NAO_INICIADO,,PENDENTE,,,,,,,,
core:13999813,A avaliação da deficiência na trajetória do benefício de prestação continuada,"Nogueira, Camila Lima",2020-07-31T01:00:00+01:00,,,https://core.ac.uk/download/372984850.pdf,https://core.ac.uk/download/372984850.pdf,"Dissertação (mestrado)—Universidade de Brasília, Instituto de Ciências Humanas, Departamento de Serviço Social, Programa de Pós-Graduação em Política Social, 2020.Este estudo tem por objetivo analisar a trajetória da avaliação da deficiência no BPC, desde o ano de 1996, ano de implementação, até o ano de 2019 com a finalidade de compreender em que medida essa avaliação amplia ou não o acesso ao direito, assim como a justiça social. É um estudo de abordagem qualitativa, que tem como método a Análise de Política Pública a partir dos marcos conceituais de proteção social e do modelo social de deficiência. A análise de conteúdo foi a tipologia da Análise de Política Pública escolhida para determinar o surgimento, a implementação e os resultados referentes à avaliação da deficiência no BPC. O trabalho de campo se deu por meio da análise documental e bibliográfica a partir de legislações referentes ao benefício, de documentos institucionais, governamentais e voltados para os movimentos das pessoas com deficiência e de estudos relativos à área da deficiência e do BPC, desencadeando um conjuntos de dados divididos em 3 instrumentos de avaliação para fins de análise: o Laudo multiprofissional, o Acróstico Avaliemos e a Avaliação médica e social. Os resultados encontrados sugerem uma constante evolução do conceito de deficiência a nível mundial e nacional que refletiu diretamente na formulação de instrumentos de classificação e valoração da deficiência e, consequentemente no processo de avaliação da deficiência para fins de concessão do BPC. O estudo permitiu concluir que, apesar das contradições inerentes à trajetória do BPC, os avanços no conceito da deficiência vêm permitindo a ampliação dos direitos das pessoas com deficiência e da proteção social daquelas mais necessitadas, no entanto reforçam a necessidade de reafirmar cada vez mais o modelo social de deficiência.This study aims to analyze the trajectory of disability assessment at BPC, from 1996, the year of implementation, until 2019 in order to understand to what extent this assessment expands or not access to the law, as well as social justice. It is a study with a qualitative approach, whose method is the Analysis of Public Policy from the conceptual frameworks for social protection and the social model of disability. Content analysis was the typology of the Public Policy Analysis chosen to determine the appearance, implementation and results related to the assessment of disability in the BPC. The fieldwork took place by means of documentary and bibliographic analysis based on legislation regarding the benefit, institutional, governmental documents and geared to the movements of people with disabilities and studies related to the area of disability and BPC, triggering a series of data divided into 3 assessment instruments for analysis purposes: the Multiprofessional Report, the Acrostic Evaluate and the Medical and Social Assessment. The results found suggest a constant evolution of the concept of disability worldwide and nationally, which directly reflected in the formulation of disability classification and valuation instruments and, consequently, in the disability assessment process for the purpose of granting BPC. The study allowed to conclude that, despite the contradictions inherent to the BPC's trajectory, the advances in the concept of disability have allowed the expansion of the rights of people with disabilities and the social protection of those most in need, however they reinforce the need to reaffirm more and more the social disability model",core,core:analise_documental_elegibilidade:analise_documental_elegibilidade_1,0.0,NAO_AVALIADA_LIMITE,,INCERTO_METADADOS,,,,,Registro preservado para revisão humana: excede o limite configurado de pré-triagem por IA.,PENDENTE,,,NAO_INICIADO,,PENDENTE,,,,,,,,
pubmed:33414639,A Case-Mix System for Children and Youth With Developmental Disabilities.,Stewart SL; Celebre A; Head MJ; James ML; Martin L; Fries BE,2020,Health services insights,10.1177/1178632920977899,https://pubmed.ncbi.nlm.nih.gov/33414639/,https://journals.sagepub.com/doi/pdf/10.1177/1178632920977899,,pubmed,pubmed:capacidade_filas_alocacao:capacidade_filas_alocacao_3,0.0,NAO_AVALIADA_LIMITE,,INCERTO_METADADOS,,,,,Registro preservado para revisão humana: excede o limite configurado de pré-triagem por IA.,PENDENTE,,,NAO_INICIADO,,PENDENTE,,,,,,,,
europe_pmc:41761319,"A critical anthropological evaluation of digital media based interventions for mycetoma in Sudan; the case of ""Hope for a Devastating Neglected Disease"" documentary film.","El Nour OAZN, Nahar P, Semrau M, Zaman S.",2026,,10.1186/s12939-026-02788-0,https://doi.org/10.1186/s12939-026-02788-0,https://europepmc.org/articles/PMC13047781?pdf=render,"Mycetoma, a disfiguring and debilitating neglected tropical disease (NTD), long languished in obscurity. Prior to 2013, limited research, ineffective treatments, and inadequate global recognition plagued the disease. However, a pivotal 2013 meeting in Geneva marked a turning point. Recognizing advocacy as a critical missing link, the Drugs for Neglected Diseases Initiative (DNDi) spearheaded efforts to raise awareness and address knowledge gaps. Scientific symposia, media coverage, and research collaborations, including the DNDi trial, paved the way for mycetoma inclusion in the 2016 WHO NTD list. This recognition spurred further global attention, research, and media engagement. This study delves into the role of digital media interventions in raising awareness and combating mycetoma neglect in Sudan. Employing an anthropological lens, we critically evaluate the production and impact of these interventions, focusing on a short promotional documentary film titled ""Hope for a Devastating Neglected Disease."" produced by DNDi in collaboration with a medical research center in Sudan; Produced in 2015 and made available on the DNDi's official YouTube channel Drugs for Neglected Diseases initiative (DNDi). Through in-depth interviews with Sudanese film-makers and a public audience, we analyze the film's content, visual representation, and perceived effectiveness in addressing social and cultural factors contributing to mycetoma neglect. Our analysis sheds light on the complex interplay between digital media, global health initiatives, and local communities in the fight against NTDs. By critically examining the narratives and power dynamics embedded within these interventions, we contribute to a nuanced understanding of their potential and limitations in addressing public health challenges in the Global South, especially in Sudan. Our study suggests that digital media alone cannot bridge the chasm of global health disparities. Unveiling the neglect requires deeper, culturally sensitive anthropological insights to guide interventions that empower communities and truly advocate for the voiceless.",europe_pmc,europe_pmc:analise_documental_elegibilidade:analise_documental_elegibilidade_1,0.0,NAO_AVALIADA_LIMITE,,INCERTO_METADADOS,,,,,Registro preservado para revisão humana: excede o limite configurado de pré-triagem por IA.,PENDENTE,,,NAO_INICIADO,,PENDENTE,,,,,,,,
europe_pmc:PPR1272264,A district-level model review system to strengthen coverage and quality of Medical Certification of Cause of Death in India: Protocol for a population based feasibility and effectiveness study,"Muralidhar M, Ramamoorthy T, Das P, Vishwakarma MB, Rangamani S.",2026,,10.64898/2026.06.25.26356608,https://doi.org/10.64898/2026.06.25.26356608,,"Abstract Background: The current coverage of MCCD in India is only 22%. This is due to incomplete coverage of hospitals under MCCD and also lack of a system for non-institutional deaths in the country. The quality of MCCD in the country is also poor. One of the main reasons for this is the lack of review and feedback at the district level. This study would be the first of its kind study in the country to test the effectiveness and feasibility of involving the district level CRS/Health dept officials in review of MCCD Objectives: To assess the feasibility and effectiveness of a district level review system for MCCD in improving the coverage and quality of MCCD Methods: The study would be conducted in Chikkaballapura district for a period of 2 years. Local Registrars would do a first level of review of MCCD forms for completeness, use of abbreviations, legibility. They would also ensure that form 4/4A is written for all registered deaths in their area. A MCCD review committee would assess the quality of MCCD forms on a monthly basis and provide feedback to the certifying doctors. Comparison of the pre-test and post-test coverage and quality of MCCD will be done. Results: Constitution of the audit committee, training of local registrars, doctors and committee members and baseline assessment have been completed. Intervention has been started from Nov 2025. Expected Outcomes: Improved coverage and quality of MCCD and as a result cause of death data of the district",europe_pmc,europe_pmc:equidade_qualidade_controle:equidade_qualidade_controle_3,0.0,NAO_AVALIADA_LIMITE,,INCERTO_METADADOS,,,,,Registro preservado para revisão humana: excede o limite configurado de pré-triagem por IA.,PENDENTE,,,NAO_INICIADO,,PENDENTE,,,,,,,,
europe_pmc:40360677,A framework to assess clinical safety and hallucination rates of LLMs for medical text summarisation.,"Asgari E, Montaña-Brown N, Dubois M, Khalil S, Balloch J, Yeung JA, Pimenta D.",2025,,10.1038/s41746-025-01670-7,https://doi.org/10.1038/s41746-025-01670-7,https://www.nature.com/articles/s41746-025-01670-7.pdf,"Integrating large language models (LLMs) into healthcare can enhance workflow efficiency and patient care by automating tasks such as summarising consultations. However, the fidelity between LLM outputs and ground truth information is vital to prevent miscommunication that could lead to compromise in patient safety. We propose a framework comprising (1) an error taxonomy for classifying LLM outputs, (2) an experimental structure for iterative comparisons in our LLM document generation pipeline, (3) a clinical safety framework to evaluate the harms of errors, and (4) a graphical user interface, CREOLA, to facilitate these processes. Our clinical error metrics were derived from 18 experimental configurations involving LLMs for clinical note generation, consisting of 12,999 clinician-annotated sentences. We observed a 1.47% hallucination rate and a 3.45% omission rate. By refining prompts and workflows, we successfully reduced major errors below previously reported human note-taking rates, highlighting the framework's potential for safer clinical documentation.",europe_pmc,europe_pmc:analise_documental_elegibilidade:analise_documental_elegibilidade_3,0.0,NAO_AVALIADA_LIMITE,,INCERTO_METADADOS,,,,,Registro preservado para revisão humana: excede o limite configurado de pré-triagem por IA.,PENDENTE,,,NAO_INICIADO,,PENDENTE,,,,,,,,
core:217458,A framework to study learning in a complex learning environment,"Berglund, Anders; Seale, Jane; Seale Jane; Jane Seale",2004-01-01T00:00:00+00:00,"[{'title': None, 'identifiers': []}]",10.1080/0968776042000211539,https://core.ac.uk/download/14165.pdf,https://core.ac.uk/download/14165.pdf,"This paper presents a framework for analysing variations in the ways in which students experience learning in complex, computer-supported environments. It involves an application of phenomenography extended to encompass the content of the learning as well as its context. Concepts from activity theory are drawn upon to enlarge the scope of phenomenography. By applying this framework, researchers, as well as course organisers, may gain insights into how courses are experienced by the participants and can thus develop these in a way that will be perceived as improvement by the course participants. Within this predominantly phenomenographic approach, the focus is upon the content of the learning experience, giving the ability to relate learning outcomes to the experience of the learning environment. Hence, insights can be gained that can help to improve learning environments and thereby outcomes. A case study illustrating the kinds of results than can be obtained when using the framework is provided",core,core:telepericia_avaliacao_remota:telepericia_avaliacao_remota_1,0.0,NAO_AVALIADA_LIMITE,,INCERTO_METADADOS,,,,,Registro preservado para revisão humana: excede o limite configurado de pré-triagem por IA.,PENDENTE,,,NAO_INICIADO,,PENDENTE,,,,,,,,
pubmed:34663491,A high-dose 24-hour tranexamic acid infusion for the treatment of significant gastrointestinal bleeding: HALT-IT RCT.,Roberts I; Shakur-Still H; Afolabi A; Akere A; Arribas M; Austin E; Bal K; Bazeer N; Beaumont D; Brenner A; Carrington L; Chaudhri R; Coats T; Gilmore I; Halligan K; Hussain I; Jairath V; Javaid K; Kayani A; Lisman T; Mansukhani R; Miners A; Mutti M; Nadeem MA; Pollok R; Prowse D; Simmons J; Stanworth S; Veitch A; Williams J,2021,"Health technology assessment (Winchester, England)",10.3310/hta25580,https://pubmed.ncbi.nlm.nih.gov/34663491/,https://njl-admin.nihr.ac.uk/document/download/2037777,,pubmed,pubmed:capacidade_filas_alocacao:capacidade_filas_alocacao_3,0.0,NAO_AVALIADA_LIMITE,,INCERTO_METADADOS,,,,,Registro preservado para revisão humana: excede o limite configurado de pré-triagem por IA.,PENDENTE,,,NAO_INICIADO,,PENDENTE,,,,,,,,
core:127872844,A machine learning solution for bed occupancy issue for smart healthcare sector,"Gochhait, Dr Saikat; Shaheen, Qaisar; MERCADO POLO, DARWIN; Piñeres Espitia, Gabriel Dario; Diaz Martinez, Jorge Luis; De-La-Hoz-Franco, Emiro",2021-01-01T00:00:00+00:00,"[{'title': None, 'identifiers': []}, {'title': None, 'identifiers': []}]",10.3103/s0146411621060043,https://core.ac.uk/download/534436898.pdf,https://core.ac.uk/download/534436898.pdf,"The health care domain is a culmination and emergence of many other economic sectors that give different services from patient treatment to healing, protective, rehabilitation, and palliative care. The GDP consumes to facilitate health in terms of smart device development, clinical examinations, outsourcing, and tele-medication facilities. The Asian countries and less developed countries with a high population rate are facing health care services related issues. One of these countries is India. India has two types of health care services systems: (i) public service system and (ii) private system. The public health system, i.e., the government, provides facilities to patients as primary health centers (PHCs) through limited secondary and tertiary health institutions like hospitals in rural areas while the private service is owned by local practitioners and institutions. Both of these service providers are facing bed occupancy issues for patients due to a highly populated country. To overcome this issue, we propose a machine learning solution for patient admission scheduling autonomously. The proposed framework helps hospitals to enhance the decision process for bed occupancy for patients concerning their departments and their diseases. We have deployed our framework in real time environment and find that it facilitates the overall performance of bed allocation in the prescribed hospitals",core,core:telepericia_avaliacao_remota:telepericia_avaliacao_remota_3,0.0,NAO_AVALIADA_LIMITE,,INCERTO_METADADOS,,,,,Registro preservado para revisão humana: excede o limite configurado de pré-triagem por IA.,PENDENTE,,,NAO_INICIADO,,PENDENTE,,,,,,,,
core:298326377,"A meta-review of literature reviews of disability, travel and inequalities","Mackett, Roger L; Amin, Sewa; Mindell, Jennifer S; Yaffe, Steve",2025,,,https://core.ac.uk/download/631287557.pdf,https://core.ac.uk/download/631287557.pdf,"Introduction: The importance of travel for mental and physical health and the adverse impacts of transport on health are increasingly recognised in policy and practice, but less attention is paid to the effects of disability on the ability to travel. // Methods: We searched the TRID database on June 1, 2023, using abstract keywords ‘disability’ or ‘disabilities’. We used the index term ‘literature reviews’ in 'all publications' from 2019 to 2023 inclusive. We also searched the journal Transport Reviews, finding six reviews, and were informed of two additional reviews. We repeated the search in July 2024, using Google Scholar. Forty-three unique recent reviews examined travellers with physical or cognitive disabilities; 24 met our inclusion criteria and underwent quality appraisal. // Results: Travel behaviour differs between transport users with and without disabilities. Those with disabilities make 10–30% fewer trips. They tend to use different transport modes and travel to nearer destinations but their journeys often take more time, are more complex, and can cost more. Individuals with disabilities are less able to travel both locally and regionally. This reduces independence, increases unemployment, and leads to missed medical appointments. Travel barriers vary with type and severity of disability, socioeconomic status, and transport infrastructure quality. People with disabilities often use familiar routes for comfort. Systemic obstacles include public transport unreliability; long waiting times; maintenance issues (e.g. pavement [sidewalk] maintenance, vehicle accessibility equipment); accessibility and affordability; and poor access to technology and information. Training for people with disabilities and transport staff is beneficial. // Conclusions: The United Nations Convention on the Rights of Persons with Disabilities highlights the importance of transport to help people with disabilities access the same services, goods, and people as other people. Taking a universal design approach benefits everyone. Barriers can be overcome with accessibility policies integral to the transport planning process",core,core:capacidade_filas_alocacao:capacidade_filas_alocacao_1,0.0,NAO_AVALIADA_LIMITE,,INCERTO_METADADOS,,,,,Registro preservado para revisão humana: excede o limite configurado de pré-triagem por IA.,PENDENTE,,,NAO_INICIADO,,PENDENTE,,,,,,,,
europe_pmc:41561713,A Qualitative Study of Medical and Rehabilitation needs of Primary Caregivers of Children with Developmental Disabilities in India: Implications for Health Service Interventions.,"Gokhale C, Kar A.",2025,,10.4103/ijcm.ijcm_529_24,https://doi.org/10.4103/ijcm.ijcm_529_24,https://europepmc.org/articles/PMC12815348?pdf=render,"Children with developmental disabilities require medical care, rehabilitation therapies, and social welfare support. While district early intervention centers offer some services, the private sector remains unorganized. The study aimed to qualitatively assess caregivers' needs, identify gaps in referral linkages, and suggest health systems interventions to assure smooth transition from medical to rehabilitation services. In-depth interviews of 28 caregivers of children with cerebral palsy, intellectual disability and autism spectrum disorder were conducted. Interviews were analyzed from the perspective of health systems interventions, using content analysis. Study revealed three themes. The first theme related to inadequate information at diagnosis including insufficient information about complications among high-risk babies, and inadequate guidance when delayed milestones were observed. The second theme related to interaction with the doctor, highlighting perceived lack of knowledge among doctors about developmental disabilities, ineffective communication, and limited knowledge about rehabilitation services. The third theme was regarding challenges with rehabilitation such as caregivers' inadequate knowledge about therapies benefits and need for coordination between doctors and therapists. Findings indicate the need for strengthening knowledge about early childhood development, the benefits of early intervention, and strengthening referral pathways to assure coordination between available services and continuity of care.",europe_pmc,europe_pmc:analise_documental_elegibilidade:analise_documental_elegibilidade_2,0.0,NAO_AVALIADA_LIMITE,,INCERTO_METADADOS,,,,,Registro preservado para revisão humana: excede o limite configurado de pré-triagem por IA.,PENDENTE,,,NAO_INICIADO,,PENDENTE,,,,,,,,
europe_pmc:41719449,A scoping review of vaccine certificate implementation in Canada and OECD countries during the COVID-19 pandemic: Outcomes and lessons learned.,"Nilormi A, Bensimon CM, Thomas M, Wiles S, Wilson K.",2026,,10.1080/21645515.2026.2622178,https://doi.org/10.1080/21645515.2026.2622178,https://europepmc.org/articles/PMC12928656?pdf=render,"Vaccine certificates were introduced during the COVID-19 pandemic to document vaccination status, promote uptake and enable safer reopening of society. While these policies supported public health efforts, their implementation raised operational, ethical and legal concerns, sparking debate about their future use in health emergencies. We conducted a scoping review to synthesize the implementation processes, challenges and outcomes of vaccine certificate systems in Canada and other OECD countries. An academic search was conducted in August 2024, across Ovid MEDLINE, Embase and Scopus using controlled vocabulary and key words for sources published from 2020 onward. Grey literature was searched using Google and targeted government and organizational websites. Data were synthesized descriptively and analyzed deductively based on three pre-identified themes - public health, technological, and ethical-legal considerations - derived from the UK Royal Society's framework on COVID-19 vaccine certificate design. The search captured 128 sources (72 academic and 56 gray literature), covering all OECD countries except Chile, Colombia, Costa Rica, Mexico and Norway. Identified subthemes included: (1) purpose and trade-offs; (2) public health, socio-economic and health system impacts, (3) technological infrastructure and data security; (4) equity and accessibility; (5) privacy and surveillance; and (6) public acceptance and trust. Vaccine certificates aimed to support public health goals but posed challenges in digital implementation, particularly in creating secure and interoperable systems and raised concerns around equity, discrimination and privacy. Vaccine certificates show promise for future public health use. However, their success will depend on addressing ethical concerns, ensuring interoperability and strengthening digital infrastructure, regulations and public trust.",europe_pmc,europe_pmc:analise_documental_elegibilidade:analise_documental_elegibilidade_2,0.0,NAO_AVALIADA_LIMITE,,INCERTO_METADADOS,,,,,Registro preservado para revisão humana: excede o limite configurado de pré-triagem por IA.,PENDENTE,,,NAO_INICIADO,,PENDENTE,,,,,,,,
pubmed:39382496,A scoping review on the errors in medical certification of the cause of death in India.,Singh P; Khanna D; Sharma P; Vaza Y; Anand A; Budukh AM; Chaturvedi P; Pradhan S,2024,The Indian journal of medical research,10.25259/ijmr_498_23,https://pubmed.ncbi.nlm.nih.gov/39382496/,https://ijmr.org.in/content/175/2024/160/1/pdf/IJMR-160-1-11.pdf,,pubmed,pubmed:equidade_qualidade_controle:equidade_qualidade_controle_3,0.0,NAO_AVALIADA_LIMITE,,INCERTO_METADADOS,,,,,Registro preservado para revisão humana: excede o limite configurado de pré-triagem por IA.,PENDENTE,,,NAO_INICIADO,,PENDENTE,,,,,,,,
europe_pmc:40908261,"A sickness benefit for all, leaving no one behind.","Moon D, Choi H.",2025,,10.35371/aoem.2025.37.e25,https://doi.org/10.35371/aoem.2025.37.e25,https://europepmc.org/articles/PMC12671947?pdf=render,"South Korea's pilot sickness benefit program, launched in 2022 across six regions and currently operating in 14 regions as of 2025, represents a critical juncture in the country's social protection development. While ostensibly designed with inclusive eligibility criteria, the program reveals fundamental paradoxes that illuminate deeper structural inequalities within Korea's dualized labor market. This opinion piece examines how current design choices risk undermining universal health coverage goals by systematically excluding the most precarious workers. The program's design features-including low replacement rates (60% of the minimum wage) and extended waiting periods-created perverse incentives where the most vulnerable workers accepted the least favorable conditions. This pattern exemplifies what Korpi and Palme termed the ""paradox of redistribution,"" where targeted approaches ultimately prove less effective than universal ones, with the second phase's restriction to the bottom 50% income bracket threatening to exacerbate this paradox. Successful implementation will depend on integrating equity, people-centered design, and gender-transformative perspectives into every phase-design, operation, evaluation, and reform. In doing so, South Korea has the opportunity to offer a model of sickness protection that does not simply patch gaps, but actively reshapes the structures that produce health and economic inequalities in the first place.",europe_pmc,europe_pmc:beneficios_incapacidade_avaliacao_medico_pericial:beneficios_incapacidade_avaliacao_medico_pericial_2,0.0,NAO_AVALIADA_LIMITE,,INCERTO_METADADOS,,,,,Registro preservado para revisão humana: excede o limite configurado de pré-triagem por IA.,PENDENTE,,,NAO_INICIADO,,PENDENTE,,,,,,,,
core:19215479,"A snapshot of Indigenous Australian disability in the very remote communities of: Groote Eylandt Archipelago (Angurugu, Umbakumba Milyakburra), Galiwin’ku, Ngukurr (including Urapunga)",Libby Massey,2013,,,https://core.ac.uk/download/30675779.pdf,https://core.ac.uk/download/30675779.pdf,"Executive summary Brief overview of the projectThe objectives of this ‘Disability Audit’ (‘the study’) were to:Provide a comprehensive snapshot of permanent disability in the nominated very remote Indigenous communities. Examine the current capacity of each community to provide informal care, and in the case of MJD, project this into the future. Examine and document current service provision accurately and objectively. Enable both remediation of any current inadequate service provision and the capacity to provide appropriate services into the future. The six (6) very remote communities that were analysed as part of this project were:Angurugu, Groote Eylandt Umbakumba, Groote Eylandt Milyakburra, Bickerton Island Galiwin’ku, Elcho Island Ngukurr, mainland Roper River Urapunga, mainland Roper River/Wilton River.In addition, Darwin, Katherine and Nhulunbuy based service providers also participated in the project in regards to services they provide to people living in the above very remote communities.In total, 90 surveys were conducted with people with a disability and carers across the communities, and 15 surveys were conducted with service providers in the communities and in Darwin, Katherine and Nhulunbuy.The study comprised three phases:1. A ‘desktop audit’ to determine the prevalence and type of disabilities in the selected communities, the demographic profile and current service provision.2. An on the ground verification of the prevalence and type of disability and service provision.a. Engaging and consulting with local community members on: disability prevalence (i.e. number, age, types of disability and projections), the role of informal carers (i.e. number, age and carer tasks / burnout) and experiences with disability service providers (or, why they do not access disability services).b. Surveying key stakeholders including people with disability, informal (unpaid) carers, disability services, health services and social services to determine the number, age, types of disability and projections; types of services provided; any gaps in service delivery; and any barriers to providing services.3. Development of the final report (this report) profiling each of the communities:a. Current needsb. Informal carer networkc. Service provision&nbsp;Authored by Libby Massey, Angela Jane, Nadia Lindop, Ellen Christian",core,core:telepericia_avaliacao_remota:telepericia_avaliacao_remota_1,0.0,NAO_AVALIADA_LIMITE,,INCERTO_METADADOS,,,,,Registro preservado para revisão humana: excede o limite configurado de pré-triagem por IA.,PENDENTE,,,NAO_INICIADO,,PENDENTE,,,,,,,,
europe_pmc:42064904,A study on performance evaluation of surgical departments in tertiary public hospitals based on the fuzzy combination-DEA method.,"Wu S, Chen Y, Wu Y, Wu X.",2026,,10.3389/fpubh.2026.1801363,https://doi.org/10.3389/fpubh.2026.1801363,https://europepmc.org/articles/PMC13124698?pdf=render,"Background Tertiary grade-A public hospitals serve as key concentrations of high-quality medical resources in China. However, the allocation of resources within these hospitals remains a concern, with surgical departments facing particular challenges in both service capacity and operational efficiency, potentially hindering the provision of high-quality care. Therefore, this study aims to explore an appropriate comprehensive evaluation method for assessing the operational efficiency and service capacity of surgical departments in public hospitals, thereby providing a decision-making basis for specialty development. Methods Based on key performance indicators for public hospitals, the service capacity of surgical departments in a tertiary hospital was evaluated using the entropy-weighted TOPSIS method combined with the Rank Sum Ratio (RSR) method through fuzzy integration, while operational efficiency was assessed using Data Envelopment Analysis (DEA). A comprehensive analysis of departmental effectiveness was conducted using the Boston Matrix. Results In terms of medical service capacity evaluation, five ranking results were obtained using the fuzzy integration method. The top three departments were consistently A, B, and C, while the bottom two were consistently R and S. Regarding operational efficiency evaluation, the overall operational efficiency of the 19 surgical departments was 0.835. Nine departments were DEA-efficient, while ten were DEA-inefficient. Comprehensive analysis using the Boston Matrix revealed: Departments A, B, D, and I were high-efficiency, high-capability departments, demonstrating strong medical service capacity and high operational efficiency. Departments G, K, L, P, Q, R, and S were high-efficiency, low-capability departments, exhibiting relatively high operational efficiency but insufficient medical service capacity. Departments C, E, and F were low-efficiency, high-capability departments, with strong medical service capacity but inadequate operational efficiency. Departments H, J, M, N, and O were low-efficiency, low-capability departments, showing both insufficient medical service capacity and low operational efficiency. Conclusion The evaluation results obtained from the entropy-weighted TOPSIS method and the fuzzy combination of the Rank-Sum Ratio (RSR) method demonstrated a high degree of consistency. When combined with DEA-based efficiency assessment, these methods enable a more scientific and precise evaluation of surgical department effectiveness from two distinct dimensions, thereby providing a robust decision-making basis. Surgical departments in the sample hospital should prioritize technological advancement and the optimization of talent structure, shifting the focus of resource allocation from ""incremental expansion"" to ""structural optimization"".",europe_pmc,europe_pmc:capacidade_filas_alocacao:capacidade_filas_alocacao_2,0.0,NAO_AVALIADA_LIMITE,,INCERTO_METADADOS,,,,,Registro preservado para revisão humana: excede o limite configurado de pré-triagem por IA.,PENDENTE,,,NAO_INICIADO,,PENDENTE,,,,,,,,
core:122082584,"A study on the awareness, beliefs, and service utilization among families of children with cerebral palsy in Jalandhar District of Punjab",Raju Sharma; A G K Sinha,2014,"[{'title': None, 'identifiers': []}, {'title': None, 'identifiers': []}, {'title': None, 'identifiers': []}, {'title': None, 'identifiers': []}]",10.4103/2348-3334.138886,https://core.ac.uk/download/153684011.pdf,https://core.ac.uk/download/153684011.pdf,"Introduction: Cerebral palsy (CP) is emerging as one of the main causes of childhood disability in India. Care provided to children with disability largely depends on the awareness, beliefs, and socioeconomic status of the community. This study examines the influence of awareness, beliefs, concerns, and socioeconomic status of the families having children with cerebral palsy in Jalandhar District as one of the cities of state Punjab, Northern India, on the service utilization pattern. Materials and Methods: The study has been approved by BPSAR, Punjabi university, Patiala. Personal interview of 248 families of the children with cerebral palsy using semi structured questionnaire has been the tool for data collection. Results: The awareness of key legislative acts on disability has been nil, though 16.1% parents know about Right to Education (RTE) act and have some knowledge of disability certificate, travelling concession, and benefits and tax rebates available to parents of children with disability. Close to 70% families believe that the condition of the child is so because of the deeds of parents in their previous life and almost an equal number accuse the mother for present condition of her child. Care of child after the demise of parents and the scattered facilities of rehabilitation were the main concerns. Massage has been the most common service utilized by 57.6% followed by physiotherapy (55.6%) and orthoses (38.70%). Speech therapy and special education has been utilized for just 4% of the children belonging to upper and middle classes only and none of the children of any class has received occupational therapy. Conclusion: The awareness level and pattern of service utilization was significantly (P < 0.05) associated with the socio-economical status of family and awareness of rehab services requirements. The findings of the study reinforce that it is essential that concrete steps should be taken to sensitize the community and medical professionals about the needs and methods of rehabilitation of cerebral palsy",core,core:analise_documental_elegibilidade:analise_documental_elegibilidade_2,0.0,NAO_AVALIADA_LIMITE,,INCERTO_METADADOS,,,,,Registro preservado para revisão humana: excede o limite configurado de pré-triagem por IA.,PENDENTE,,,NAO_INICIADO,,PENDENTE,,,,,,,,
core:17541592,"A study to determine the extent and nature of disability inclusion within the curriculum of the Faculty of Humanities, University of Cape Town","Ohanunwa, Chioma",2012-01-01T00:00:00+00:00,,,https://core.ac.uk/download/29057649.pdf,https://core.ac.uk/download/29057649.pdf,"Includes abstract.Includes bibliographical references.This study explored disability inclusion in the curriculum of the Faculty of Humanities, in the University of Cape Town. There is a need for Universities to actively engage in issues of diversity like disability, as reflected in the University of Cape Town Vice Chancellor Strategic Goals. This engagement should not only encourage participation of disabled students, but it should also promote the integration of disability issues into the curriculum to help alleviate barriers to participation, attitudinal barriers especially. While many studies speak to the accommodation of disabled students in higher institutions, this study rather speaks to disability inclusion within the curriculum. This study looked at the extent and nature of the integration of disability in the curriculum of the Faculty of Humanities, University of Cape Town. It is relevant because there are very few studies done on disability inclusion within the curriculum. The study will assist in creating awareness to mainstream disability issues across disciplines. Disability inclusion across disciplines will aid in reduction of stigmatization of disabled people as the barriers to participation experienced by disabled people are erected by a non-disabled majority .This can further inform policy making. The Faculty of Humanities in UCT was of particular interest to me because it is the largest Faculty at UCT with extensive student turnover, houses the School of Education which I believe is key to disability inclusion. This case for me, relates disability marginalization in the curriculum to how disability is also marginalized in the wider society and how disability can be easily perceived to be a medical issue rather than a socio-political issue",core,core:equidade_qualidade_controle:equidade_qualidade_controle_1,0.0,NAO_AVALIADA_LIMITE,,INCERTO_METADADOS,,,,,Registro preservado para revisão humana: excede o limite configurado de pré-triagem por IA.,PENDENTE,,,NAO_INICIADO,,PENDENTE,,,,,,,,
pubmed:25671795,A survey and review of telemedicine license portability.,Rogove HJ; Amoateng B; Binner J; Demaerschalk BM; Sanders RB,2015,Telemedicine journal and e-health : the official journal of the American Telemedicine Association,10.1089/tmj.2014.0116,https://pubmed.ncbi.nlm.nih.gov/25671795/,,,pubmed,pubmed:telepericia_avaliacao_remota:telepericia_avaliacao_remota_3,0.0,NAO_AVALIADA_LIMITE,,INCERTO_METADADOS,,,,,Registro preservado para revisão humana: excede o limite configurado de pré-triagem por IA.,PENDENTE,,,NAO_INICIADO,,PENDENTE,,,,,,,,
pubmed:24033266,A systematic approach to assessing the clinical significance of genetic variants.,Duzkale H; Shen J; McLaughlin H; Alfares A; Kelly MA; Pugh TJ; Funke BH; Rehm HL; Lebo MS,2013,Clinical genetics,10.1111/cge.12257,https://pubmed.ncbi.nlm.nih.gov/24033266/,https://www.ncbi.nlm.nih.gov/pmc/articles/3995020,,pubmed,pubmed:capacidade_filas_alocacao:capacidade_filas_alocacao_2,0.0,NAO_AVALIADA_LIMITE,,INCERTO_METADADOS,,,,,Registro preservado para revisão humana: excede o limite configurado de pré-triagem por IA.,PENDENTE,,,NAO_INICIADO,,PENDENTE,,,,,,,,
